COD. PRODUCTO,AÑO,MES,MES NUMERO,DESCRIPCION,CATEGORIA,UNIDADES VENDIDAS,VALOR,INVENTARIO FINAL
131012,2023,Enero,1,ACETATOS CARTA PAQ X 50,VARIOS,55,675000,1178
113001,2023,Enero,1,BOLSILLO CARNET 60 X 90 MM 175 MIC CAJA X 100,LAMINACION,0,0,0
113005,2023,Enero,1,BOLSILLO CARTA 225MM X 288MM 125 MIC CAJA X 100,LAMINACION,1393,58284200,8466
113006,2023,Enero,1,BOLSILLO CARTA 225MM X 288MM 175 MIC CAJA X 100,LAMINACION,45,2827260,3264
113007,2023,Enero,1,BOLSILLO CARTA 225MM X 288MM 250 MIC CAJA X 50,LAMINACION,591,23700550,504
113002,2023,Enero,1,BOLSILLO CEDULA 70 X 100 MM 175 MIC CAJA X 100,LAMINACION,315,2229150,4833
113008,2023,Enero,1,BOLSILLO OFICIO 225MM X 337MM 125 MIC CAJA X 100,LAMINACION,265,13922250,2554
113003,2023,Enero,1,BOLSILLO TARJETA PROPIEDAD 80 X 110 MM 175 MIC CAJA X 100,LAMINACION,197,1727720,10624
121009,2023,Enero,1,CARATULA CARTA GRAIN PAQ X 50 AZUL,CARATULA,0,0,0
121010,2023,Enero,1,CARATULA CARTA GRAIN PAQ X 50 NEGRO,CARATULA,0,0,0
121034,2023,Enero,1,CARATULA CARTA STRIPE PAQ X 50 AMARILLO,CARATULA,13,160800,1732
121017,2023,Enero,1,CARATULA CARTA STRIPE PAQ X 50 AZUL T-1,CARATULA,33,415400,348
121018,2023,Enero,1,CARATULA CARTA STRIPE PAQ X 50 AZUL T-2,CARATULA,16,201000,3374
121019,2023,Enero,1,CARATULA CARTA STRIPE PAQ X 50 HUMO,CARATULA,46,576200,2709
121020,2023,Enero,1,CARATULA CARTA STRIPE PAQ X 50 LILA,CARATULA,35,428800,1214
121021,2023,Enero,1,CARATULA CARTA STRIPE PAQ X 50 NARANJA,CARATULA,5,67000,1980
121022,2023,Enero,1,CARATULA CARTA STRIPE PAQ X 50 ROJO,CARATULA,34,415400,1961
121023,2023,Enero,1,CARATULA CARTA STRIPE PAQ X 50 TRANSPARENTE,CARATULA,764,9621200,9872
121024,2023,Enero,1,CARATULA CARTA STRIPE PAQ X 50 VERDE T-1,CARATULA,20,247900,2325
121025,2023,Enero,1,CARATULA CARTA STRIPE PAQ X 50 VERDE T-2,CARATULA,19,234500,5219
121032,2023,Enero,1,CARATULA LEGAL STRIPE PAQ X 50 TRANSPARENTE,CARATULA,18,1232000,946
121030,2023,Enero,1,CARATULA OFICIO STRIPE PAQ X 50 TRANSPARENTE,CARATULA,241,3441000,2032
121031,2023,Enero,1,CARATULA OFICIO STRIPE PAQ X 50 VERDE T-2,CARATULA,12,170500,321
122009,2023,Enero,1,CARRETE  2.1   16 MM X 10500 LOOPS BLANCO,ANILLO DOBLE O,3,897750,19
122010,2023,Enero,1,CARRETE  2.1   16 MM X 10500 LOOPS NEGRO,ANILLO DOBLE O,2,614250,35
122011,2023,Enero,1,CARRETE  2.1   16 MM X 10500 LOOPS PLATA,ANILLO DOBLE O,0,0,9
122013,2023,Enero,1,CARRETE  2.1   19 MM X 7000 LOOPS BLANCO,ANILLO DOBLE O,0,0,0
122016,2023,Enero,1,CARRETE  2.1   19 MM X 7000 LOOPS BRONCE,ANILLO DOBLE O,3,1005480,2
122014,2023,Enero,1,CARRETE  2.1   19 MM X 7000 LOOPS NEGRO,ANILLO DOBLE O,0,0,0
122015,2023,Enero,1,CARRETE  2.1   19 MM X 7000 LOOPS PLATA,ANILLO DOBLE O,0,0,20
122017,2023,Enero,1,CARRETE  3.1    8 MM X 60000 LOOPS BLANCO,ANILLO DOBLE O,1,461700,0
122018,2023,Enero,1,CARRETE  3.1    8 MM X 60000 LOOPS NEGRO,ANILLO DOBLE O,7,3221700,24
122019,2023,Enero,1,CARRETE  3.1    8 MM X 60000 LOOPS PLATA,ANILLO DOBLE O,1,558600,21
122020,2023,Enero,1,CARRETE  3.1    9 MM X 43000 LOOPS BLANCO,ANILLO DOBLE O,0,0,1
122021,2023,Enero,1,CARRETE  3.1    9 MM X 43000 LOOPS BRONCE,ANILLO DOBLE O,0,0,39
122022,2023,Enero,1,CARRETE  3.1    9 MM X 43000 LOOPS NEGRO,ANILLO DOBLE O,4,1626300,4
122023,2023,Enero,1,CARRETE  3.1    9 MM X 43000 LOOPS PLATA,ANILLO DOBLE O,0,0,32
122024,2023,Enero,1,CARRETE  3.1   11 MM X 32000 LOOPS BLANCO,ANILLO DOBLE O,0,0,0
122025,2023,Enero,1,CARRETE  3.1   11 MM X 32000 LOOPS NEGRO,ANILLO DOBLE O,1,395010,11
122026,2023,Enero,1,CARRETE  3.1   12 MM X 24000 LOOPS BLANCO,ANILLO DOBLE O,0,0,0
122027,2023,Enero,1,CARRETE  3.1   12 MM X 24000 LOOPS NEGRO,ANILLO DOBLE O,0,0,1
122028,2023,Enero,1,CARRETE  3.1   12 MM X 24000 LOOPS PLATA,ANILLO DOBLE O,0,0,3
122029,2023,Enero,1,CARRETE  3.1   14 MM X 19300 LOOPS BLANCO,ANILLO DOBLE O,1,343140,0
122030,2023,Enero,1,CARRETE  3.1   14 MM X 19300 LOOPS NEGRO,ANILLO DOBLE O,3,1029420,33
122031,2023,Enero,1,CARRETE  3.1   14 MM X 19300 LOOPS PLATA,ANILLO DOBLE O,1,414500,2
122081,2023,Enero,1,DOBLE O CARTA 2.1    8 MM  CAJA X 100 BLANCO,ANILLO DOBLE O,0,0,250
122082,2023,Enero,1,DOBLE O CARTA 2.1    8 MM  CAJA X 100 NEGRO,ANILLO DOBLE O,0,0,308
122083,2023,Enero,1,DOBLE O CARTA 2.1    9 MM  CAJA X 100 BLANCO,ANILLO DOBLE O,52,1563000,258
122084,2023,Enero,1,DOBLE O CARTA 2.1    9 MM  CAJA X 100 NEGRO,ANILLO DOBLE O,0,0,248
122085,2023,Enero,1,DOBLE O CARTA 2.1   12 MM  CAJA X 100 BLANCO,ANILLO DOBLE O,40,1680000,39
122086,2023,Enero,1,DOBLE O CARTA 2.1   12 MM  CAJA X 100 NEGRO,ANILLO DOBLE O,0,0,235
122087,2023,Enero,1,DOBLE O CARTA 2.1   14 MM  CAJA X 100 BLANCO,ANILLO DOBLE O,1,58000,267
122088,2023,Enero,1,DOBLE O CARTA 2.1   14 MM  CAJA X 100 NEGRO,ANILLO DOBLE O,1,52200,225
122089,2023,Enero,1,DOBLE O CARTA 2.1   16 MM  CAJA X 50 BLANCO,ANILLO DOBLE O,12,418000,390
122090,2023,Enero,1,DOBLE O CARTA 2.1   16 MM  CAJA X 50 NEGRO,ANILLO DOBLE O,4,136800,329
122091,2023,Enero,1,DOBLE O CARTA 2.1   19 MM  CAJA X 50 BLANCO,ANILLO DOBLE O,14,585000,342
122112,2023,Enero,1,DOBLE O CARTA 2.1   19 MM  CAJA X 50 BRONCE,ANILLO DOBLE O,0,0,0
122092,2023,Enero,1,DOBLE O CARTA 2.1   19 MM  CAJA X 50 NEGRO,ANILLO DOBLE O,9,375750,359
122093,2023,Enero,1,DOBLE O CARTA 2.1   22 MM  CAJA X 50 BLANCO,ANILLO DOBLE O,15,855500,253
122094,2023,Enero,1,DOBLE O CARTA 2.1   22 MM  CAJA X 50 NEGRO,ANILLO DOBLE O,3,165200,78
122095,2023,Enero,1,DOBLE O CARTA 2.1   25 MM  CAJA X 50 BLANCO,ANILLO DOBLE O,1,71500,313
122096,2023,Enero,1,DOBLE O CARTA 2.1   25 MM  CAJA X 50 NEGRO,ANILLO DOBLE O,2,128700,218
122097,2023,Enero,1,DOBLE O CARTA 2.1   28 MM  CAJA X 30 BLANCO,ANILLO DOBLE O,1,71500,400
122098,2023,Enero,1,DOBLE O CARTA 2.1   28 MM  CAJA X 30 NEGRO,ANILLO DOBLE O,2,128700,357
122099,2023,Enero,1,DOBLE O CARTA 2.1   32 MM  CAJA X 30 BLANCO,ANILLO DOBLE O,1,79000,358
122100,2023,Enero,1,DOBLE O CARTA 2.1   32 MM  CAJA X 30 NEGRO,ANILLO DOBLE O,2,142200,182
122101,2023,Enero,1,DOBLE O CARTA 3.1    8 MM   CAJA X 100 BLANCO,ANILLO DOBLE O,30,803250,362
122102,2023,Enero,1,DOBLE O CARTA 3.1    8 MM  CAJA X 100 NEGRO,ANILLO DOBLE O,0,0,288
122103,2023,Enero,1,DOBLE O CARTA 3.1    9 MM  CAJA X 100 BLANCO,ANILLO DOBLE O,25,810000,322
122104,2023,Enero,1,DOBLE O CARTA 3.1    9 MM  CAJA X 100 NEGRO,ANILLO DOBLE O,11,380000,224
122105,2023,Enero,1,DOBLE O CARTA 3.1   11 MM  CAJA X 100 BLANCO,ANILLO DOBLE O,6,288000,426
122106,2023,Enero,1,DOBLE O CARTA 3.1   11 MM  CAJA X 100 NEGRO,ANILLO DOBLE O,5,214625,210
122108,2023,Enero,1,DOBLE O CARTA 3.1   12 MM  CAJA X 100 BLANCO,ANILLO DOBLE O,3,153000,754
122107,2023,Enero,1,DOBLE O CARTA 3.1   12 MM  CAJA X 100 NEGRO,ANILLO DOBLE O,4,197950,265
122109,2023,Enero,1,DOBLE O CARTA 3.1   12 MM  CAJA X 100 PLATA,ANILLO DOBLE O,0,0,182
122110,2023,Enero,1,DOBLE O CARTA 3.1   14 MM  CAJA X 100 BLANCO,ANILLO DOBLE O,0,0,280
122111,2023,Enero,1,DOBLE O CARTA 3.1   14 MM  CAJA X 100 NEGRO,ANILLO DOBLE O,4,264550,273
111001,2023,Enero,1,ROLLO 113 MM X 60 MTS 175 MICRAS,LAMINACION,31,899580,1379
111002,2023,Enero,1,ROLLO 113 MM X 60 MTS 250 MICRAS,LAMINACION,34,1413720,376
111003,2023,Enero,1,ROLLO 226 MM X 60 MTS 125 MICRAS,LAMINACION,437,19347980,612
111004,2023,Enero,1,ROLLO 226 MM X 60 MTS 175 MICRAS,LAMINACION,0,0,162
111005,2023,Enero,1,ROLLO 226 MM X 60 MTS 250 MICRAS,LAMINACION,0,0,0
111007,2023,Enero,1,ROLLO 300 MM X 60 MTS 125 MICRAS,LAMINACION,0,0,0
111008,2023,Enero,1,ROLLO 300 MM X 60 MTS 250 MICRAS,LAMINACION,17,1992000,55
111018,2023,Enero,1,ROLLO 350 MM X 60 MTS 250 MICRAS,LAMINACION,0,0,324
111010,2023,Enero,1,ROLLO 375 MM X 60 MTS 125 MICRAS,LAMINACION,4,310000,212
111013,2023,Enero,1,ROLLO 375 MM X 75 MTS 75 MICRAS MATTE,LAMINACION,0,0,134
111014,2023,Enero,1,ROLLO 450 MM X 75 MTS 75 MICRAS BRILLANTE,LAMINACION,1,78100,33
111019,2023,Enero,1,ROLLO 540 MM X 60 MTS 125 MICRAS,LAMINACION,0,0,0
111020,2023,Enero,1,ROLLO 540 MM X 60 MTS 175 MICRAS,LAMINACION,0,0,0
111016,2023,Enero,1,ROLLO 680 MM X 60 MTS 125 MICRAS BRILLANTE,LAMINACION,16,3326400,166
112001,2023,Enero,1,ROLLO BOPP BRILLANTE 250 MM X 4000 MT 18 MIC,PLASTIFICACION,10,3471500,24
112002,2023,Enero,1,ROLLO BOPP BRILLANTE 300 MM X 4000 MT 18 MIC,PLASTIFICACION,5,2159300,109
112003,2023,Enero,1,ROLLO BOPP BRILLANTE 330 MM X 200 MT 23 MIC,PLASTIFICACION,10,548800,0
112006,2023,Enero,1,ROLLO BOPP BRILLANTE 345 MM X 4000 MT 18 MIC,PLASTIFICACION,29,14044730,137
112026,2023,Enero,1,ROLLO BOPP BRILLANTE 400 MM X 4000 MT 18 MIC,PLASTIFICACION,6,3343200,107
112007,2023,Enero,1,ROLLO BOPP BRILLANTE 445 MM X 4000 MT 18 MIC,PLASTIFICACION,8,4885670,11
112029,2023,Enero,1,ROLLO BOPP BRILLANTE 495 MM X 2000 MT 18 MIC,PLASTIFICACION,2,633600,64
112008,2023,Enero,1,ROLLO BOPP BRILLANTE 495 MM X 4000 MT 18 MIC,PLASTIFICACION,38,25536940,44
112028,2023,Enero,1,ROLLO BOPP BRILLANTE 595 MM X 4000 MT 18 MIC,PLASTIFICACION,5,3192000,44
112009,2023,Enero,1,ROLLO BOPP BRILLANTE 695 MM X 4000 MT 18 MIC,PLASTIFICACION,0,0,0
112024,2023,Enero,1,ROLLO BOPP MATE 200 MM X 4000 MT 18 MIC,PLASTIFICACION,0,0,0
112010,2023,Enero,1,ROLLO BOPP MATE 250 MM X 4000 MT 18 MIC,PLASTIFICACION,14,4662760,65
112011,2023,Enero,1,ROLLO BOPP MATE 300 MM X 4000 MT 18 MIC,PLASTIFICACION,18,7244740,85
112012,2023,Enero,1,ROLLO BOPP MATE 330 MM X 200 MT 23 MIC,PLASTIFICACION,47,2498000,50
112021,2023,Enero,1,ROLLO BOPP MATE 330 MM X 4000 MT 18 MIC,PLASTIFICACION,0,0,0
112013,2023,Enero,1,ROLLO BOPP MATE 330 MM X 500 MT 22 MIC,PLASTIFICACION,2,260000,235
112015,2023,Enero,1,ROLLO BOPP MATE 345 MM X 4000 MT 18 MIC,PLASTIFICACION,49,22596000,59
112025,2023,Enero,1,ROLLO BOPP MATE 400 MM X 4000 MT 18 MIC,PLASTIFICACION,12,6693150,99
112016,2023,Enero,1,ROLLO BOPP MATE 445 MM X 4000 MT 18 MIC,PLASTIFICACION,6,3500370,0
112017,2023,Enero,1,ROLLO BOPP MATE 495 MM X 4000 MT 18 MIC,PLASTIFICACION,36,23751100,194
112018,2023,Enero,1,ROLLO BOPP MATE 595 MM X 4000 MT 18 MIC,PLASTIFICACION,9,5517650,17
112019,2023,Enero,1,ROLLO BOPP MATE 695 MM X 4000 MT 18 MIC,PLASTIFICACION,42,27035100,7
112005,2023,Enero,1,ROLLO SUPERBONDING BRILLANTE 330 MM X 500 MT 30 MIC,PLASTIFICACION,2,404181,73
122041,2023,Enero,1,TIRA 2.1 X 64 LOOPS  12MM CAJA X 540 BLANCO,ANILLO DOBLE O,8,3474900,78
122042,2023,Enero,1,TIRA 2.1 X 64 LOOPS  12MM CAJA X 540 NEGRO,ANILLO DOBLE O,4,1652400,85
122043,2023,Enero,1,TIRA 2.1 X 64 LOOPS  12MM CAJA X 540 PLATA,ANILLO DOBLE O,0,0,71
122044,2023,Enero,1,TIRA 2.1 X 64 LOOPS  14MM CAJA X 384 BLANCO,ANILLO DOBLE O,7,2962050,27
122045,2023,Enero,1,TIRA 2.1 X 64 LOOPS  14MM CAJA X 384 NEGRO,ANILLO DOBLE O,16,6903855,42
122046,2023,Enero,1,TIRA 2.1 X 64 LOOPS  14MM CAJA X 384 PLATA,ANILLO DOBLE O,0,0,33
122047,2023,Enero,1,TIRA 2.1 X 64 LOOPS  16MM CAJA X 308 BLANCO,ANILLO DOBLE O,33,13536133,36
122048,2023,Enero,1,TIRA 2.1 X 64 LOOPS  16MM CAJA X 308 BRONCE,ANILLO DOBLE O,20,9600000,25
122049,2023,Enero,1,TIRA 2.1 X 64 LOOPS  16MM CAJA X 308 NEGRO,ANILLO DOBLE O,8,3168750,146
122050,2023,Enero,1,TIRA 2.1 X 64 LOOPS  16MM CAJA X 308 PLATA,ANILLO DOBLE O,0,0,64
122051,2023,Enero,1,TIRA 2.1 X 64 LOOPS  19MM CAJA X 252 BLANCO,ANILLO DOBLE O,28,12712870,36
122052,2023,Enero,1,TIRA 2.1 X 64 LOOPS  19MM CAJA X 252 BRONCE,ANILLO DOBLE O,1,525350,0
122053,2023,Enero,1,TIRA 2.1 X 64 LOOPS  19MM CAJA X 252 NEGRO,ANILLO DOBLE O,11,5015090,92
122054,2023,Enero,1,TIRA 2.1 X 64 LOOPS  19MM CAJA X 252 PLATA,ANILLO DOBLE O,3,1511267,13
122055,2023,Enero,1,TIRA 2.1 X 64 LOOPS  22MM CAJA X 192 BLANCO,ANILLO DOBLE O,15,6931000,2
122056,2023,Enero,1,TIRA 2.1 X 64 LOOPS  22MM CAJA X 192 BRONCE,ANILLO DOBLE O,2,1073500,3
122057,2023,Enero,1,TIRA 2.1 X 64 LOOPS  22MM CAJA X 192 NEGRO,ANILLO DOBLE O,0,0,0
122058,2023,Enero,1,TIRA 2.1 X 64 LOOPS  22MM CAJA X 192 PLATA,ANILLO DOBLE O,10,5053440,16
122059,2023,Enero,1,TIRA 2.1 X 64 LOOPS  25MM CAJA X 140 BLANCO,ANILLO DOBLE O,2,688050,55
122077,2023,Enero,1,TIRA 2.1 X 64 LOOPS  25MM CAJA X 140 BRONCE,ANILLO DOBLE O,4,1888000,17
122060,2023,Enero,1,TIRA 2.1 X 64 LOOPS  25MM CAJA X 140 NEGRO,ANILLO DOBLE O,8,3148350,69
122061,2023,Enero,1,TIRA 2.1 X 64 LOOPS  25MM CAJA X 140 PLATA,ANILLO DOBLE O,0,0,32
122062,2023,Enero,1,TIRA 2.1 X 64 LOOPS  28MM CAJA X 96 BLANCO,ANILLO DOBLE O,1,414960,96
122063,2023,Enero,1,TIRA 2.1 X 64 LOOPS  28MM CAJA X 96 NEGRO,ANILLO DOBLE O,17,6893120,48
122064,2023,Enero,1,TIRA 2.1 X 64 LOOPS  28MM CAJA X 96 PLATA,ANILLO DOBLE O,0,0,2
122065,2023,Enero,1,TIRA 2.1 X 64 LOOPS  32MM CAJA X 96 BLANCO,ANILLO DOBLE O,2,959595,62
122066,2023,Enero,1,TIRA 2.1 X 64 LOOPS  32MM CAJA X 96 NEGRO,ANILLO DOBLE O,0,0,66
131008,2023,Enero,1,VARILLA MEDIA LUNA  10 CM X 100 BLANCO,ANILLO DOBLE O,32,416000,2414
131007,2023,Enero,1,VARILLA MEDIA LUNA  10 CM X 100 NEGRO,ANILLO DOBLE O,2,26000,1235
131010,2023,Enero,1,VARILLA MEDIA LUNA  15 CM X 100 BLANCO,ANILLO DOBLE O,32,544000,1610
131009,2023,Enero,1,VARILLA MEDIA LUNA  15 CM X 100 NEGRO,ANILLO DOBLE O,1,17000,799
131033,2023,Enero,1,VARILLA MEDIA LUNA  20 CM X 100 BLANCO,ANILLO DOBLE O,1,21000,228
131034,2023,Enero,1,VARILLA MEDIA LUNA  20 CM X 100 NEGRO,ANILLO DOBLE O,1,21000,396
131017,2023,Enero,1,YOYO ORIGINAL CAJA X 50 AMARILLO,VARIOS,0,0,48
131018,2023,Enero,1,YOYO ORIGINAL CAJA X 50 AZUL,VARIOS,20,1120000,514
131019,2023,Enero,1,YOYO ORIGINAL CAJA X 50 BLANCO,VARIOS,0,0,0
131020,2023,Enero,1,YOYO ORIGINAL CAJA X 50 NEGRO,VARIOS,0,0,798
131021,2023,Enero,1,YOYO ORIGINAL CAJA X 50 ROJO,VARIOS,0,0,224
131022,2023,Enero,1,YOYO ORIGINAL CAJA X 50 VERDE,VARIOS,0,0,310
131012,2023,Febrero,2,ACETATOS CARTA PAQ X 50,VARIOS,22,267300,1156
113001,2023,Febrero,2,BOLSILLO CARNET 60 X 90 MM 175 MIC CAJA X 100,LAMINACION,0,0,0
113005,2023,Febrero,2,BOLSILLO CARTA 225MM X 288MM 125 MIC CAJA X 100,LAMINACION,1014,43335600,7454
113006,2023,Febrero,2,BOLSILLO CARTA 225MM X 288MM 175 MIC CAJA X 100,LAMINACION,52,3345252,3212
113007,2023,Febrero,2,BOLSILLO CARTA 225MM X 288MM 250 MIC CAJA X 50,LAMINACION,219,10590710,285
113002,2023,Febrero,2,BOLSILLO CEDULA 70 X 100 MM 175 MIC CAJA X 100,LAMINACION,517,3615150,4315
113008,2023,Febrero,2,BOLSILLO OFICIO 225MM X 337MM 125 MIC CAJA X 100,LAMINACION,462,22834500,2095
113003,2023,Febrero,2,BOLSILLO TARJETA PROPIEDAD 80 X 110 MM 175 MIC CAJA X 100,LAMINACION,93,794300,10530
121009,2023,Febrero,2,CARATULA CARTA GRAIN PAQ X 50 AZUL,CARATULA,0,0,0
121010,2023,Febrero,2,CARATULA CARTA GRAIN PAQ X 50 NEGRO,CARATULA,0,0,0
121034,2023,Febrero,2,CARATULA CARTA STRIPE PAQ X 50 AMARILLO,CARATULA,471,5470940,1261
121017,2023,Febrero,2,CARATULA CARTA STRIPE PAQ X 50 AZUL T-1,CARATULA,310,3753340,38
121018,2023,Febrero,2,CARATULA CARTA STRIPE PAQ X 50 AZUL T-2,CARATULA,694,7845000,2690
121019,2023,Febrero,2,CARATULA CARTA STRIPE PAQ X 50 HUMO,CARATULA,344,4174100,2365
121020,2023,Febrero,2,CARATULA CARTA STRIPE PAQ X 50 LILA,CARATULA,572,6695700,642
121021,2023,Febrero,2,CARATULA CARTA STRIPE PAQ X 50 NARANJA,CARATULA,301,3421140,1679
121022,2023,Febrero,2,CARATULA CARTA STRIPE PAQ X 50 ROJO,CARATULA,390,4711440,1571
121023,2023,Febrero,2,CARATULA CARTA STRIPE PAQ X 50 TRANSPARENTE,CARATULA,3298,37748800,6584
121024,2023,Febrero,2,CARATULA CARTA STRIPE PAQ X 50 VERDE T-1,CARATULA,298,3599240,2027
121025,2023,Febrero,2,CARATULA CARTA STRIPE PAQ X 50 VERDE T-2,CARATULA,127,1536000,5092
121032,2023,Febrero,2,CARATULA LEGAL STRIPE PAQ X 50 TRANSPARENTE,CARATULA,4,280000,942
121030,2023,Febrero,2,CARATULA OFICIO STRIPE PAQ X 50 TRANSPARENTE,CARATULA,1340,17696600,692
121031,2023,Febrero,2,CARATULA OFICIO STRIPE PAQ X 50 VERDE T-2,CARATULA,70,976500,251
122009,2023,Febrero,2,CARRETE  2.1   16 MM X 10500 LOOPS BLANCO,ANILLO DOBLE O,16,4599000,3
122010,2023,Febrero,2,CARRETE  2.1   16 MM X 10500 LOOPS NEGRO,ANILLO DOBLE O,3,913500,32
122011,2023,Febrero,2,CARRETE  2.1   16 MM X 10500 LOOPS PLATA,ANILLO DOBLE O,0,0,9
122013,2023,Febrero,2,CARRETE  2.1   19 MM X 7000 LOOPS BLANCO,ANILLO DOBLE O,0,0,0
122016,2023,Febrero,2,CARRETE  2.1   19 MM X 7000 LOOPS BRONCE,ANILLO DOBLE O,0,0,2
122014,2023,Febrero,2,CARRETE  2.1   19 MM X 7000 LOOPS NEGRO,ANILLO DOBLE O,0,0,0
122015,2023,Febrero,2,CARRETE  2.1   19 MM X 7000 LOOPS PLATA,ANILLO DOBLE O,0,0,20
122017,2023,Febrero,2,CARRETE  3.1    8 MM X 60000 LOOPS BLANCO,ANILLO DOBLE O,0,0,0
122018,2023,Febrero,2,CARRETE  3.1    8 MM X 60000 LOOPS NEGRO,ANILLO DOBLE O,0,0,24
122019,2023,Febrero,2,CARRETE  3.1    8 MM X 60000 LOOPS PLATA,ANILLO DOBLE O,0,0,21
122020,2023,Febrero,2,CARRETE  3.1    9 MM X 43000 LOOPS BLANCO,ANILLO DOBLE O,0,0,1
122021,2023,Febrero,2,CARRETE  3.1    9 MM X 43000 LOOPS BRONCE,ANILLO DOBLE O,0,0,39
122022,2023,Febrero,2,CARRETE  3.1    9 MM X 43000 LOOPS NEGRO,ANILLO DOBLE O,2,792300,2
122023,2023,Febrero,2,CARRETE  3.1    9 MM X 43000 LOOPS PLATA,ANILLO DOBLE O,1,443000,31
122024,2023,Febrero,2,CARRETE  3.1   11 MM X 32000 LOOPS BLANCO,ANILLO DOBLE O,0,0,0
122025,2023,Febrero,2,CARRETE  3.1   11 MM X 32000 LOOPS NEGRO,ANILLO DOBLE O,6,2120580,5
122026,2023,Febrero,2,CARRETE  3.1   12 MM X 24000 LOOPS BLANCO,ANILLO DOBLE O,0,0,0
122027,2023,Febrero,2,CARRETE  3.1   12 MM X 24000 LOOPS NEGRO,ANILLO DOBLE O,0,0,1
122028,2023,Febrero,2,CARRETE  3.1   12 MM X 24000 LOOPS PLATA,ANILLO DOBLE O,0,0,3
122029,2023,Febrero,2,CARRETE  3.1   14 MM X 19300 LOOPS BLANCO,ANILLO DOBLE O,0,0,0
122030,2023,Febrero,2,CARRETE  3.1   14 MM X 19300 LOOPS NEGRO,ANILLO DOBLE O,1,361200,32
122031,2023,Febrero,2,CARRETE  3.1   14 MM X 19300 LOOPS PLATA,ANILLO DOBLE O,0,0,2
122081,2023,Febrero,2,DOBLE O CARTA 2.1    8 MM  CAJA X 100 BLANCO,ANILLO DOBLE O,0,0,250
122082,2023,Febrero,2,DOBLE O CARTA 2.1    8 MM  CAJA X 100 NEGRO,ANILLO DOBLE O,3,79500,305
122083,2023,Febrero,2,DOBLE O CARTA 2.1    9 MM  CAJA X 100 BLANCO,ANILLO DOBLE O,5,157500,253
122084,2023,Febrero,2,DOBLE O CARTA 2.1    9 MM  CAJA X 100 NEGRO,ANILLO DOBLE O,24,683550,224
122085,2023,Febrero,2,DOBLE O CARTA 2.1   12 MM  CAJA X 100 BLANCO,ANILLO DOBLE O,10,396000,29
122086,2023,Febrero,2,DOBLE O CARTA 2.1   12 MM  CAJA X 100 NEGRO,ANILLO DOBLE O,14,558800,221
122087,2023,Febrero,2,DOBLE O CARTA 2.1   14 MM  CAJA X 100 BLANCO,ANILLO DOBLE O,3,174000,264
122088,2023,Febrero,2,DOBLE O CARTA 2.1   14 MM  CAJA X 100 NEGRO,ANILLO DOBLE O,20,1044000,205
122089,2023,Febrero,2,DOBLE O CARTA 2.1   16 MM  CAJA X 50 BLANCO,ANILLO DOBLE O,48,1672000,342
122090,2023,Febrero,2,DOBLE O CARTA 2.1   16 MM  CAJA X 50 NEGRO,ANILLO DOBLE O,71,2426300,258
122091,2023,Febrero,2,DOBLE O CARTA 2.1   19 MM  CAJA X 50 BLANCO,ANILLO DOBLE O,16,675000,326
122112,2023,Febrero,2,DOBLE O CARTA 2.1   19 MM  CAJA X 50 BRONCE,ANILLO DOBLE O,0,0,0
122092,2023,Febrero,2,DOBLE O CARTA 2.1   19 MM  CAJA X 50 NEGRO,ANILLO DOBLE O,23,967500,336
122093,2023,Febrero,2,DOBLE O CARTA 2.1   22 MM  CAJA X 50 BLANCO,ANILLO DOBLE O,2,118000,251
122094,2023,Febrero,2,DOBLE O CARTA 2.1   22 MM  CAJA X 50 NEGRO,ANILLO DOBLE O,11,619500,67
122095,2023,Febrero,2,DOBLE O CARTA 2.1   25 MM  CAJA X 50 BLANCO,ANILLO DOBLE O,1,71500,312
122096,2023,Febrero,2,DOBLE O CARTA 2.1   25 MM  CAJA X 50 NEGRO,ANILLO DOBLE O,9,589875,209
122097,2023,Febrero,2,DOBLE O CARTA 2.1   28 MM  CAJA X 30 BLANCO,ANILLO DOBLE O,0,0,400
122098,2023,Febrero,2,DOBLE O CARTA 2.1   28 MM  CAJA X 30 NEGRO,ANILLO DOBLE O,0,0,357
122099,2023,Febrero,2,DOBLE O CARTA 2.1   32 MM  CAJA X 30 BLANCO,ANILLO DOBLE O,0,0,358
122100,2023,Febrero,2,DOBLE O CARTA 2.1   32 MM  CAJA X 30 NEGRO,ANILLO DOBLE O,15,1046500,167
122101,2023,Febrero,2,DOBLE O CARTA 3.1    8 MM   CAJA X 100 BLANCO,ANILLO DOBLE O,5,133875,357
122102,2023,Febrero,2,DOBLE O CARTA 3.1    8 MM  CAJA X 100 NEGRO,ANILLO DOBLE O,8,228375,280
122103,2023,Febrero,2,DOBLE O CARTA 3.1    9 MM  CAJA X 100 BLANCO,ANILLO DOBLE O,11,410000,311
122104,2023,Febrero,2,DOBLE O CARTA 3.1    9 MM  CAJA X 100 NEGRO,ANILLO DOBLE O,13,460000,211
122105,2023,Febrero,2,DOBLE O CARTA 3.1   11 MM  CAJA X 100 BLANCO,ANILLO DOBLE O,0,0,426
122106,2023,Febrero,2,DOBLE O CARTA 3.1   11 MM  CAJA X 100 NEGRO,ANILLO DOBLE O,0,0,210
122108,2023,Febrero,2,DOBLE O CARTA 3.1   12 MM  CAJA X 100 BLANCO,ANILLO DOBLE O,0,0,754
122107,2023,Febrero,2,DOBLE O CARTA 3.1   12 MM  CAJA X 100 NEGRO,ANILLO DOBLE O,11,508250,254
122109,2023,Febrero,2,DOBLE O CARTA 3.1   12 MM  CAJA X 100 PLATA,ANILLO DOBLE O,0,0,182
122110,2023,Febrero,2,DOBLE O CARTA 3.1   14 MM  CAJA X 100 BLANCO,ANILLO DOBLE O,0,0,280
122111,2023,Febrero,2,DOBLE O CARTA 3.1   14 MM  CAJA X 100 NEGRO,ANILLO DOBLE O,8,518375,265
111001,2023,Febrero,2,ROLLO 113 MM X 60 MTS 175 MICRAS,LAMINACION,26,746460,1353
111002,2023,Febrero,2,ROLLO 113 MM X 60 MTS 250 MICRAS,LAMINACION,63,2642640,313
111003,2023,Febrero,2,ROLLO 226 MM X 60 MTS 125 MICRAS,LAMINACION,149,6741850,463
111004,2023,Febrero,2,ROLLO 226 MM X 60 MTS 175 MICRAS,LAMINACION,18,1205160,144
111005,2023,Febrero,2,ROLLO 226 MM X 60 MTS 250 MICRAS,LAMINACION,0,0,0
111007,2023,Febrero,2,ROLLO 300 MM X 60 MTS 125 MICRAS,LAMINACION,0,0,0
111008,2023,Febrero,2,ROLLO 300 MM X 60 MTS 250 MICRAS,LAMINACION,4,456000,51
111018,2023,Febrero,2,ROLLO 350 MM X 60 MTS 250 MICRAS,LAMINACION,0,0,324
111010,2023,Febrero,2,ROLLO 375 MM X 60 MTS 125 MICRAS,LAMINACION,2,160000,210
111013,2023,Febrero,2,ROLLO 375 MM X 75 MTS 75 MICRAS MATTE,LAMINACION,0,0,134
111014,2023,Febrero,2,ROLLO 450 MM X 75 MTS 75 MICRAS BRILLANTE,LAMINACION,3,234300,30
111019,2023,Febrero,2,ROLLO 540 MM X 60 MTS 125 MICRAS,LAMINACION,0,0,0
111020,2023,Febrero,2,ROLLO 540 MM X 60 MTS 175 MICRAS,LAMINACION,0,0,0
111016,2023,Febrero,2,ROLLO 680 MM X 60 MTS 125 MICRAS BRILLANTE,LAMINACION,20,3840000,146
112001,2023,Febrero,2,ROLLO BOPP BRILLANTE 250 MM X 4000 MT 18 MIC,PLASTIFICACION,9,3066060,111
112002,2023,Febrero,2,ROLLO BOPP BRILLANTE 300 MM X 4000 MT 18 MIC,PLASTIFICACION,14,5726460,95
112003,2023,Febrero,2,ROLLO BOPP BRILLANTE 330 MM X 200 MT 23 MIC,PLASTIFICACION,0,0,0
112006,2023,Febrero,2,ROLLO BOPP BRILLANTE 345 MM X 4000 MT 18 MIC,PLASTIFICACION,33,16063720,224
112026,2023,Febrero,2,ROLLO BOPP BRILLANTE 400 MM X 4000 MT 18 MIC,PLASTIFICACION,7,3762440,100
112007,2023,Febrero,2,ROLLO BOPP BRILLANTE 445 MM X 4000 MT 18 MIC,PLASTIFICACION,8,4749450,3
112029,2023,Febrero,2,ROLLO BOPP BRILLANTE 495 MM X 2000 MT 18 MIC,PLASTIFICACION,2,642000,62
112008,2023,Febrero,2,ROLLO BOPP BRILLANTE 495 MM X 4000 MT 18 MIC,PLASTIFICACION,47,31623740,77
112028,2023,Febrero,2,ROLLO BOPP BRILLANTE 595 MM X 4000 MT 18 MIC,PLASTIFICACION,9,5231950,35
112009,2023,Febrero,2,ROLLO BOPP BRILLANTE 695 MM X 4000 MT 18 MIC,PLASTIFICACION,0,0,0
112024,2023,Febrero,2,ROLLO BOPP MATE 200 MM X 4000 MT 18 MIC,PLASTIFICACION,0,0,0
112010,2023,Febrero,2,ROLLO BOPP MATE 250 MM X 4000 MT 18 MIC,PLASTIFICACION,30,11638560,89
112011,2023,Febrero,2,ROLLO BOPP MATE 300 MM X 4000 MT 18 MIC,PLASTIFICACION,25,9966940,160
112012,2023,Febrero,2,ROLLO BOPP MATE 330 MM X 200 MT 23 MIC,PLASTIFICACION,42,2277600,7
112021,2023,Febrero,2,ROLLO BOPP MATE 330 MM X 4000 MT 18 MIC,PLASTIFICACION,0,0,0
112013,2023,Febrero,2,ROLLO BOPP MATE 330 MM X 500 MT 22 MIC,PLASTIFICACION,4,520000,231
112015,2023,Febrero,2,ROLLO BOPP MATE 345 MM X 4000 MT 18 MIC,PLASTIFICACION,79,35272190,95
112025,2023,Febrero,2,ROLLO BOPP MATE 400 MM X 4000 MT 18 MIC,PLASTIFICACION,6,3295090,93
112016,2023,Febrero,2,ROLLO BOPP MATE 445 MM X 4000 MT 18 MIC,PLASTIFICACION,0,0,0
112017,2023,Febrero,2,ROLLO BOPP MATE 495 MM X 4000 MT 18 MIC,PLASTIFICACION,84,54349510,367
112018,2023,Febrero,2,ROLLO BOPP MATE 595 MM X 4000 MT 18 MIC,PLASTIFICACION,4,2320750,43
112019,2023,Febrero,2,ROLLO BOPP MATE 695 MM X 4000 MT 18 MIC,PLASTIFICACION,12,8376120,75
112005,2023,Febrero,2,ROLLO SUPERBONDING BRILLANTE 330 MM X 500 MT 30 MIC,PLASTIFICACION,9,1822500,64
122041,2023,Febrero,2,TIRA 2.1 X 64 LOOPS  12MM CAJA X 540 BLANCO,ANILLO DOBLE O,9,3953800,69
122042,2023,Febrero,2,TIRA 2.1 X 64 LOOPS  12MM CAJA X 540 NEGRO,ANILLO DOBLE O,7,3236200,78
122043,2023,Febrero,2,TIRA 2.1 X 64 LOOPS  12MM CAJA X 540 PLATA,ANILLO DOBLE O,1,536500,70
122044,2023,Febrero,2,TIRA 2.1 X 64 LOOPS  14MM CAJA X 384 BLANCO,ANILLO DOBLE O,20,7815255,7
122045,2023,Febrero,2,TIRA 2.1 X 64 LOOPS  14MM CAJA X 384 NEGRO,ANILLO DOBLE O,7,2825340,35
122046,2023,Febrero,2,TIRA 2.1 X 64 LOOPS  14MM CAJA X 384 PLATA,ANILLO DOBLE O,0,0,33
122047,2023,Febrero,2,TIRA 2.1 X 64 LOOPS  16MM CAJA X 308 BLANCO,ANILLO DOBLE O,33,12891586,3
122048,2023,Febrero,2,TIRA 2.1 X 64 LOOPS  16MM CAJA X 308 BRONCE,ANILLO DOBLE O,0,0,25
122049,2023,Febrero,2,TIRA 2.1 X 64 LOOPS  16MM CAJA X 308 NEGRO,ANILLO DOBLE O,14,5591250,132
122050,2023,Febrero,2,TIRA 2.1 X 64 LOOPS  16MM CAJA X 308 PLATA,ANILLO DOBLE O,0,0,64
122051,2023,Febrero,2,TIRA 2.1 X 64 LOOPS  19MM CAJA X 252 BLANCO,ANILLO DOBLE O,29,13052550,7
122052,2023,Febrero,2,TIRA 2.1 X 64 LOOPS  19MM CAJA X 252 BRONCE,ANILLO DOBLE O,0,0,0
122053,2023,Febrero,2,TIRA 2.1 X 64 LOOPS  19MM CAJA X 252 NEGRO,ANILLO DOBLE O,34,14811700,58
122054,2023,Febrero,2,TIRA 2.1 X 64 LOOPS  19MM CAJA X 252 PLATA,ANILLO DOBLE O,7,3325450,6
122055,2023,Febrero,2,TIRA 2.1 X 64 LOOPS  22MM CAJA X 192 BLANCO,ANILLO DOBLE O,2,908200,0
122056,2023,Febrero,2,TIRA 2.1 X 64 LOOPS  22MM CAJA X 192 BRONCE,ANILLO DOBLE O,1,480250,2
122057,2023,Febrero,2,TIRA 2.1 X 64 LOOPS  22MM CAJA X 192 NEGRO,ANILLO DOBLE O,0,0,0
122058,2023,Febrero,2,TIRA 2.1 X 64 LOOPS  22MM CAJA X 192 PLATA,ANILLO DOBLE O,2,1021440,14
122059,2023,Febrero,2,TIRA 2.1 X 64 LOOPS  25MM CAJA X 140 BLANCO,ANILLO DOBLE O,1,417000,54
122077,2023,Febrero,2,TIRA 2.1 X 64 LOOPS  25MM CAJA X 140 BRONCE,ANILLO DOBLE O,0,0,17
122060,2023,Febrero,2,TIRA 2.1 X 64 LOOPS  25MM CAJA X 140 NEGRO,ANILLO DOBLE O,3,1125900,66
122061,2023,Febrero,2,TIRA 2.1 X 64 LOOPS  25MM CAJA X 140 PLATA,ANILLO DOBLE O,4,1821300,28
122062,2023,Febrero,2,TIRA 2.1 X 64 LOOPS  28MM CAJA X 96 BLANCO,ANILLO DOBLE O,15,6058080,81
122063,2023,Febrero,2,TIRA 2.1 X 64 LOOPS  28MM CAJA X 96 NEGRO,ANILLO DOBLE O,0,0,48
122064,2023,Febrero,2,TIRA 2.1 X 64 LOOPS  28MM CAJA X 96 PLATA,ANILLO DOBLE O,0,0,2
122065,2023,Febrero,2,TIRA 2.1 X 64 LOOPS  32MM CAJA X 96 BLANCO,ANILLO DOBLE O,1,518700,61
122066,2023,Febrero,2,TIRA 2.1 X 64 LOOPS  32MM CAJA X 96 NEGRO,ANILLO DOBLE O,2,1037400,65
131008,2023,Febrero,2,VARILLA MEDIA LUNA  10 CM X 100 BLANCO,ANILLO DOBLE O,1,11700,2413
131007,2023,Febrero,2,VARILLA MEDIA LUNA  10 CM X 100 NEGRO,ANILLO DOBLE O,0,0,1235
131010,2023,Febrero,2,VARILLA MEDIA LUNA  15 CM X 100 BLANCO,ANILLO DOBLE O,0,0,1610
131009,2023,Febrero,2,VARILLA MEDIA LUNA  15 CM X 100 NEGRO,ANILLO DOBLE O,0,0,799
131033,2023,Febrero,2,VARILLA MEDIA LUNA  20 CM X 100 BLANCO,ANILLO DOBLE O,0,0,228
131034,2023,Febrero,2,VARILLA MEDIA LUNA  20 CM X 100 NEGRO,ANILLO DOBLE O,0,0,396
131017,2023,Febrero,2,YOYO ORIGINAL CAJA X 50 AMARILLO,VARIOS,0,0,48
131018,2023,Febrero,2,YOYO ORIGINAL CAJA X 50 AZUL,VARIOS,42,2366000,472
131019,2023,Febrero,2,YOYO ORIGINAL CAJA X 50 BLANCO,VARIOS,0,0,0
131020,2023,Febrero,2,YOYO ORIGINAL CAJA X 50 NEGRO,VARIOS,7,441000,791
131021,2023,Febrero,2,YOYO ORIGINAL CAJA X 50 ROJO,VARIOS,4,252000,220
131022,2023,Febrero,2,YOYO ORIGINAL CAJA X 50 VERDE,VARIOS,0,0,310
131012,2023,Marzo,3,ACETATOS CARTA PAQ X 50,VARIOS,464,5373000,692
113001,2023,Marzo,3,BOLSILLO CARNET 60 X 90 MM 175 MIC CAJA X 100,LAMINACION,0,0,0
113005,2023,Marzo,3,BOLSILLO CARTA 225MM X 288MM 125 MIC CAJA X 100,LAMINACION,948,40998600,6506
113006,2023,Marzo,3,BOLSILLO CARTA 225MM X 288MM 175 MIC CAJA X 100,LAMINACION,132,7927290,3080
113007,2023,Marzo,3,BOLSILLO CARTA 225MM X 288MM 250 MIC CAJA X 50,LAMINACION,252,12279270,33
113002,2023,Marzo,3,BOLSILLO CEDULA 70 X 100 MM 175 MIC CAJA X 100,LAMINACION,166,1186570,4149
113008,2023,Marzo,3,BOLSILLO OFICIO 225MM X 337MM 125 MIC CAJA X 100,LAMINACION,438,22402500,1657
113003,2023,Marzo,3,BOLSILLO TARJETA PROPIEDAD 80 X 110 MM 175 MIC CAJA X 100,LAMINACION,270,2313340,10260
121009,2023,Marzo,3,CARATULA CARTA GRAIN PAQ X 50 AZUL,CARATULA,0,0,0
121010,2023,Marzo,3,CARATULA CARTA GRAIN PAQ X 50 NEGRO,CARATULA,0,0,0
121034,2023,Marzo,3,CARATULA CARTA STRIPE PAQ X 50 AMARILLO,CARATULA,196,2265800,1065
121017,2023,Marzo,3,CARATULA CARTA STRIPE PAQ X 50 AZUL T-1,CARATULA,38,469000,0
121018,2023,Marzo,3,CARATULA CARTA STRIPE PAQ X 50 AZUL T-2,CARATULA,223,2706800,2467
121019,2023,Marzo,3,CARATULA CARTA STRIPE PAQ X 50 HUMO,CARATULA,211,2582600,2154
121020,2023,Marzo,3,CARATULA CARTA STRIPE PAQ X 50 LILA,CARATULA,140,1701800,502
121021,2023,Marzo,3,CARATULA CARTA STRIPE PAQ X 50 NARANJA,CARATULA,327,3741000,1352
121022,2023,Marzo,3,CARATULA CARTA STRIPE PAQ X 50 ROJO,CARATULA,126,1527600,1445
121023,2023,Marzo,3,CARATULA CARTA STRIPE PAQ X 50 TRANSPARENTE,CARATULA,2084,23984600,4500
121024,2023,Marzo,3,CARATULA CARTA STRIPE PAQ X 50 VERDE T-1,CARATULA,83,1005000,1944
121025,2023,Marzo,3,CARATULA CARTA STRIPE PAQ X 50 VERDE T-2,CARATULA,98,1192600,4994
121032,2023,Marzo,3,CARATULA LEGAL STRIPE PAQ X 50 TRANSPARENTE,CARATULA,7,490000,935
121030,2023,Marzo,3,CARATULA OFICIO STRIPE PAQ X 50 TRANSPARENTE,CARATULA,255,3275000,437
121031,2023,Marzo,3,CARATULA OFICIO STRIPE PAQ X 50 VERDE T-2,CARATULA,40,558000,211
122009,2023,Marzo,3,CARRETE  2.1   16 MM X 10500 LOOPS BLANCO,ANILLO DOBLE O,1,299250,2
122010,2023,Marzo,3,CARRETE  2.1   16 MM X 10500 LOOPS NEGRO,ANILLO DOBLE O,1,299250,31
122011,2023,Marzo,3,CARRETE  2.1   16 MM X 10500 LOOPS PLATA,ANILLO DOBLE O,0,0,9
122013,2023,Marzo,3,CARRETE  2.1   19 MM X 7000 LOOPS BLANCO,ANILLO DOBLE O,0,0,34
122016,2023,Marzo,3,CARRETE  2.1   19 MM X 7000 LOOPS BRONCE,ANILLO DOBLE O,0,0,2
122014,2023,Marzo,3,CARRETE  2.1   19 MM X 7000 LOOPS NEGRO,ANILLO DOBLE O,0,0,20
122015,2023,Marzo,3,CARRETE  2.1   19 MM X 7000 LOOPS PLATA,ANILLO DOBLE O,1,318250,19
122017,2023,Marzo,3,CARRETE  3.1    8 MM X 60000 LOOPS BLANCO,ANILLO DOBLE O,0,0,72
122018,2023,Marzo,3,CARRETE  3.1    8 MM X 60000 LOOPS NEGRO,ANILLO DOBLE O,0,0,24
122019,2023,Marzo,3,CARRETE  3.1    8 MM X 60000 LOOPS PLATA,ANILLO DOBLE O,0,0,21
122020,2023,Marzo,3,CARRETE  3.1    9 MM X 43000 LOOPS BLANCO,ANILLO DOBLE O,1,354450,70
122021,2023,Marzo,3,CARRETE  3.1    9 MM X 43000 LOOPS BRONCE,ANILLO DOBLE O,0,0,39
122022,2023,Marzo,3,CARRETE  3.1    9 MM X 43000 LOOPS NEGRO,ANILLO DOBLE O,1,354450,1
122023,2023,Marzo,3,CARRETE  3.1    9 MM X 43000 LOOPS PLATA,ANILLO DOBLE O,0,0,31
122024,2023,Marzo,3,CARRETE  3.1   11 MM X 32000 LOOPS BLANCO,ANILLO DOBLE O,0,0,50
122025,2023,Marzo,3,CARRETE  3.1   11 MM X 32000 LOOPS NEGRO,ANILLO DOBLE O,4,1580040,1
122026,2023,Marzo,3,CARRETE  3.1   12 MM X 24000 LOOPS BLANCO,ANILLO DOBLE O,0,0,50
122027,2023,Marzo,3,CARRETE  3.1   12 MM X 24000 LOOPS NEGRO,ANILLO DOBLE O,0,0,41
122028,2023,Marzo,3,CARRETE  3.1   12 MM X 24000 LOOPS PLATA,ANILLO DOBLE O,0,0,13
122029,2023,Marzo,3,CARRETE  3.1   14 MM X 19300 LOOPS BLANCO,ANILLO DOBLE O,0,0,20
122030,2023,Marzo,3,CARRETE  3.1   14 MM X 19300 LOOPS NEGRO,ANILLO DOBLE O,0,0,32
122031,2023,Marzo,3,CARRETE  3.1   14 MM X 19300 LOOPS PLATA,ANILLO DOBLE O,0,0,12
122081,2023,Marzo,3,DOBLE O CARTA 2.1    8 MM  CAJA X 100 BLANCO,ANILLO DOBLE O,0,0,250
122082,2023,Marzo,3,DOBLE O CARTA 2.1    8 MM  CAJA X 100 NEGRO,ANILLO DOBLE O,0,0,305
122083,2023,Marzo,3,DOBLE O CARTA 2.1    9 MM  CAJA X 100 BLANCO,ANILLO DOBLE O,1,31500,252
122084,2023,Marzo,3,DOBLE O CARTA 2.1    9 MM  CAJA X 100 NEGRO,ANILLO DOBLE O,1,31500,223
122085,2023,Marzo,3,DOBLE O CARTA 2.1   12 MM  CAJA X 100 BLANCO,ANILLO DOBLE O,2,88000,27
122086,2023,Marzo,3,DOBLE O CARTA 2.1   12 MM  CAJA X 100 NEGRO,ANILLO DOBLE O,5,187000,216
122087,2023,Marzo,3,DOBLE O CARTA 2.1   14 MM  CAJA X 100 BLANCO,ANILLO DOBLE O,0,0,264
122088,2023,Marzo,3,DOBLE O CARTA 2.1   14 MM  CAJA X 100 NEGRO,ANILLO DOBLE O,5,246500,200
122089,2023,Marzo,3,DOBLE O CARTA 2.1   16 MM  CAJA X 50 BLANCO,ANILLO DOBLE O,26,883500,316
122090,2023,Marzo,3,DOBLE O CARTA 2.1   16 MM  CAJA X 50 NEGRO,ANILLO DOBLE O,7,237500,251
122091,2023,Marzo,3,DOBLE O CARTA 2.1   19 MM  CAJA X 50 BLANCO,ANILLO DOBLE O,3,135000,323
122112,2023,Marzo,3,DOBLE O CARTA 2.1   19 MM  CAJA X 50 BRONCE,ANILLO DOBLE O,0,0,0
122092,2023,Marzo,3,DOBLE O CARTA 2.1   19 MM  CAJA X 50 NEGRO,ANILLO DOBLE O,27,1091250,309
122093,2023,Marzo,3,DOBLE O CARTA 2.1   22 MM  CAJA X 50 BLANCO,ANILLO DOBLE O,11,604750,240
122094,2023,Marzo,3,DOBLE O CARTA 2.1   22 MM  CAJA X 50 NEGRO,ANILLO DOBLE O,10,545750,57
122095,2023,Marzo,3,DOBLE O CARTA 2.1   25 MM  CAJA X 50 BLANCO,ANILLO DOBLE O,1,71500,311
122096,2023,Marzo,3,DOBLE O CARTA 2.1   25 MM  CAJA X 50 NEGRO,ANILLO DOBLE O,6,375375,203
122097,2023,Marzo,3,DOBLE O CARTA 2.1   28 MM  CAJA X 30 BLANCO,ANILLO DOBLE O,0,0,400
122098,2023,Marzo,3,DOBLE O CARTA 2.1   28 MM  CAJA X 30 NEGRO,ANILLO DOBLE O,1,71500,356
122099,2023,Marzo,3,DOBLE O CARTA 2.1   32 MM  CAJA X 30 BLANCO,ANILLO DOBLE O,1,79000,357
122100,2023,Marzo,3,DOBLE O CARTA 2.1   32 MM  CAJA X 30 NEGRO,ANILLO DOBLE O,0,0,167
122101,2023,Marzo,3,DOBLE O CARTA 3.1    8 MM   CAJA X 100 BLANCO,ANILLO DOBLE O,9,259875,348
122102,2023,Marzo,3,DOBLE O CARTA 3.1    8 MM  CAJA X 100 NEGRO,ANILLO DOBLE O,4,126000,276
122103,2023,Marzo,3,DOBLE O CARTA 3.1    9 MM  CAJA X 100 BLANCO,ANILLO DOBLE O,3,120000,308
122104,2023,Marzo,3,DOBLE O CARTA 3.1    9 MM  CAJA X 100 NEGRO,ANILLO DOBLE O,19,700000,192
122105,2023,Marzo,3,DOBLE O CARTA 3.1   11 MM  CAJA X 100 BLANCO,ANILLO DOBLE O,35,1682500,391
122106,2023,Marzo,3,DOBLE O CARTA 3.1   11 MM  CAJA X 100 NEGRO,ANILLO DOBLE O,1,50500,209
122108,2023,Marzo,3,DOBLE O CARTA 3.1   12 MM  CAJA X 100 BLANCO,ANILLO DOBLE O,10,520000,744
122107,2023,Marzo,3,DOBLE O CARTA 3.1   12 MM  CAJA X 100 NEGRO,ANILLO DOBLE O,1,53500,253
122109,2023,Marzo,3,DOBLE O CARTA 3.1   12 MM  CAJA X 100 PLATA,ANILLO DOBLE O,0,0,182
122110,2023,Marzo,3,DOBLE O CARTA 3.1   14 MM  CAJA X 100 BLANCO,ANILLO DOBLE O,1,71500,279
122111,2023,Marzo,3,DOBLE O CARTA 3.1   14 MM  CAJA X 100 NEGRO,ANILLO DOBLE O,1,71500,264
111001,2023,Marzo,3,ROLLO 113 MM X 60 MTS 175 MICRAS,LAMINACION,38,1122880,1315
111002,2023,Marzo,3,ROLLO 113 MM X 60 MTS 250 MICRAS,LAMINACION,21,900900,292
111003,2023,Marzo,3,ROLLO 226 MM X 60 MTS 125 MICRAS,LAMINACION,463,20249280,0
111004,2023,Marzo,3,ROLLO 226 MM X 60 MTS 175 MICRAS,LAMINACION,3,217800,141
111005,2023,Marzo,3,ROLLO 226 MM X 60 MTS 250 MICRAS,LAMINACION,0,0,0
111007,2023,Marzo,3,ROLLO 300 MM X 60 MTS 125 MICRAS,LAMINACION,0,0,0
111008,2023,Marzo,3,ROLLO 300 MM X 60 MTS 250 MICRAS,LAMINACION,8,936000,43
111018,2023,Marzo,3,ROLLO 350 MM X 60 MTS 250 MICRAS,LAMINACION,0,0,324
111010,2023,Marzo,3,ROLLO 375 MM X 60 MTS 125 MICRAS,LAMINACION,217,15624000,0
111013,2023,Marzo,3,ROLLO 375 MM X 75 MTS 75 MICRAS MATTE,LAMINACION,4,277200,130
111014,2023,Marzo,3,ROLLO 450 MM X 75 MTS 75 MICRAS BRILLANTE,LAMINACION,9,702900,21
111019,2023,Marzo,3,ROLLO 540 MM X 60 MTS 125 MICRAS,LAMINACION,0,0,0
111020,2023,Marzo,3,ROLLO 540 MM X 60 MTS 175 MICRAS,LAMINACION,0,0,0
111016,2023,Marzo,3,ROLLO 680 MM X 60 MTS 125 MICRAS BRILLANTE,LAMINACION,146,27605420,0
112001,2023,Marzo,3,ROLLO BOPP BRILLANTE 250 MM X 4000 MT 18 MIC,PLASTIFICACION,7,2471690,104
112002,2023,Marzo,3,ROLLO BOPP BRILLANTE 300 MM X 4000 MT 18 MIC,PLASTIFICACION,18,7510610,77
112003,2023,Marzo,3,ROLLO BOPP BRILLANTE 330 MM X 200 MT 23 MIC,PLASTIFICACION,0,0,0
112006,2023,Marzo,3,ROLLO BOPP BRILLANTE 345 MM X 4000 MT 18 MIC,PLASTIFICACION,23,11064700,201
112026,2023,Marzo,3,ROLLO BOPP BRILLANTE 400 MM X 4000 MT 18 MIC,PLASTIFICACION,8,4173150,92
112007,2023,Marzo,3,ROLLO BOPP BRILLANTE 445 MM X 4000 MT 18 MIC,PLASTIFICACION,3,1700980,0
112029,2023,Marzo,3,ROLLO BOPP BRILLANTE 495 MM X 2000 MT 18 MIC,PLASTIFICACION,5,1664400,57
112008,2023,Marzo,3,ROLLO BOPP BRILLANTE 495 MM X 4000 MT 18 MIC,PLASTIFICACION,50,34023480,29
112028,2023,Marzo,3,ROLLO BOPP BRILLANTE 595 MM X 4000 MT 18 MIC,PLASTIFICACION,19,11430990,16
112009,2023,Marzo,3,ROLLO BOPP BRILLANTE 695 MM X 4000 MT 18 MIC,PLASTIFICACION,0,0,0
112024,2023,Marzo,3,ROLLO BOPP MATE 200 MM X 4000 MT 18 MIC,PLASTIFICACION,0,0,0
112010,2023,Marzo,3,ROLLO BOPP MATE 250 MM X 4000 MT 18 MIC,PLASTIFICACION,7,2379600,82
112011,2023,Marzo,3,ROLLO BOPP MATE 300 MM X 4000 MT 18 MIC,PLASTIFICACION,15,6083300,145
112012,2023,Marzo,3,ROLLO BOPP MATE 330 MM X 200 MT 23 MIC,PLASTIFICACION,2,112000,5
112021,2023,Marzo,3,ROLLO BOPP MATE 330 MM X 4000 MT 18 MIC,PLASTIFICACION,0,0,0
112013,2023,Marzo,3,ROLLO BOPP MATE 330 MM X 500 MT 22 MIC,PLASTIFICACION,12,1560000,219
112015,2023,Marzo,3,ROLLO BOPP MATE 345 MM X 4000 MT 18 MIC,PLASTIFICACION,38,16672350,58
112025,2023,Marzo,3,ROLLO BOPP MATE 400 MM X 4000 MT 18 MIC,PLASTIFICACION,6,3436400,87
112016,2023,Marzo,3,ROLLO BOPP MATE 445 MM X 4000 MT 18 MIC,PLASTIFICACION,0,0,0
112017,2023,Marzo,3,ROLLO BOPP MATE 495 MM X 4000 MT 18 MIC,PLASTIFICACION,42,26976460,326
112018,2023,Marzo,3,ROLLO BOPP MATE 595 MM X 4000 MT 18 MIC,PLASTIFICACION,6,3474050,37
112019,2023,Marzo,3,ROLLO BOPP MATE 695 MM X 4000 MT 18 MIC,PLASTIFICACION,15,10089600,60
112005,2023,Marzo,3,ROLLO SUPERBONDING BRILLANTE 330 MM X 500 MT 30 MIC,PLASTIFICACION,0,0,64
122041,2023,Marzo,3,TIRA 2.1 X 64 LOOPS  12MM CAJA X 540 BLANCO,ANILLO DOBLE O,10,4544100,119
122042,2023,Marzo,3,TIRA 2.1 X 64 LOOPS  12MM CAJA X 540 NEGRO,ANILLO DOBLE O,3,1239300,115
122043,2023,Marzo,3,TIRA 2.1 X 64 LOOPS  12MM CAJA X 540 PLATA,ANILLO DOBLE O,0,0,70
122044,2023,Marzo,3,TIRA 2.1 X 64 LOOPS  14MM CAJA X 384 BLANCO,ANILLO DOBLE O,4,1686090,43
122045,2023,Marzo,3,TIRA 2.1 X 64 LOOPS  14MM CAJA X 384 NEGRO,ANILLO DOBLE O,2,774690,33
122046,2023,Marzo,3,TIRA 2.1 X 64 LOOPS  14MM CAJA X 384 PLATA,ANILLO DOBLE O,1,429250,32
122047,2023,Marzo,3,TIRA 2.1 X 64 LOOPS  16MM CAJA X 308 BLANCO,ANILLO DOBLE O,6,2380000,137
122048,2023,Marzo,3,TIRA 2.1 X 64 LOOPS  16MM CAJA X 308 BRONCE,ANILLO DOBLE O,0,0,25
122049,2023,Marzo,3,TIRA 2.1 X 64 LOOPS  16MM CAJA X 308 NEGRO,ANILLO DOBLE O,14,5527500,158
122050,2023,Marzo,3,TIRA 2.1 X 64 LOOPS  16MM CAJA X 308 PLATA,ANILLO DOBLE O,0,0,64
122051,2023,Marzo,3,TIRA 2.1 X 64 LOOPS  19MM CAJA X 252 BLANCO,ANILLO DOBLE O,6,2657760,101
122052,2023,Marzo,3,TIRA 2.1 X 64 LOOPS  19MM CAJA X 252 BRONCE,ANILLO DOBLE O,0,0,0
122053,2023,Marzo,3,TIRA 2.1 X 64 LOOPS  19MM CAJA X 252 NEGRO,ANILLO DOBLE O,8,3546160,70
122054,2023,Marzo,3,TIRA 2.1 X 64 LOOPS  19MM CAJA X 252 PLATA,ANILLO DOBLE O,0,0,6
122055,2023,Marzo,3,TIRA 2.1 X 64 LOOPS  22MM CAJA X 192 BLANCO,ANILLO DOBLE O,2,956000,38
122056,2023,Marzo,3,TIRA 2.1 X 64 LOOPS  22MM CAJA X 192 BRONCE,ANILLO DOBLE O,0,0,2
122057,2023,Marzo,3,TIRA 2.1 X 64 LOOPS  22MM CAJA X 192 NEGRO,ANILLO DOBLE O,0,0,60
122058,2023,Marzo,3,TIRA 2.1 X 64 LOOPS  22MM CAJA X 192 PLATA,ANILLO DOBLE O,1,537600,13
122059,2023,Marzo,3,TIRA 2.1 X 64 LOOPS  25MM CAJA X 140 BLANCO,ANILLO DOBLE O,11,3690450,83
122077,2023,Marzo,3,TIRA 2.1 X 64 LOOPS  25MM CAJA X 140 BRONCE,ANILLO DOBLE O,0,0,17
122060,2023,Marzo,3,TIRA 2.1 X 64 LOOPS  25MM CAJA X 140 NEGRO,ANILLO DOBLE O,13,4800708,53
122061,2023,Marzo,3,TIRA 2.1 X 64 LOOPS  25MM CAJA X 140 PLATA,ANILLO DOBLE O,0,0,28
122062,2023,Marzo,3,TIRA 2.1 X 64 LOOPS  28MM CAJA X 96 BLANCO,ANILLO DOBLE O,0,0,81
122063,2023,Marzo,3,TIRA 2.1 X 64 LOOPS  28MM CAJA X 96 NEGRO,ANILLO DOBLE O,0,0,48
122064,2023,Marzo,3,TIRA 2.1 X 64 LOOPS  28MM CAJA X 96 PLATA,ANILLO DOBLE O,0,0,32
122065,2023,Marzo,3,TIRA 2.1 X 64 LOOPS  32MM CAJA X 96 BLANCO,ANILLO DOBLE O,0,0,61
122066,2023,Marzo,3,TIRA 2.1 X 64 LOOPS  32MM CAJA X 96 NEGRO,ANILLO DOBLE O,0,0,65
131008,2023,Marzo,3,VARILLA MEDIA LUNA  10 CM X 100 BLANCO,ANILLO DOBLE O,0,0,2413
131007,2023,Marzo,3,VARILLA MEDIA LUNA  10 CM X 100 NEGRO,ANILLO DOBLE O,0,0,1235
131010,2023,Marzo,3,VARILLA MEDIA LUNA  15 CM X 100 BLANCO,ANILLO DOBLE O,0,0,1610
131009,2023,Marzo,3,VARILLA MEDIA LUNA  15 CM X 100 NEGRO,ANILLO DOBLE O,0,0,799
131033,2023,Marzo,3,VARILLA MEDIA LUNA  20 CM X 100 BLANCO,ANILLO DOBLE O,0,0,228
131034,2023,Marzo,3,VARILLA MEDIA LUNA  20 CM X 100 NEGRO,ANILLO DOBLE O,0,0,396
131017,2023,Marzo,3,YOYO ORIGINAL CAJA X 50 AMARILLO,VARIOS,0,0,48
131018,2023,Marzo,3,YOYO ORIGINAL CAJA X 50 AZUL,VARIOS,70,3990000,402
131019,2023,Marzo,3,YOYO ORIGINAL CAJA X 50 BLANCO,VARIOS,0,0,0
131020,2023,Marzo,3,YOYO ORIGINAL CAJA X 50 NEGRO,VARIOS,30,1737700,761
131021,2023,Marzo,3,YOYO ORIGINAL CAJA X 50 ROJO,VARIOS,2,126000,218
131022,2023,Marzo,3,YOYO ORIGINAL CAJA X 50 VERDE,VARIOS,0,0,310
131012,2023,Abril,4,ACETATOS CARTA PAQ X 50,VARIOS,273,3321000,419
113001,2023,Abril,4,BOLSILLO CARNET 60 X 90 MM 175 MIC CAJA X 100,LAMINACION,0,0,0
113005,2023,Abril,4,BOLSILLO CARTA 225MM X 288MM 125 MIC CAJA X 100,LAMINACION,1262,51636900,5255
113006,2023,Abril,4,BOLSILLO CARTA 225MM X 288MM 175 MIC CAJA X 100,LAMINACION,117,6600000,2963
113007,2023,Abril,4,BOLSILLO CARTA 225MM X 288MM 250 MIC CAJA X 50,LAMINACION,33,1554900,0
113002,2023,Abril,4,BOLSILLO CEDULA 70 X 100 MM 175 MIC CAJA X 100,LAMINACION,681,4385900,3465
113008,2023,Abril,4,BOLSILLO OFICIO 225MM X 337MM 125 MIC CAJA X 100,LAMINACION,314,16245000,1339
113003,2023,Abril,4,BOLSILLO TARJETA PROPIEDAD 80 X 110 MM 175 MIC CAJA X 100,LAMINACION,321,2524600,9928
121009,2023,Abril,4,CARATULA CARTA GRAIN PAQ X 50 AZUL,CARATULA,0,0,0
121010,2023,Abril,4,CARATULA CARTA GRAIN PAQ X 50 NEGRO,CARATULA,0,0,0
121034,2023,Abril,4,CARATULA CARTA STRIPE PAQ X 50 AMARILLO,CARATULA,416,4700300,609
121017,2023,Abril,4,CARATULA CARTA STRIPE PAQ X 50 AZUL T-1,CARATULA,0,0,0
121018,2023,Abril,4,CARATULA CARTA STRIPE PAQ X 50 AZUL T-2,CARATULA,551,6344960,1916
121019,2023,Abril,4,CARATULA CARTA STRIPE PAQ X 50 HUMO,CARATULA,424,4819560,1730
121020,2023,Abril,4,CARATULA CARTA STRIPE PAQ X 50 LILA,CARATULA,137,1553400,365
121021,2023,Abril,4,CARATULA CARTA STRIPE PAQ X 50 NARANJA,CARATULA,169,1934900,1223
121022,2023,Abril,4,CARATULA CARTA STRIPE PAQ X 50 ROJO,CARATULA,101,1219400,1344
121023,2023,Abril,4,CARATULA CARTA STRIPE PAQ X 50 TRANSPARENTE,CARATULA,1152,13510300,3328
121024,2023,Abril,4,CARATULA CARTA STRIPE PAQ X 50 VERDE T-1,CARATULA,31,388600,1913
121025,2023,Abril,4,CARATULA CARTA STRIPE PAQ X 50 VERDE T-2,CARATULA,74,895200,4918
121032,2023,Abril,4,CARATULA LEGAL STRIPE PAQ X 50 TRANSPARENTE,CARATULA,23,1610000,912
121030,2023,Abril,4,CARATULA OFICIO STRIPE PAQ X 50 TRANSPARENTE,CARATULA,214,2908500,203
121031,2023,Abril,4,CARATULA OFICIO STRIPE PAQ X 50 VERDE T-2,CARATULA,20,279000,213
122009,2023,Abril,4,CARRETE  2.1   16 MM X 10500 LOOPS BLANCO,ANILLO DOBLE O,2,598500,0
122010,2023,Abril,4,CARRETE  2.1   16 MM X 10500 LOOPS NEGRO,ANILLO DOBLE O,0,0,31
122011,2023,Abril,4,CARRETE  2.1   16 MM X 10500 LOOPS PLATA,ANILLO DOBLE O,0,0,9
122013,2023,Abril,4,CARRETE  2.1   19 MM X 7000 LOOPS BLANCO,ANILLO DOBLE O,0,0,34
122016,2023,Abril,4,CARRETE  2.1   19 MM X 7000 LOOPS BRONCE,ANILLO DOBLE O,0,0,2
122014,2023,Abril,4,CARRETE  2.1   19 MM X 7000 LOOPS NEGRO,ANILLO DOBLE O,5,1400700,15
122015,2023,Abril,4,CARRETE  2.1   19 MM X 7000 LOOPS PLATA,ANILLO DOBLE O,0,0,19
122017,2023,Abril,4,CARRETE  3.1    8 MM X 60000 LOOPS BLANCO,ANILLO DOBLE O,0,0,71
122018,2023,Abril,4,CARRETE  3.1    8 MM X 60000 LOOPS NEGRO,ANILLO DOBLE O,0,0,24
122019,2023,Abril,4,CARRETE  3.1    8 MM X 60000 LOOPS PLATA,ANILLO DOBLE O,0,0,21
122020,2023,Abril,4,CARRETE  3.1    9 MM X 43000 LOOPS BLANCO,ANILLO DOBLE O,7,2752200,63
122021,2023,Abril,4,CARRETE  3.1    9 MM X 43000 LOOPS BRONCE,ANILLO DOBLE O,0,0,39
122022,2023,Abril,4,CARRETE  3.1    9 MM X 43000 LOOPS NEGRO,ANILLO DOBLE O,0,0,1
122023,2023,Abril,4,CARRETE  3.1    9 MM X 43000 LOOPS PLATA,ANILLO DOBLE O,0,0,31
122024,2023,Abril,4,CARRETE  3.1   11 MM X 32000 LOOPS BLANCO,ANILLO DOBLE O,9,3451140,41
122025,2023,Abril,4,CARRETE  3.1   11 MM X 32000 LOOPS NEGRO,ANILLO DOBLE O,0,0,2
122026,2023,Abril,4,CARRETE  3.1   12 MM X 24000 LOOPS BLANCO,ANILLO DOBLE O,2,637500,48
122027,2023,Abril,4,CARRETE  3.1   12 MM X 24000 LOOPS NEGRO,ANILLO DOBLE O,3,1031250,38
122028,2023,Abril,4,CARRETE  3.1   12 MM X 24000 LOOPS PLATA,ANILLO DOBLE O,1,352750,12
122029,2023,Abril,4,CARRETE  3.1   14 MM X 19300 LOOPS BLANCO,ANILLO DOBLE O,0,0,20
122030,2023,Abril,4,CARRETE  3.1   14 MM X 19300 LOOPS NEGRO,ANILLO DOBLE O,0,0,32
122031,2023,Abril,4,CARRETE  3.1   14 MM X 19300 LOOPS PLATA,ANILLO DOBLE O,0,0,12
122081,2023,Abril,4,DOBLE O CARTA 2.1    8 MM  CAJA X 100 BLANCO,ANILLO DOBLE O,6,159000,244
122082,2023,Abril,4,DOBLE O CARTA 2.1    8 MM  CAJA X 100 NEGRO,ANILLO DOBLE O,0,0,305
122083,2023,Abril,4,DOBLE O CARTA 2.1    9 MM  CAJA X 100 BLANCO,ANILLO DOBLE O,10,315000,242
122084,2023,Abril,4,DOBLE O CARTA 2.1    9 MM  CAJA X 100 NEGRO,ANILLO DOBLE O,5,133875,208
122085,2023,Abril,4,DOBLE O CARTA 2.1   12 MM  CAJA X 100 BLANCO,ANILLO DOBLE O,7,308000,20
122086,2023,Abril,4,DOBLE O CARTA 2.1   12 MM  CAJA X 100 NEGRO,ANILLO DOBLE O,1,44000,215
122087,2023,Abril,4,DOBLE O CARTA 2.1   14 MM  CAJA X 100 BLANCO,ANILLO DOBLE O,0,0,264
122088,2023,Abril,4,DOBLE O CARTA 2.1   14 MM  CAJA X 100 NEGRO,ANILLO DOBLE O,0,0,200
122089,2023,Abril,4,DOBLE O CARTA 2.1   16 MM  CAJA X 50 BLANCO,ANILLO DOBLE O,15,532000,301
122090,2023,Abril,4,DOBLE O CARTA 2.1   16 MM  CAJA X 50 NEGRO,ANILLO DOBLE O,0,0,251
122091,2023,Abril,4,DOBLE O CARTA 2.1   19 MM  CAJA X 50 BLANCO,ANILLO DOBLE O,18,765000,295
122112,2023,Abril,4,DOBLE O CARTA 2.1   19 MM  CAJA X 50 BRONCE,ANILLO DOBLE O,0,0,0
122092,2023,Abril,4,DOBLE O CARTA 2.1   19 MM  CAJA X 50 NEGRO,ANILLO DOBLE O,14,585000,305
122093,2023,Abril,4,DOBLE O CARTA 2.1   22 MM  CAJA X 50 BLANCO,ANILLO DOBLE O,4,236000,236
122094,2023,Abril,4,DOBLE O CARTA 2.1   22 MM  CAJA X 50 NEGRO,ANILLO DOBLE O,0,0,57
122095,2023,Abril,4,DOBLE O CARTA 2.1   25 MM  CAJA X 50 BLANCO,ANILLO DOBLE O,0,0,311
122096,2023,Abril,4,DOBLE O CARTA 2.1   25 MM  CAJA X 50 NEGRO,ANILLO DOBLE O,0,0,203
122097,2023,Abril,4,DOBLE O CARTA 2.1   28 MM  CAJA X 30 BLANCO,ANILLO DOBLE O,0,0,400
122098,2023,Abril,4,DOBLE O CARTA 2.1   28 MM  CAJA X 30 NEGRO,ANILLO DOBLE O,1,71500,355
122099,2023,Abril,4,DOBLE O CARTA 2.1   32 MM  CAJA X 30 BLANCO,ANILLO DOBLE O,0,0,356
122100,2023,Abril,4,DOBLE O CARTA 2.1   32 MM  CAJA X 30 NEGRO,ANILLO DOBLE O,10,671500,157
122101,2023,Abril,4,DOBLE O CARTA 3.1    8 MM   CAJA X 100 BLANCO,ANILLO DOBLE O,1,31500,347
122102,2023,Abril,4,DOBLE O CARTA 3.1    8 MM  CAJA X 100 NEGRO,ANILLO DOBLE O,0,0,276
122103,2023,Abril,4,DOBLE O CARTA 3.1    9 MM  CAJA X 100 BLANCO,ANILLO DOBLE O,9,360000,299
122104,2023,Abril,4,DOBLE O CARTA 3.1    9 MM  CAJA X 100 NEGRO,ANILLO DOBLE O,1,40000,201
122105,2023,Abril,4,DOBLE O CARTA 3.1   11 MM  CAJA X 100 BLANCO,ANILLO DOBLE O,0,0,391
122106,2023,Abril,4,DOBLE O CARTA 3.1   11 MM  CAJA X 100 NEGRO,ANILLO DOBLE O,6,265125,203
122108,2023,Abril,4,DOBLE O CARTA 3.1   12 MM  CAJA X 100 BLANCO,ANILLO DOBLE O,0,0,744
122107,2023,Abril,4,DOBLE O CARTA 3.1   12 MM  CAJA X 100 NEGRO,ANILLO DOBLE O,10,454750,243
122109,2023,Abril,4,DOBLE O CARTA 3.1   12 MM  CAJA X 100 PLATA,ANILLO DOBLE O,0,0,182
122110,2023,Abril,4,DOBLE O CARTA 3.1   14 MM  CAJA X 100 BLANCO,ANILLO DOBLE O,0,0,279
122111,2023,Abril,4,DOBLE O CARTA 3.1   14 MM  CAJA X 100 NEGRO,ANILLO DOBLE O,0,0,264
111001,2023,Abril,4,ROLLO 113 MM X 60 MTS 175 MICRAS,LAMINACION,60,1748120,1255
111002,2023,Abril,4,ROLLO 113 MM X 60 MTS 250 MICRAS,LAMINACION,0,0,292
111003,2023,Abril,4,ROLLO 226 MM X 60 MTS 125 MICRAS,LAMINACION,3,155100,0
111004,2023,Abril,4,ROLLO 226 MM X 60 MTS 175 MICRAS,LAMINACION,141,9326600,0
111005,2023,Abril,4,ROLLO 226 MM X 60 MTS 250 MICRAS,LAMINACION,0,0,0
111007,2023,Abril,4,ROLLO 300 MM X 60 MTS 125 MICRAS,LAMINACION,0,0,0
111008,2023,Abril,4,ROLLO 300 MM X 60 MTS 250 MICRAS,LAMINACION,9,1056000,34
111018,2023,Abril,4,ROLLO 350 MM X 60 MTS 250 MICRAS,LAMINACION,55,6970560,269
111010,2023,Abril,4,ROLLO 375 MM X 60 MTS 125 MICRAS,LAMINACION,0,0,0
111013,2023,Abril,4,ROLLO 375 MM X 75 MTS 75 MICRAS MATTE,LAMINACION,0,0,130
111014,2023,Abril,4,ROLLO 450 MM X 75 MTS 75 MICRAS BRILLANTE,LAMINACION,10,749760,11
111019,2023,Abril,4,ROLLO 540 MM X 60 MTS 125 MICRAS,LAMINACION,0,0,0
111020,2023,Abril,4,ROLLO 540 MM X 60 MTS 175 MICRAS,LAMINACION,0,0,0
111016,2023,Abril,4,ROLLO 680 MM X 60 MTS 125 MICRAS BRILLANTE,LAMINACION,0,0,0
112001,2023,Abril,4,ROLLO BOPP BRILLANTE 250 MM X 4000 MT 18 MIC,PLASTIFICACION,8,2733000,95
112002,2023,Abril,4,ROLLO BOPP BRILLANTE 300 MM X 4000 MT 18 MIC,PLASTIFICACION,23,9358900,54
112003,2023,Abril,4,ROLLO BOPP BRILLANTE 330 MM X 200 MT 23 MIC,PLASTIFICACION,0,0,0
112006,2023,Abril,4,ROLLO BOPP BRILLANTE 345 MM X 4000 MT 18 MIC,PLASTIFICACION,36,17016040,165
112026,2023,Abril,4,ROLLO BOPP BRILLANTE 400 MM X 4000 MT 18 MIC,PLASTIFICACION,2,1057500,90
112007,2023,Abril,4,ROLLO BOPP BRILLANTE 445 MM X 4000 MT 18 MIC,PLASTIFICACION,0,0,0
112029,2023,Abril,4,ROLLO BOPP BRILLANTE 495 MM X 2000 MT 18 MIC,PLASTIFICACION,1,332310,56
112008,2023,Abril,4,ROLLO BOPP BRILLANTE 495 MM X 4000 MT 18 MIC,PLASTIFICACION,27,18362880,4
112028,2023,Abril,4,ROLLO BOPP BRILLANTE 595 MM X 4000 MT 18 MIC,PLASTIFICACION,2,1143900,14
112009,2023,Abril,4,ROLLO BOPP BRILLANTE 695 MM X 4000 MT 18 MIC,PLASTIFICACION,0,0,0
112024,2023,Abril,4,ROLLO BOPP MATE 200 MM X 4000 MT 18 MIC,PLASTIFICACION,0,0,0
112010,2023,Abril,4,ROLLO BOPP MATE 250 MM X 4000 MT 18 MIC,PLASTIFICACION,13,4363900,73
112011,2023,Abril,4,ROLLO BOPP MATE 300 MM X 4000 MT 18 MIC,PLASTIFICACION,24,9234005,121
112012,2023,Abril,4,ROLLO BOPP MATE 330 MM X 200 MT 23 MIC,PLASTIFICACION,1,56000,4
112021,2023,Abril,4,ROLLO BOPP MATE 330 MM X 4000 MT 18 MIC,PLASTIFICACION,0,0,0
112013,2023,Abril,4,ROLLO BOPP MATE 330 MM X 500 MT 22 MIC,PLASTIFICACION,9,1170000,210
112015,2023,Abril,4,ROLLO BOPP MATE 345 MM X 4000 MT 18 MIC,PLASTIFICACION,31,13762520,27
112025,2023,Abril,4,ROLLO BOPP MATE 400 MM X 4000 MT 18 MIC,PLASTIFICACION,11,5834510,76
112016,2023,Abril,4,ROLLO BOPP MATE 445 MM X 4000 MT 18 MIC,PLASTIFICACION,0,0,0
112017,2023,Abril,4,ROLLO BOPP MATE 495 MM X 4000 MT 18 MIC,PLASTIFICACION,40,26235240,277
112018,2023,Abril,4,ROLLO BOPP MATE 595 MM X 4000 MT 18 MIC,PLASTIFICACION,4,2402520,33
112019,2023,Abril,4,ROLLO BOPP MATE 695 MM X 4000 MT 18 MIC,PLASTIFICACION,10,6883275,50
112005,2023,Abril,4,ROLLO SUPERBONDING BRILLANTE 330 MM X 500 MT 30 MIC,PLASTIFICACION,0,0,64
122041,2023,Abril,4,TIRA 2.1 X 64 LOOPS  12MM CAJA X 540 BLANCO,ANILLO DOBLE O,4,1822500,115
122042,2023,Abril,4,TIRA 2.1 X 64 LOOPS  12MM CAJA X 540 NEGRO,ANILLO DOBLE O,2,923400,113
122043,2023,Abril,4,TIRA 2.1 X 64 LOOPS  12MM CAJA X 540 PLATA,ANILLO DOBLE O,0,0,70
122044,2023,Abril,4,TIRA 2.1 X 64 LOOPS  14MM CAJA X 384 BLANCO,ANILLO DOBLE O,7,2870910,36
122045,2023,Abril,4,TIRA 2.1 X 64 LOOPS  14MM CAJA X 384 NEGRO,ANILLO DOBLE O,3,1298745,30
122046,2023,Abril,4,TIRA 2.1 X 64 LOOPS  14MM CAJA X 384 PLATA,ANILLO DOBLE O,1,454500,31
122047,2023,Abril,4,TIRA 2.1 X 64 LOOPS  16MM CAJA X 308 BLANCO,ANILLO DOBLE O,21,8202500,116
122048,2023,Abril,4,TIRA 2.1 X 64 LOOPS  16MM CAJA X 308 BRONCE,ANILLO DOBLE O,0,0,25
122049,2023,Abril,4,TIRA 2.1 X 64 LOOPS  16MM CAJA X 308 NEGRO,ANILLO DOBLE O,9,3633750,149
122050,2023,Abril,4,TIRA 2.1 X 64 LOOPS  16MM CAJA X 308 PLATA,ANILLO DOBLE O,3,1215585,61
122051,2023,Abril,4,TIRA 2.1 X 64 LOOPS  19MM CAJA X 252 BLANCO,ANILLO DOBLE O,9,3867990,90
122052,2023,Abril,4,TIRA 2.1 X 64 LOOPS  19MM CAJA X 252 BRONCE,ANILLO DOBLE O,0,0,0
122053,2023,Abril,4,TIRA 2.1 X 64 LOOPS  19MM CAJA X 252 NEGRO,ANILLO DOBLE O,3,1376340,69
122054,2023,Abril,4,TIRA 2.1 X 64 LOOPS  19MM CAJA X 252 PLATA,ANILLO DOBLE O,0,0,6
122055,2023,Abril,4,TIRA 2.1 X 64 LOOPS  22MM CAJA X 192 BLANCO,ANILLO DOBLE O,5,1983700,33
122056,2023,Abril,4,TIRA 2.1 X 64 LOOPS  22MM CAJA X 192 BRONCE,ANILLO DOBLE O,0,0,2
122057,2023,Abril,4,TIRA 2.1 X 64 LOOPS  22MM CAJA X 192 NEGRO,ANILLO DOBLE O,23,9904900,36
122058,2023,Abril,4,TIRA 2.1 X 64 LOOPS  22MM CAJA X 192 PLATA,ANILLO DOBLE O,6,3097600,7
122059,2023,Abril,4,TIRA 2.1 X 64 LOOPS  25MM CAJA X 140 BLANCO,ANILLO DOBLE O,1,396150,82
122077,2023,Abril,4,TIRA 2.1 X 64 LOOPS  25MM CAJA X 140 BRONCE,ANILLO DOBLE O,0,0,17
122060,2023,Abril,4,TIRA 2.1 X 64 LOOPS  25MM CAJA X 140 NEGRO,ANILLO DOBLE O,5,1939050,48
122061,2023,Abril,4,TIRA 2.1 X 64 LOOPS  25MM CAJA X 140 PLATA,ANILLO DOBLE O,0,0,28
122062,2023,Abril,4,TIRA 2.1 X 64 LOOPS  28MM CAJA X 96 BLANCO,ANILLO DOBLE O,0,0,81
122063,2023,Abril,4,TIRA 2.1 X 64 LOOPS  28MM CAJA X 96 NEGRO,ANILLO DOBLE O,0,0,48
122064,2023,Abril,4,TIRA 2.1 X 64 LOOPS  28MM CAJA X 96 PLATA,ANILLO DOBLE O,0,0,32
122065,2023,Abril,4,TIRA 2.1 X 64 LOOPS  32MM CAJA X 96 BLANCO,ANILLO DOBLE O,2,829920,59
122066,2023,Abril,4,TIRA 2.1 X 64 LOOPS  32MM CAJA X 96 NEGRO,ANILLO DOBLE O,1,440895,64
131008,2023,Abril,4,VARILLA MEDIA LUNA  10 CM X 100 BLANCO,ANILLO DOBLE O,0,0,2467
131007,2023,Abril,4,VARILLA MEDIA LUNA  10 CM X 100 NEGRO,ANILLO DOBLE O,0,0,1180
131010,2023,Abril,4,VARILLA MEDIA LUNA  15 CM X 100 BLANCO,ANILLO DOBLE O,0,0,1641
131009,2023,Abril,4,VARILLA MEDIA LUNA  15 CM X 100 NEGRO,ANILLO DOBLE O,0,0,768
131033,2023,Abril,4,VARILLA MEDIA LUNA  20 CM X 100 BLANCO,ANILLO DOBLE O,185,3112200,43
131034,2023,Abril,4,VARILLA MEDIA LUNA  20 CM X 100 NEGRO,ANILLO DOBLE O,0,0,396
131017,2023,Abril,4,YOYO ORIGINAL CAJA X 50 AMARILLO,VARIOS,12,756000,36
131018,2023,Abril,4,YOYO ORIGINAL CAJA X 50 AZUL,VARIOS,32,1876000,370
131019,2023,Abril,4,YOYO ORIGINAL CAJA X 50 BLANCO,VARIOS,0,0,0
131020,2023,Abril,4,YOYO ORIGINAL CAJA X 50 NEGRO,VARIOS,16,1008000,751
131021,2023,Abril,4,YOYO ORIGINAL CAJA X 50 ROJO,VARIOS,16,1008000,192
131022,2023,Abril,4,YOYO ORIGINAL CAJA X 50 VERDE,VARIOS,40,2240000,270
131012,2023,Mayo,5,ACETATOS CARTA PAQ X 50,VARIOS,419,4525200,0
113001,2023,Mayo,5,BOLSILLO CARNET 60 X 90 MM 175 MIC CAJA X 100,LAMINACION,0,0,3000
113005,2023,Mayo,5,BOLSILLO CARTA 225MM X 288MM 125 MIC CAJA X 100,LAMINACION,1284,54184800,3971
113006,2023,Mayo,5,BOLSILLO CARTA 225MM X 288MM 175 MIC CAJA X 100,LAMINACION,155,8840000,2808
113007,2023,Mayo,5,BOLSILLO CARTA 225MM X 288MM 250 MIC CAJA X 50,LAMINACION,112,5435900,3888
113002,2023,Mayo,5,BOLSILLO CEDULA 70 X 100 MM 175 MIC CAJA X 100,LAMINACION,687,4404380,12778
113008,2023,Mayo,5,BOLSILLO OFICIO 225MM X 337MM 125 MIC CAJA X 100,LAMINACION,511,26011500,2828
113003,2023,Mayo,5,BOLSILLO TARJETA PROPIEDAD 80 X 110 MM 175 MIC CAJA X 100,LAMINACION,468,3673160,9460
121009,2023,Mayo,5,CARATULA CARTA GRAIN PAQ X 50 AZUL,CARATULA,0,0,0
121010,2023,Mayo,5,CARATULA CARTA GRAIN PAQ X 50 NEGRO,CARATULA,0,0,0
121034,2023,Mayo,5,CARATULA CARTA STRIPE PAQ X 50 AMARILLO,CARATULA,106,1284360,503
121017,2023,Mayo,5,CARATULA CARTA STRIPE PAQ X 50 AZUL T-1,CARATULA,0,0,0
121018,2023,Mayo,5,CARATULA CARTA STRIPE PAQ X 50 AZUL T-2,CARATULA,220,2661800,1696
121019,2023,Mayo,5,CARATULA CARTA STRIPE PAQ X 50 HUMO,CARATULA,178,2155520,1552
121020,2023,Mayo,5,CARATULA CARTA STRIPE PAQ X 50 LILA,CARATULA,60,730500,305
121021,2023,Mayo,5,CARATULA CARTA STRIPE PAQ X 50 NARANJA,CARATULA,133,1502160,1090
121022,2023,Mayo,5,CARATULA CARTA STRIPE PAQ X 50 ROJO,CARATULA,153,1853900,1191
121023,2023,Mayo,5,CARATULA CARTA STRIPE PAQ X 50 TRANSPARENTE,CARATULA,1249,15142200,2079
121024,2023,Mayo,5,CARATULA CARTA STRIPE PAQ X 50 VERDE T-1,CARATULA,86,1038500,1827
121025,2023,Mayo,5,CARATULA CARTA STRIPE PAQ X 50 VERDE T-2,CARATULA,182,2205500,4736
121032,2023,Mayo,5,CARATULA LEGAL STRIPE PAQ X 50 TRANSPARENTE,CARATULA,24,1670000,888
121030,2023,Mayo,5,CARATULA OFICIO STRIPE PAQ X 50 TRANSPARENTE,CARATULA,116,1624400,87
121031,2023,Mayo,5,CARATULA OFICIO STRIPE PAQ X 50 VERDE T-2,CARATULA,11,155000,202
122009,2023,Mayo,5,CARRETE  2.1   16 MM X 10500 LOOPS BLANCO,ANILLO DOBLE O,1,315000,29
122010,2023,Mayo,5,CARRETE  2.1   16 MM X 10500 LOOPS NEGRO,ANILLO DOBLE O,20,5355000,11
122011,2023,Mayo,5,CARRETE  2.1   16 MM X 10500 LOOPS PLATA,ANILLO DOBLE O,0,0,9
122013,2023,Mayo,5,CARRETE  2.1   19 MM X 7000 LOOPS BLANCO,ANILLO DOBLE O,41,10658000,3
122016,2023,Mayo,5,CARRETE  2.1   19 MM X 7000 LOOPS BRONCE,ANILLO DOBLE O,2,670320,0
122014,2023,Mayo,5,CARRETE  2.1   19 MM X 7000 LOOPS NEGRO,ANILLO DOBLE O,15,3882375,10
122015,2023,Mayo,5,CARRETE  2.1   19 MM X 7000 LOOPS PLATA,ANILLO DOBLE O,0,0,26
122017,2023,Mayo,5,CARRETE  3.1    8 MM X 60000 LOOPS BLANCO,ANILLO DOBLE O,3,1239300,98
122018,2023,Mayo,5,CARRETE  3.1    8 MM X 60000 LOOPS NEGRO,ANILLO DOBLE O,3,1239300,51
122019,2023,Mayo,5,CARRETE  3.1    8 MM X 60000 LOOPS PLATA,ANILLO DOBLE O,0,0,21
122020,2023,Mayo,5,CARRETE  3.1    9 MM X 43000 LOOPS BLANCO,ANILLO DOBLE O,35,12801900,108
122021,2023,Mayo,5,CARRETE  3.1    9 MM X 43000 LOOPS BRONCE,ANILLO DOBLE O,0,0,39
122022,2023,Mayo,5,CARRETE  3.1    9 MM X 43000 LOOPS NEGRO,ANILLO DOBLE O,1,375300,60
122023,2023,Mayo,5,CARRETE  3.1    9 MM X 43000 LOOPS PLATA,ANILLO DOBLE O,0,0,31
122024,2023,Mayo,5,CARRETE  3.1   11 MM X 32000 LOOPS BLANCO,ANILLO DOBLE O,16,5883570,55
122025,2023,Mayo,5,CARRETE  3.1   11 MM X 32000 LOOPS NEGRO,ANILLO DOBLE O,0,0,32
122026,2023,Mayo,5,CARRETE  3.1   12 MM X 24000 LOOPS BLANCO,ANILLO DOBLE O,13,4181250,55
122027,2023,Mayo,5,CARRETE  3.1   12 MM X 24000 LOOPS NEGRO,ANILLO DOBLE O,9,2868750,39
122028,2023,Mayo,5,CARRETE  3.1   12 MM X 24000 LOOPS PLATA,ANILLO DOBLE O,0,0,12
122029,2023,Mayo,5,CARRETE  3.1   14 MM X 19300 LOOPS BLANCO,ANILLO DOBLE O,5,1787940,15
122030,2023,Mayo,5,CARRETE  3.1   14 MM X 19300 LOOPS NEGRO,ANILLO DOBLE O,4,1444800,28
122031,2023,Mayo,5,CARRETE  3.1   14 MM X 19300 LOOPS PLATA,ANILLO DOBLE O,0,0,12
122081,2023,Mayo,5,DOBLE O CARTA 2.1    8 MM  CAJA X 100 BLANCO,ANILLO DOBLE O,0,0,244
122082,2023,Mayo,5,DOBLE O CARTA 2.1    8 MM  CAJA X 100 NEGRO,ANILLO DOBLE O,1,26500,304
122083,2023,Mayo,5,DOBLE O CARTA 2.1    9 MM  CAJA X 100 BLANCO,ANILLO DOBLE O,5,157500,237
122084,2023,Mayo,5,DOBLE O CARTA 2.1    9 MM  CAJA X 100 NEGRO,ANILLO DOBLE O,5,157500,203
122085,2023,Mayo,5,DOBLE O CARTA 2.1   12 MM  CAJA X 100 BLANCO,ANILLO DOBLE O,2,88000,18
122086,2023,Mayo,5,DOBLE O CARTA 2.1   12 MM  CAJA X 100 NEGRO,ANILLO DOBLE O,22,875600,193
122087,2023,Mayo,5,DOBLE O CARTA 2.1   14 MM  CAJA X 100 BLANCO,ANILLO DOBLE O,2,116000,262
122088,2023,Mayo,5,DOBLE O CARTA 2.1   14 MM  CAJA X 100 NEGRO,ANILLO DOBLE O,2,116000,198
122089,2023,Mayo,5,DOBLE O CARTA 2.1   16 MM  CAJA X 50 BLANCO,ANILLO DOBLE O,25,912000,576
122090,2023,Mayo,5,DOBLE O CARTA 2.1   16 MM  CAJA X 50 NEGRO,ANILLO DOBLE O,22,756200,229
122091,2023,Mayo,5,DOBLE O CARTA 2.1   19 MM  CAJA X 50 BLANCO,ANILLO DOBLE O,9,405000,286
122112,2023,Mayo,5,DOBLE O CARTA 2.1   19 MM  CAJA X 50 BRONCE,ANILLO DOBLE O,0,0,200
122092,2023,Mayo,5,DOBLE O CARTA 2.1   19 MM  CAJA X 50 NEGRO,ANILLO DOBLE O,26,1046250,279
122093,2023,Mayo,5,DOBLE O CARTA 2.1   22 MM  CAJA X 50 BLANCO,ANILLO DOBLE O,3,177000,233
122094,2023,Mayo,5,DOBLE O CARTA 2.1   22 MM  CAJA X 50 NEGRO,ANILLO DOBLE O,8,427750,49
122095,2023,Mayo,5,DOBLE O CARTA 2.1   25 MM  CAJA X 50 BLANCO,ANILLO DOBLE O,1,71500,310
122096,2023,Mayo,5,DOBLE O CARTA 2.1   25 MM  CAJA X 50 NEGRO,ANILLO DOBLE O,3,193050,200
122097,2023,Mayo,5,DOBLE O CARTA 2.1   28 MM  CAJA X 30 BLANCO,ANILLO DOBLE O,0,0,400
122098,2023,Mayo,5,DOBLE O CARTA 2.1   28 MM  CAJA X 30 NEGRO,ANILLO DOBLE O,0,0,355
122099,2023,Mayo,5,DOBLE O CARTA 2.1   32 MM  CAJA X 30 BLANCO,ANILLO DOBLE O,2,158000,354
122100,2023,Mayo,5,DOBLE O CARTA 2.1   32 MM  CAJA X 30 NEGRO,ANILLO DOBLE O,9,620150,148
122101,2023,Mayo,5,DOBLE O CARTA 3.1    8 MM   CAJA X 100 BLANCO,ANILLO DOBLE O,0,0,347
122102,2023,Mayo,5,DOBLE O CARTA 3.1    8 MM  CAJA X 100 NEGRO,ANILLO DOBLE O,3,94500,273
122103,2023,Mayo,5,DOBLE O CARTA 3.1    9 MM  CAJA X 100 BLANCO,ANILLO DOBLE O,19,760000,280
122104,2023,Mayo,5,DOBLE O CARTA 3.1    9 MM  CAJA X 100 NEGRO,ANILLO DOBLE O,21,720000,180
122105,2023,Mayo,5,DOBLE O CARTA 3.1   11 MM  CAJA X 100 BLANCO,ANILLO DOBLE O,0,0,391
122106,2023,Mayo,5,DOBLE O CARTA 3.1   11 MM  CAJA X 100 NEGRO,ANILLO DOBLE O,0,0,203
122108,2023,Mayo,5,DOBLE O CARTA 3.1   12 MM  CAJA X 100 BLANCO,ANILLO DOBLE O,0,0,744
122107,2023,Mayo,5,DOBLE O CARTA 3.1   12 MM  CAJA X 100 NEGRO,ANILLO DOBLE O,21,963000,222
122109,2023,Mayo,5,DOBLE O CARTA 3.1   12 MM  CAJA X 100 PLATA,ANILLO DOBLE O,0,0,182
122110,2023,Mayo,5,DOBLE O CARTA 3.1   14 MM  CAJA X 100 BLANCO,ANILLO DOBLE O,0,0,279
122111,2023,Mayo,5,DOBLE O CARTA 3.1   14 MM  CAJA X 100 NEGRO,ANILLO DOBLE O,1,64350,263
111001,2023,Mayo,5,ROLLO 113 MM X 60 MTS 175 MICRAS,LAMINACION,146,4249080,1109
111002,2023,Mayo,5,ROLLO 113 MM X 60 MTS 250 MICRAS,LAMINACION,0,0,292
111003,2023,Mayo,5,ROLLO 226 MM X 60 MTS 125 MICRAS,LAMINACION,378,16684440,822
111004,2023,Mayo,5,ROLLO 226 MM X 60 MTS 175 MICRAS,LAMINACION,0,0,0
111005,2023,Mayo,5,ROLLO 226 MM X 60 MTS 250 MICRAS,LAMINACION,0,0,210
111007,2023,Mayo,5,ROLLO 300 MM X 60 MTS 125 MICRAS,LAMINACION,2,145200,198
111008,2023,Mayo,5,ROLLO 300 MM X 60 MTS 250 MICRAS,LAMINACION,6,696000,28
111018,2023,Mayo,5,ROLLO 350 MM X 60 MTS 250 MICRAS,LAMINACION,9,1145540,260
111010,2023,Mayo,5,ROLLO 375 MM X 60 MTS 125 MICRAS,LAMINACION,0,0,0
111013,2023,Mayo,5,ROLLO 375 MM X 75 MTS 75 MICRAS MATTE,LAMINACION,2,138600,128
111014,2023,Mayo,5,ROLLO 450 MM X 75 MTS 75 MICRAS BRILLANTE,LAMINACION,11,773190,0
111019,2023,Mayo,5,ROLLO 540 MM X 60 MTS 125 MICRAS,LAMINACION,32,3801600,68
111020,2023,Mayo,5,ROLLO 540 MM X 60 MTS 175 MICRAS,LAMINACION,20,3150000,40
111016,2023,Mayo,5,ROLLO 680 MM X 60 MTS 125 MICRAS BRILLANTE,LAMINACION,26,5160000,174
112001,2023,Mayo,5,ROLLO BOPP BRILLANTE 250 MM X 4000 MT 18 MIC,PLASTIFICACION,13,3920895,132
112002,2023,Mayo,5,ROLLO BOPP BRILLANTE 300 MM X 4000 MT 18 MIC,PLASTIFICACION,24,9185038,31
112003,2023,Mayo,5,ROLLO BOPP BRILLANTE 330 MM X 200 MT 23 MIC,PLASTIFICACION,175,10212000,485
112006,2023,Mayo,5,ROLLO BOPP BRILLANTE 345 MM X 4000 MT 18 MIC,PLASTIFICACION,50,21674323,169
112026,2023,Mayo,5,ROLLO BOPP BRILLANTE 400 MM X 4000 MT 18 MIC,PLASTIFICACION,2,973360,88
112007,2023,Mayo,5,ROLLO BOPP BRILLANTE 445 MM X 4000 MT 18 MIC,PLASTIFICACION,16,8963582,25
112029,2023,Mayo,5,ROLLO BOPP BRILLANTE 495 MM X 2000 MT 18 MIC,PLASTIFICACION,4,1263511,52
112008,2023,Mayo,5,ROLLO BOPP BRILLANTE 495 MM X 4000 MT 18 MIC,PLASTIFICACION,73,44466400,27
112028,2023,Mayo,5,ROLLO BOPP BRILLANTE 595 MM X 4000 MT 18 MIC,PLASTIFICACION,10,5645250,4
112009,2023,Mayo,5,ROLLO BOPP BRILLANTE 695 MM X 4000 MT 18 MIC,PLASTIFICACION,24,15926200,93
112024,2023,Mayo,5,ROLLO BOPP MATE 200 MM X 4000 MT 18 MIC,PLASTIFICACION,0,0,0
112010,2023,Mayo,5,ROLLO BOPP MATE 250 MM X 4000 MT 18 MIC,PLASTIFICACION,28,8013260,103
112011,2023,Mayo,5,ROLLO BOPP MATE 300 MM X 4000 MT 18 MIC,PLASTIFICACION,35,12570575,86
112012,2023,Mayo,5,ROLLO BOPP MATE 330 MM X 200 MT 23 MIC,PLASTIFICACION,86,4893500,398
112021,2023,Mayo,5,ROLLO BOPP MATE 330 MM X 4000 MT 18 MIC,PLASTIFICACION,0,0,0
112013,2023,Mayo,5,ROLLO BOPP MATE 330 MM X 500 MT 22 MIC,PLASTIFICACION,6,880000,204
112015,2023,Mayo,5,ROLLO BOPP MATE 345 MM X 4000 MT 18 MIC,PLASTIFICACION,68,27519780,23
112025,2023,Mayo,5,ROLLO BOPP MATE 400 MM X 4000 MT 18 MIC,PLASTIFICACION,14,6725805,62
112016,2023,Mayo,5,ROLLO BOPP MATE 445 MM X 4000 MT 18 MIC,PLASTIFICACION,37,19620275,13
112017,2023,Mayo,5,ROLLO BOPP MATE 495 MM X 4000 MT 18 MIC,PLASTIFICACION,79,45790420,412
112018,2023,Mayo,5,ROLLO BOPP MATE 595 MM X 4000 MT 18 MIC,PLASTIFICACION,9,4849900,90
112019,2023,Mayo,5,ROLLO BOPP MATE 695 MM X 4000 MT 18 MIC,PLASTIFICACION,34,20279840,61
112005,2023,Mayo,5,ROLLO SUPERBONDING BRILLANTE 330 MM X 500 MT 30 MIC,PLASTIFICACION,0,0,64
122041,2023,Mayo,5,TIRA 2.1 X 64 LOOPS  12MM CAJA X 540 BLANCO,ANILLO DOBLE O,12,5418900,103
122042,2023,Mayo,5,TIRA 2.1 X 64 LOOPS  12MM CAJA X 540 NEGRO,ANILLO DOBLE O,9,3960900,104
122043,2023,Mayo,5,TIRA 2.1 X 64 LOOPS  12MM CAJA X 540 PLATA,ANILLO DOBLE O,0,0,70
122044,2023,Mayo,5,TIRA 2.1 X 64 LOOPS  14MM CAJA X 384 BLANCO,ANILLO DOBLE O,22,8977290,64
122045,2023,Mayo,5,TIRA 2.1 X 64 LOOPS  14MM CAJA X 384 NEGRO,ANILLO DOBLE O,29,12303913,51
122046,2023,Mayo,5,TIRA 2.1 X 64 LOOPS  14MM CAJA X 384 PLATA,ANILLO DOBLE O,1,429250,30
122047,2023,Mayo,5,TIRA 2.1 X 64 LOOPS  16MM CAJA X 308 BLANCO,ANILLO DOBLE O,43,16235000,253
122048,2023,Mayo,5,TIRA 2.1 X 64 LOOPS  16MM CAJA X 308 BRONCE,ANILLO DOBLE O,0,0,45
122049,2023,Mayo,5,TIRA 2.1 X 64 LOOPS  16MM CAJA X 308 NEGRO,ANILLO DOBLE O,21,7905000,168
122050,2023,Mayo,5,TIRA 2.1 X 64 LOOPS  16MM CAJA X 308 PLATA,ANILLO DOBLE O,4,1644615,57
122051,2023,Mayo,5,TIRA 2.1 X 64 LOOPS  19MM CAJA X 252 BLANCO,ANILLO DOBLE O,30,12391161,160
122052,2023,Mayo,5,TIRA 2.1 X 64 LOOPS  19MM CAJA X 252 BRONCE,ANILLO DOBLE O,2,995400,38
122053,2023,Mayo,5,TIRA 2.1 X 64 LOOPS  19MM CAJA X 252 NEGRO,ANILLO DOBLE O,13,5367081,96
122054,2023,Mayo,5,TIRA 2.1 X 64 LOOPS  19MM CAJA X 252 PLATA,ANILLO DOBLE O,4,1949900,42
122055,2023,Mayo,5,TIRA 2.1 X 64 LOOPS  22MM CAJA X 192 BLANCO,ANILLO DOBLE O,23,9488300,51
122056,2023,Mayo,5,TIRA 2.1 X 64 LOOPS  22MM CAJA X 192 BRONCE,ANILLO DOBLE O,1,536750,21
122057,2023,Mayo,5,TIRA 2.1 X 64 LOOPS  22MM CAJA X 192 NEGRO,ANILLO DOBLE O,25,10324800,11
122058,2023,Mayo,5,TIRA 2.1 X 64 LOOPS  22MM CAJA X 192 PLATA,ANILLO DOBLE O,0,0,7
122059,2023,Mayo,5,TIRA 2.1 X 64 LOOPS  25MM CAJA X 140 BLANCO,ANILLO DOBLE O,11,3961500,71
122077,2023,Mayo,5,TIRA 2.1 X 64 LOOPS  25MM CAJA X 140 BRONCE,ANILLO DOBLE O,2,886500,15
122060,2023,Mayo,5,TIRA 2.1 X 64 LOOPS  25MM CAJA X 140 NEGRO,ANILLO DOBLE O,12,4253400,36
122061,2023,Mayo,5,TIRA 2.1 X 64 LOOPS  25MM CAJA X 140 PLATA,ANILLO DOBLE O,0,0,28
122062,2023,Mayo,5,TIRA 2.1 X 64 LOOPS  28MM CAJA X 96 BLANCO,ANILLO DOBLE O,5,1856400,76
122063,2023,Mayo,5,TIRA 2.1 X 64 LOOPS  28MM CAJA X 96 NEGRO,ANILLO DOBLE O,5,1921920,43
122064,2023,Mayo,5,TIRA 2.1 X 64 LOOPS  28MM CAJA X 96 PLATA,ANILLO DOBLE O,1,500800,31
122065,2023,Mayo,5,TIRA 2.1 X 64 LOOPS  32MM CAJA X 96 BLANCO,ANILLO DOBLE O,10,4564560,49
122066,2023,Mayo,5,TIRA 2.1 X 64 LOOPS  32MM CAJA X 96 NEGRO,ANILLO DOBLE O,2,881790,62
131008,2023,Mayo,5,VARILLA MEDIA LUNA  10 CM X 100 BLANCO,ANILLO DOBLE O,0,0,2467
131007,2023,Mayo,5,VARILLA MEDIA LUNA  10 CM X 100 NEGRO,ANILLO DOBLE O,0,0,1180
131010,2023,Mayo,5,VARILLA MEDIA LUNA  15 CM X 100 BLANCO,ANILLO DOBLE O,0,0,1641
131009,2023,Mayo,5,VARILLA MEDIA LUNA  15 CM X 100 NEGRO,ANILLO DOBLE O,0,0,768
131033,2023,Mayo,5,VARILLA MEDIA LUNA  20 CM X 100 BLANCO,ANILLO DOBLE O,0,0,43
131034,2023,Mayo,5,VARILLA MEDIA LUNA  20 CM X 100 NEGRO,ANILLO DOBLE O,0,0,396
131017,2023,Mayo,5,YOYO ORIGINAL CAJA X 50 AMARILLO,VARIOS,0,0,36
131018,2023,Mayo,5,YOYO ORIGINAL CAJA X 50 AZUL,VARIOS,46,2618000,324
131019,2023,Mayo,5,YOYO ORIGINAL CAJA X 50 BLANCO,VARIOS,0,0,0
131020,2023,Mayo,5,YOYO ORIGINAL CAJA X 50 NEGRO,VARIOS,0,0,751
131021,2023,Mayo,5,YOYO ORIGINAL CAJA X 50 ROJO,VARIOS,2,126000,190
131022,2023,Mayo,5,YOYO ORIGINAL CAJA X 50 VERDE,VARIOS,6,378000,264
131012,2023,Junio,6,ACETATOS CARTA PAQ X 50,VARIOS,0,0,0
113001,2023,Junio,6,BOLSILLO CARNET 60 X 90 MM 175 MIC CAJA X 100,LAMINACION,7,42000,2993
113005,2023,Junio,6,BOLSILLO CARTA 225MM X 288MM 125 MIC CAJA X 100,LAMINACION,1008,43711320,2963
113006,2023,Junio,6,BOLSILLO CARTA 225MM X 288MM 175 MIC CAJA X 100,LAMINACION,162,9098660,2646
113007,2023,Junio,6,BOLSILLO CARTA 225MM X 288MM 250 MIC CAJA X 50,LAMINACION,171,8153510,3717
113002,2023,Junio,6,BOLSILLO CEDULA 70 X 100 MM 175 MIC CAJA X 100,LAMINACION,683,4322140,12095
113008,2023,Junio,6,BOLSILLO OFICIO 225MM X 337MM 125 MIC CAJA X 100,LAMINACION,361,18992400,2469
113003,2023,Junio,6,BOLSILLO TARJETA PROPIEDAD 80 X 110 MM 175 MIC CAJA X 100,LAMINACION,559,4259480,8901
121009,2023,Junio,6,CARATULA CARTA GRAIN PAQ X 50 AZUL,CARATULA,578,7831600,1422
121010,2023,Junio,6,CARATULA CARTA GRAIN PAQ X 50 NEGRO,CARATULA,655,8851200,1345
121034,2023,Junio,6,CARATULA CARTA STRIPE PAQ X 50 AMARILLO,CARATULA,240,2702200,1263
121017,2023,Junio,6,CARATULA CARTA STRIPE PAQ X 50 AZUL T-1,CARATULA,14,186500,2986
121018,2023,Junio,6,CARATULA CARTA STRIPE PAQ X 50 AZUL T-2,CARATULA,99,1285200,1597
121019,2023,Junio,6,CARATULA CARTA STRIPE PAQ X 50 HUMO,CARATULA,189,2401175,4363
121020,2023,Junio,6,CARATULA CARTA STRIPE PAQ X 50 LILA,CARATULA,45,569100,1260
121021,2023,Junio,6,CARATULA CARTA STRIPE PAQ X 50 NARANJA,CARATULA,121,1355200,1969
121022,2023,Junio,6,CARATULA CARTA STRIPE PAQ X 50 ROJO,CARATULA,66,848600,2125
121023,2023,Junio,6,CARATULA CARTA STRIPE PAQ X 50 TRANSPARENTE,CARATULA,996,11859975,7583
121024,2023,Junio,6,CARATULA CARTA STRIPE PAQ X 50 VERDE T-1,CARATULA,25,310600,1802
121025,2023,Junio,6,CARATULA CARTA STRIPE PAQ X 50 VERDE T-2,CARATULA,42,529600,4694
121032,2023,Junio,6,CARATULA LEGAL STRIPE PAQ X 50 TRANSPARENTE,CARATULA,4,280000,884
121030,2023,Junio,6,CARATULA OFICIO STRIPE PAQ X 50 TRANSPARENTE,CARATULA,246,3380600,2101
121031,2023,Junio,6,CARATULA OFICIO STRIPE PAQ X 50 VERDE T-2,CARATULA,20,279000,182
122009,2023,Junio,6,CARRETE  2.1   16 MM X 10500 LOOPS BLANCO,ANILLO DOBLE O,2,582750,27
122010,2023,Junio,6,CARRETE  2.1   16 MM X 10500 LOOPS NEGRO,ANILLO DOBLE O,0,0,11
122011,2023,Junio,6,CARRETE  2.1   16 MM X 10500 LOOPS PLATA,ANILLO DOBLE O,0,0,9
122013,2023,Junio,6,CARRETE  2.1   19 MM X 7000 LOOPS BLANCO,ANILLO DOBLE O,0,0,3
122016,2023,Junio,6,CARRETE  2.1   19 MM X 7000 LOOPS BRONCE,ANILLO DOBLE O,0,0,0
122014,2023,Junio,6,CARRETE  2.1   19 MM X 7000 LOOPS NEGRO,ANILLO DOBLE O,6,1735650,4
122015,2023,Junio,6,CARRETE  2.1   19 MM X 7000 LOOPS PLATA,ANILLO DOBLE O,0,0,26
122017,2023,Junio,6,CARRETE  3.1    8 MM X 60000 LOOPS BLANCO,ANILLO DOBLE O,0,0,98
122018,2023,Junio,6,CARRETE  3.1    8 MM X 60000 LOOPS NEGRO,ANILLO DOBLE O,1,461700,50
122019,2023,Junio,6,CARRETE  3.1    8 MM X 60000 LOOPS PLATA,ANILLO DOBLE O,0,0,21
122020,2023,Junio,6,CARRETE  3.1    9 MM X 43000 LOOPS BLANCO,ANILLO DOBLE O,3,1146750,105
122021,2023,Junio,6,CARRETE  3.1    9 MM X 43000 LOOPS BRONCE,ANILLO DOBLE O,0,0,39
122022,2023,Junio,6,CARRETE  3.1    9 MM X 43000 LOOPS NEGRO,ANILLO DOBLE O,0,0,60
122023,2023,Junio,6,CARRETE  3.1    9 MM X 43000 LOOPS PLATA,ANILLO DOBLE O,0,0,31
122024,2023,Junio,6,CARRETE  3.1   11 MM X 32000 LOOPS BLANCO,ANILLO DOBLE O,8,3160080,47
122025,2023,Junio,6,CARRETE  3.1   11 MM X 32000 LOOPS NEGRO,ANILLO DOBLE O,0,0,32
122026,2023,Junio,6,CARRETE  3.1   12 MM X 24000 LOOPS BLANCO,ANILLO DOBLE O,5,1668750,50
122027,2023,Junio,6,CARRETE  3.1   12 MM X 24000 LOOPS NEGRO,ANILLO DOBLE O,0,0,39
122028,2023,Junio,6,CARRETE  3.1   12 MM X 24000 LOOPS PLATA,ANILLO DOBLE O,2,705500,10
122029,2023,Junio,6,CARRETE  3.1   14 MM X 19300 LOOPS BLANCO,ANILLO DOBLE O,5,1757400,10
122030,2023,Junio,6,CARRETE  3.1   14 MM X 19300 LOOPS NEGRO,ANILLO DOBLE O,0,0,28
122031,2023,Junio,6,CARRETE  3.1   14 MM X 19300 LOOPS PLATA,ANILLO DOBLE O,0,0,12
122081,2023,Junio,6,DOBLE O CARTA 2.1    8 MM  CAJA X 100 BLANCO,ANILLO DOBLE O,0,0,244
122082,2023,Junio,6,DOBLE O CARTA 2.1    8 MM  CAJA X 100 NEGRO,ANILLO DOBLE O,1,26500,303
122083,2023,Junio,6,DOBLE O CARTA 2.1    9 MM  CAJA X 100 BLANCO,ANILLO DOBLE O,6,189000,231
122084,2023,Junio,6,DOBLE O CARTA 2.1    9 MM  CAJA X 100 NEGRO,ANILLO DOBLE O,8,252000,195
122085,2023,Junio,6,DOBLE O CARTA 2.1   12 MM  CAJA X 100 BLANCO,ANILLO DOBLE O,18,756000,0
122086,2023,Junio,6,DOBLE O CARTA 2.1   12 MM  CAJA X 100 NEGRO,ANILLO DOBLE O,6,231000,187
122087,2023,Junio,6,DOBLE O CARTA 2.1   14 MM  CAJA X 100 BLANCO,ANILLO DOBLE O,0,0,262
122088,2023,Junio,6,DOBLE O CARTA 2.1   14 MM  CAJA X 100 NEGRO,ANILLO DOBLE O,1,58000,197
122089,2023,Junio,6,DOBLE O CARTA 2.1   16 MM  CAJA X 50 BLANCO,ANILLO DOBLE O,3,114000,573
122090,2023,Junio,6,DOBLE O CARTA 2.1   16 MM  CAJA X 50 NEGRO,ANILLO DOBLE O,7,237500,222
122091,2023,Junio,6,DOBLE O CARTA 2.1   19 MM  CAJA X 50 BLANCO,ANILLO DOBLE O,11,450000,275
122112,2023,Junio,6,DOBLE O CARTA 2.1   19 MM  CAJA X 50 BRONCE,ANILLO DOBLE O,0,0,200
122092,2023,Junio,6,DOBLE O CARTA 2.1   19 MM  CAJA X 50 NEGRO,ANILLO DOBLE O,8,312750,271
122093,2023,Junio,6,DOBLE O CARTA 2.1   22 MM  CAJA X 50 BLANCO,ANILLO DOBLE O,1,59000,232
122094,2023,Junio,6,DOBLE O CARTA 2.1   22 MM  CAJA X 50 NEGRO,ANILLO DOBLE O,0,0,49
122095,2023,Junio,6,DOBLE O CARTA 2.1   25 MM  CAJA X 50 BLANCO,ANILLO DOBLE O,2,143000,308
122096,2023,Junio,6,DOBLE O CARTA 2.1   25 MM  CAJA X 50 NEGRO,ANILLO DOBLE O,5,303875,195
122097,2023,Junio,6,DOBLE O CARTA 2.1   28 MM  CAJA X 30 BLANCO,ANILLO DOBLE O,0,0,400
122098,2023,Junio,6,DOBLE O CARTA 2.1   28 MM  CAJA X 30 NEGRO,ANILLO DOBLE O,0,0,355
122099,2023,Junio,6,DOBLE O CARTA 2.1   32 MM  CAJA X 30 BLANCO,ANILLO DOBLE O,0,0,354
122100,2023,Junio,6,DOBLE O CARTA 2.1   32 MM  CAJA X 30 NEGRO,ANILLO DOBLE O,0,0,148
122101,2023,Junio,6,DOBLE O CARTA 3.1    8 MM   CAJA X 100 BLANCO,ANILLO DOBLE O,0,0,347
122102,2023,Junio,6,DOBLE O CARTA 3.1    8 MM  CAJA X 100 NEGRO,ANILLO DOBLE O,0,0,273
122103,2023,Junio,6,DOBLE O CARTA 3.1    9 MM  CAJA X 100 BLANCO,ANILLO DOBLE O,0,0,280
122104,2023,Junio,6,DOBLE O CARTA 3.1    9 MM  CAJA X 100 NEGRO,ANILLO DOBLE O,0,0,180
122105,2023,Junio,6,DOBLE O CARTA 3.1   11 MM  CAJA X 100 BLANCO,ANILLO DOBLE O,42,2036000,349
122106,2023,Junio,6,DOBLE O CARTA 3.1   11 MM  CAJA X 100 NEGRO,ANILLO DOBLE O,0,0,203
122108,2023,Junio,6,DOBLE O CARTA 3.1   12 MM  CAJA X 100 BLANCO,ANILLO DOBLE O,6,306000,738
122107,2023,Junio,6,DOBLE O CARTA 3.1   12 MM  CAJA X 100 NEGRO,ANILLO DOBLE O,3,144450,219
122109,2023,Junio,6,DOBLE O CARTA 3.1   12 MM  CAJA X 100 PLATA,ANILLO DOBLE O,0,0,182
122110,2023,Junio,6,DOBLE O CARTA 3.1   14 MM  CAJA X 100 BLANCO,ANILLO DOBLE O,2,136000,277
122111,2023,Junio,6,DOBLE O CARTA 3.1   14 MM  CAJA X 100 NEGRO,ANILLO DOBLE O,8,511225,255
111001,2023,Junio,6,ROLLO 113 MM X 60 MTS 175 MICRAS,LAMINACION,6,172260,1103
111002,2023,Junio,6,ROLLO 113 MM X 60 MTS 250 MICRAS,LAMINACION,12,498960,280
111003,2023,Junio,6,ROLLO 226 MM X 60 MTS 125 MICRAS,LAMINACION,448,19660230,374
111004,2023,Junio,6,ROLLO 226 MM X 60 MTS 175 MICRAS,LAMINACION,0,0,0
111005,2023,Junio,6,ROLLO 226 MM X 60 MTS 250 MICRAS,LAMINACION,1,92400,209
111007,2023,Junio,6,ROLLO 300 MM X 60 MTS 125 MICRAS,LAMINACION,28,1768800,170
111008,2023,Junio,6,ROLLO 300 MM X 60 MTS 250 MICRAS,LAMINACION,28,3024000,0
111018,2023,Junio,6,ROLLO 350 MM X 60 MTS 250 MICRAS,LAMINACION,0,0,260
111010,2023,Junio,6,ROLLO 375 MM X 60 MTS 125 MICRAS,LAMINACION,0,0,0
111013,2023,Junio,6,ROLLO 375 MM X 75 MTS 75 MICRAS MATTE,LAMINACION,2,138600,126
111014,2023,Junio,6,ROLLO 450 MM X 75 MTS 75 MICRAS BRILLANTE,LAMINACION,0,0,0
111019,2023,Junio,6,ROLLO 540 MM X 60 MTS 125 MICRAS,LAMINACION,0,0,68
111020,2023,Junio,6,ROLLO 540 MM X 60 MTS 175 MICRAS,LAMINACION,0,0,40
111016,2023,Junio,6,ROLLO 680 MM X 60 MTS 125 MICRAS BRILLANTE,LAMINACION,8,1621620,166
112001,2023,Junio,6,ROLLO BOPP BRILLANTE 250 MM X 4000 MT 18 MIC,PLASTIFICACION,10,3127890,122
112002,2023,Junio,6,ROLLO BOPP BRILLANTE 300 MM X 4000 MT 18 MIC,PLASTIFICACION,6,2369084,25
112003,2023,Junio,6,ROLLO BOPP BRILLANTE 330 MM X 200 MT 23 MIC,PLASTIFICACION,62,3802500,423
112006,2023,Junio,6,ROLLO BOPP BRILLANTE 345 MM X 4000 MT 18 MIC,PLASTIFICACION,37,16077070,132
112026,2023,Junio,6,ROLLO BOPP BRILLANTE 400 MM X 4000 MT 18 MIC,PLASTIFICACION,2,1003168,86
112007,2023,Junio,6,ROLLO BOPP BRILLANTE 445 MM X 4000 MT 18 MIC,PLASTIFICACION,11,6089150,15
112029,2023,Junio,6,ROLLO BOPP BRILLANTE 495 MM X 2000 MT 18 MIC,PLASTIFICACION,48,14326133,4
112008,2023,Junio,6,ROLLO BOPP BRILLANTE 495 MM X 4000 MT 18 MIC,PLASTIFICACION,25,15300425,5
112028,2023,Junio,6,ROLLO BOPP BRILLANTE 595 MM X 4000 MT 18 MIC,PLASTIFICACION,0,0,4
112009,2023,Junio,6,ROLLO BOPP BRILLANTE 695 MM X 4000 MT 18 MIC,PLASTIFICACION,11,7226970,82
112024,2023,Junio,6,ROLLO BOPP MATE 200 MM X 4000 MT 18 MIC,PLASTIFICACION,0,0,0
112010,2023,Junio,6,ROLLO BOPP MATE 250 MM X 4000 MT 18 MIC,PLASTIFICACION,19,5539250,84
112011,2023,Junio,6,ROLLO BOPP MATE 300 MM X 4000 MT 18 MIC,PLASTIFICACION,17,6035720,69
112012,2023,Junio,6,ROLLO BOPP MATE 330 MM X 200 MT 23 MIC,PLASTIFICACION,41,2476500,357
112021,2023,Junio,6,ROLLO BOPP MATE 330 MM X 4000 MT 18 MIC,PLASTIFICACION,0,0,0
112013,2023,Junio,6,ROLLO BOPP MATE 330 MM X 500 MT 22 MIC,PLASTIFICACION,5,750000,199
112015,2023,Junio,6,ROLLO BOPP MATE 345 MM X 4000 MT 18 MIC,PLASTIFICACION,20,8133700,3
112025,2023,Junio,6,ROLLO BOPP MATE 400 MM X 4000 MT 18 MIC,PLASTIFICACION,5,2402820,57
112016,2023,Junio,6,ROLLO BOPP MATE 445 MM X 4000 MT 18 MIC,PLASTIFICACION,14,7532220,0
112017,2023,Junio,6,ROLLO BOPP MATE 495 MM X 4000 MT 18 MIC,PLASTIFICACION,47,27166560,367
112018,2023,Junio,6,ROLLO BOPP MATE 595 MM X 4000 MT 18 MIC,PLASTIFICACION,0,0,90
112019,2023,Junio,6,ROLLO BOPP MATE 695 MM X 4000 MT 18 MIC,PLASTIFICACION,17,10208210,44
112005,2023,Junio,6,ROLLO SUPERBONDING BRILLANTE 330 MM X 500 MT 30 MIC,PLASTIFICACION,0,0,64
122041,2023,Junio,6,TIRA 2.1 X 64 LOOPS  12MM CAJA X 540 BLANCO,ANILLO DOBLE O,1,461700,102
122042,2023,Junio,6,TIRA 2.1 X 64 LOOPS  12MM CAJA X 540 NEGRO,ANILLO DOBLE O,1,486000,103
122043,2023,Junio,6,TIRA 2.1 X 64 LOOPS  12MM CAJA X 540 PLATA,ANILLO DOBLE O,0,0,70
122044,2023,Junio,6,TIRA 2.1 X 64 LOOPS  14MM CAJA X 384 BLANCO,ANILLO DOBLE O,3,1275960,61
122045,2023,Junio,6,TIRA 2.1 X 64 LOOPS  14MM CAJA X 384 NEGRO,ANILLO DOBLE O,1,410130,50
122046,2023,Junio,6,TIRA 2.1 X 64 LOOPS  14MM CAJA X 384 PLATA,ANILLO DOBLE O,0,0,30
122047,2023,Junio,6,TIRA 2.1 X 64 LOOPS  16MM CAJA X 308 BLANCO,ANILLO DOBLE O,10,3973750,243
122048,2023,Junio,6,TIRA 2.1 X 64 LOOPS  16MM CAJA X 308 BRONCE,ANILLO DOBLE O,0,0,45
122049,2023,Junio,6,TIRA 2.1 X 64 LOOPS  16MM CAJA X 308 NEGRO,ANILLO DOBLE O,3,1190000,165
122050,2023,Junio,6,TIRA 2.1 X 64 LOOPS  16MM CAJA X 308 PLATA,ANILLO DOBLE O,1,452865,56
122051,2023,Junio,6,TIRA 2.1 X 64 LOOPS  19MM CAJA X 252 BLANCO,ANILLO DOBLE O,14,6003690,146
122052,2023,Junio,6,TIRA 2.1 X 64 LOOPS  19MM CAJA X 252 BRONCE,ANILLO DOBLE O,1,497700,37
122053,2023,Junio,6,TIRA 2.1 X 64 LOOPS  19MM CAJA X 252 NEGRO,ANILLO DOBLE O,7,3132360,89
122054,2023,Junio,6,TIRA 2.1 X 64 LOOPS  19MM CAJA X 252 PLATA,ANILLO DOBLE O,4,1923550,38
122055,2023,Junio,6,TIRA 2.1 X 64 LOOPS  22MM CAJA X 192 BLANCO,ANILLO DOBLE O,28,12667000,23
122056,2023,Junio,6,TIRA 2.1 X 64 LOOPS  22MM CAJA X 192 BRONCE,ANILLO DOBLE O,1,565000,20
122057,2023,Junio,6,TIRA 2.1 X 64 LOOPS  22MM CAJA X 192 NEGRO,ANILLO DOBLE O,4,1720800,7
122058,2023,Junio,6,TIRA 2.1 X 64 LOOPS  22MM CAJA X 192 PLATA,ANILLO DOBLE O,0,0,7
122059,2023,Junio,6,TIRA 2.1 X 64 LOOPS  25MM CAJA X 140 BLANCO,ANILLO DOBLE O,0,0,71
122077,2023,Junio,6,TIRA 2.1 X 64 LOOPS  25MM CAJA X 140 BRONCE,ANILLO DOBLE O,0,0,15
122060,2023,Junio,6,TIRA 2.1 X 64 LOOPS  25MM CAJA X 140 NEGRO,ANILLO DOBLE O,0,0,36
122061,2023,Junio,6,TIRA 2.1 X 64 LOOPS  25MM CAJA X 140 PLATA,ANILLO DOBLE O,2,887300,26
122062,2023,Junio,6,TIRA 2.1 X 64 LOOPS  28MM CAJA X 96 BLANCO,ANILLO DOBLE O,3,1248000,73
122063,2023,Junio,6,TIRA 2.1 X 64 LOOPS  28MM CAJA X 96 NEGRO,ANILLO DOBLE O,1,371280,42
122064,2023,Junio,6,TIRA 2.1 X 64 LOOPS  28MM CAJA X 96 PLATA,ANILLO DOBLE O,0,0,31
122065,2023,Junio,6,TIRA 2.1 X 64 LOOPS  32MM CAJA X 96 BLANCO,ANILLO DOBLE O,0,0,49
122066,2023,Junio,6,TIRA 2.1 X 64 LOOPS  32MM CAJA X 96 NEGRO,ANILLO DOBLE O,2,907725,60
131008,2023,Junio,6,VARILLA MEDIA LUNA  10 CM X 100 BLANCO,ANILLO DOBLE O,0,0,2467
131007,2023,Junio,6,VARILLA MEDIA LUNA  10 CM X 100 NEGRO,ANILLO DOBLE O,0,0,1180
131010,2023,Junio,6,VARILLA MEDIA LUNA  15 CM X 100 BLANCO,ANILLO DOBLE O,0,0,1641
131009,2023,Junio,6,VARILLA MEDIA LUNA  15 CM X 100 NEGRO,ANILLO DOBLE O,0,0,768
131033,2023,Junio,6,VARILLA MEDIA LUNA  20 CM X 100 BLANCO,ANILLO DOBLE O,0,0,43
131034,2023,Junio,6,VARILLA MEDIA LUNA  20 CM X 100 NEGRO,ANILLO DOBLE O,0,0,396
131017,2023,Junio,6,YOYO ORIGINAL CAJA X 50 AMARILLO,VARIOS,1,63000,35
131018,2023,Junio,6,YOYO ORIGINAL CAJA X 50 AZUL,VARIOS,109,6317000,1415
131019,2023,Junio,6,YOYO ORIGINAL CAJA X 50 BLANCO,VARIOS,160,9200000,2640
131020,2023,Junio,6,YOYO ORIGINAL CAJA X 50 NEGRO,VARIOS,81,4663000,1070
131021,2023,Junio,6,YOYO ORIGINAL CAJA X 50 ROJO,VARIOS,65,3765000,125
131022,2023,Junio,6,YOYO ORIGINAL CAJA X 50 VERDE,VARIOS,1,63000,263
131012,2023,Julio,7,ACETATOS CARTA PAQ X 50,VARIOS,0,0,0
113001,2023,Julio,7,BOLSILLO CARNET 60 X 90 MM 175 MIC CAJA X 100,LAMINACION,14,80400,2985
113005,2023,Julio,7,BOLSILLO CARTA 225MM X 288MM 125 MIC CAJA X 100,LAMINACION,839,35946560,2093
113006,2023,Julio,7,BOLSILLO CARTA 225MM X 288MM 175 MIC CAJA X 100,LAMINACION,123,7232850,2522
113007,2023,Julio,7,BOLSILLO CARTA 225MM X 288MM 250 MIC CAJA X 50,LAMINACION,200,9705930,3517
113002,2023,Julio,7,BOLSILLO CEDULA 70 X 100 MM 175 MIC CAJA X 100,LAMINACION,159,1110340,11930
113008,2023,Julio,7,BOLSILLO OFICIO 225MM X 337MM 125 MIC CAJA X 100,LAMINACION,624,31971450,1815
113003,2023,Julio,7,BOLSILLO TARJETA PROPIEDAD 80 X 110 MM 175 MIC CAJA X 100,LAMINACION,130,1147740,8765
121009,2023,Julio,7,CARATULA CARTA GRAIN PAQ X 50 AZUL,CARATULA,62,884800,1360
121010,2023,Julio,7,CARATULA CARTA GRAIN PAQ X 50 NEGRO,CARATULA,120,1798830,1270
121034,2023,Julio,7,CARATULA CARTA STRIPE PAQ X 50 AMARILLO,CARATULA,43,565950,1220
121017,2023,Julio,7,CARATULA CARTA STRIPE PAQ X 50 AZUL T-1,CARATULA,88,1169050,2898
121018,2023,Julio,7,CARATULA CARTA STRIPE PAQ X 50 AZUL T-2,CARATULA,175,2303325,1412
121019,2023,Julio,7,CARATULA CARTA STRIPE PAQ X 50 HUMO,CARATULA,203,2658375,4150
121020,2023,Julio,7,CARATULA CARTA STRIPE PAQ X 50 LILA,CARATULA,34,456550,1226
121021,2023,Julio,7,CARATULA CARTA STRIPE PAQ X 50 NARANJA,CARATULA,32,425750,1937
121022,2023,Julio,7,CARATULA CARTA STRIPE PAQ X 50 ROJO,CARATULA,94,1238700,2031
121023,2023,Julio,7,CARATULA CARTA STRIPE PAQ X 50 TRANSPARENTE,CARATULA,1412,17413275,6171
121024,2023,Julio,7,CARATULA CARTA STRIPE PAQ X 50 VERDE T-1,CARATULA,30,402550,1772
121025,2023,Julio,7,CARATULA CARTA STRIPE PAQ X 50 VERDE T-2,CARATULA,56,737400,4638
121032,2023,Julio,7,CARATULA LEGAL STRIPE PAQ X 50 TRANSPARENTE,CARATULA,2,140000,882
121030,2023,Julio,7,CARATULA OFICIO STRIPE PAQ X 50 TRANSPARENTE,CARATULA,102,1590250,1989
121031,2023,Julio,7,CARATULA OFICIO STRIPE PAQ X 50 VERDE T-2,CARATULA,2,32300,180
122009,2023,Julio,7,CARRETE  2.1   16 MM X 10500 LOOPS BLANCO,ANILLO DOBLE O,1,315000,26
122010,2023,Julio,7,CARRETE  2.1   16 MM X 10500 LOOPS NEGRO,ANILLO DOBLE O,1,315000,10
122011,2023,Julio,7,CARRETE  2.1   16 MM X 10500 LOOPS PLATA,ANILLO DOBLE O,0,0,9
122013,2023,Julio,7,CARRETE  2.1   19 MM X 7000 LOOPS BLANCO,ANILLO DOBLE O,3,867825,0
122016,2023,Julio,7,CARRETE  2.1   19 MM X 7000 LOOPS BRONCE,ANILLO DOBLE O,0,0,0
122014,2023,Julio,7,CARRETE  2.1   19 MM X 7000 LOOPS NEGRO,ANILLO DOBLE O,0,0,4
122015,2023,Julio,7,CARRETE  2.1   19 MM X 7000 LOOPS PLATA,ANILLO DOBLE O,0,0,26
122017,2023,Julio,7,CARRETE  3.1    8 MM X 60000 LOOPS BLANCO,ANILLO DOBLE O,0,0,98
122018,2023,Julio,7,CARRETE  3.1    8 MM X 60000 LOOPS NEGRO,ANILLO DOBLE O,0,0,50
122019,2023,Julio,7,CARRETE  3.1    8 MM X 60000 LOOPS PLATA,ANILLO DOBLE O,0,0,21
122020,2023,Julio,7,CARRETE  3.1    9 MM X 43000 LOOPS BLANCO,ANILLO DOBLE O,1,375300,104
122021,2023,Julio,7,CARRETE  3.1    9 MM X 43000 LOOPS BRONCE,ANILLO DOBLE O,0,0,39
122022,2023,Julio,7,CARRETE  3.1    9 MM X 43000 LOOPS NEGRO,ANILLO DOBLE O,0,0,60
122023,2023,Julio,7,CARRETE  3.1    9 MM X 43000 LOOPS PLATA,ANILLO DOBLE O,0,0,31
122024,2023,Julio,7,CARRETE  3.1   11 MM X 32000 LOOPS BLANCO,ANILLO DOBLE O,0,0,47
122025,2023,Julio,7,CARRETE  3.1   11 MM X 32000 LOOPS NEGRO,ANILLO DOBLE O,0,0,32
122026,2023,Julio,7,CARRETE  3.1   12 MM X 24000 LOOPS BLANCO,ANILLO DOBLE O,2,637500,48
122027,2023,Julio,7,CARRETE  3.1   12 MM X 24000 LOOPS NEGRO,ANILLO DOBLE O,0,0,39
122028,2023,Julio,7,CARRETE  3.1   12 MM X 24000 LOOPS PLATA,ANILLO DOBLE O,0,0,10
122029,2023,Julio,7,CARRETE  3.1   14 MM X 19300 LOOPS BLANCO,ANILLO DOBLE O,2,686280,8
122030,2023,Julio,7,CARRETE  3.1   14 MM X 19300 LOOPS NEGRO,ANILLO DOBLE O,0,0,28
122031,2023,Julio,7,CARRETE  3.1   14 MM X 19300 LOOPS PLATA,ANILLO DOBLE O,0,0,12
122081,2023,Julio,7,DOBLE O CARTA 2.1    8 MM  CAJA X 100 BLANCO,ANILLO DOBLE O,0,0,244
122082,2023,Julio,7,DOBLE O CARTA 2.1    8 MM  CAJA X 100 NEGRO,ANILLO DOBLE O,0,0,303
122083,2023,Julio,7,DOBLE O CARTA 2.1    9 MM  CAJA X 100 BLANCO,ANILLO DOBLE O,2,63000,229
122084,2023,Julio,7,DOBLE O CARTA 2.1    9 MM  CAJA X 100 NEGRO,ANILLO DOBLE O,1,31500,194
122085,2023,Julio,7,DOBLE O CARTA 2.1   12 MM  CAJA X 100 BLANCO,ANILLO DOBLE O,0,0,0
122086,2023,Julio,7,DOBLE O CARTA 2.1   12 MM  CAJA X 100 NEGRO,ANILLO DOBLE O,4,176000,183
122087,2023,Julio,7,DOBLE O CARTA 2.1   14 MM  CAJA X 100 BLANCO,ANILLO DOBLE O,0,0,262
122088,2023,Julio,7,DOBLE O CARTA 2.1   14 MM  CAJA X 100 NEGRO,ANILLO DOBLE O,1,58000,196
122089,2023,Julio,7,DOBLE O CARTA 2.1   16 MM  CAJA X 50 BLANCO,ANILLO DOBLE O,12,418000,561
122090,2023,Julio,7,DOBLE O CARTA 2.1   16 MM  CAJA X 50 NEGRO,ANILLO DOBLE O,6,199500,216
122091,2023,Julio,7,DOBLE O CARTA 2.1   19 MM  CAJA X 50 BLANCO,ANILLO DOBLE O,4,180000,271
122112,2023,Julio,7,DOBLE O CARTA 2.1   19 MM  CAJA X 50 BRONCE,ANILLO DOBLE O,0,0,200
122092,2023,Julio,7,DOBLE O CARTA 2.1   19 MM  CAJA X 50 NEGRO,ANILLO DOBLE O,4,180000,267
122093,2023,Julio,7,DOBLE O CARTA 2.1   22 MM  CAJA X 50 BLANCO,ANILLO DOBLE O,2,118000,230
122094,2023,Julio,7,DOBLE O CARTA 2.1   22 MM  CAJA X 50 NEGRO,ANILLO DOBLE O,1,59000,48
122095,2023,Julio,7,DOBLE O CARTA 2.1   25 MM  CAJA X 50 BLANCO,ANILLO DOBLE O,0,0,308
122096,2023,Julio,7,DOBLE O CARTA 2.1   25 MM  CAJA X 50 NEGRO,ANILLO DOBLE O,0,0,195
122097,2023,Julio,7,DOBLE O CARTA 2.1   28 MM  CAJA X 30 BLANCO,ANILLO DOBLE O,0,0,400
122098,2023,Julio,7,DOBLE O CARTA 2.1   28 MM  CAJA X 30 NEGRO,ANILLO DOBLE O,0,0,355
122099,2023,Julio,7,DOBLE O CARTA 2.1   32 MM  CAJA X 30 BLANCO,ANILLO DOBLE O,0,0,354
122100,2023,Julio,7,DOBLE O CARTA 2.1   32 MM  CAJA X 30 NEGRO,ANILLO DOBLE O,1,75050,147
122101,2023,Julio,7,DOBLE O CARTA 3.1    8 MM   CAJA X 100 BLANCO,ANILLO DOBLE O,0,0,347
122102,2023,Julio,7,DOBLE O CARTA 3.1    8 MM  CAJA X 100 NEGRO,ANILLO DOBLE O,5,133875,268
122103,2023,Julio,7,DOBLE O CARTA 3.1    9 MM  CAJA X 100 BLANCO,ANILLO DOBLE O,11,440000,269
122104,2023,Julio,7,DOBLE O CARTA 3.1    9 MM  CAJA X 100 NEGRO,ANILLO DOBLE O,10,340000,170
122105,2023,Julio,7,DOBLE O CARTA 3.1   11 MM  CAJA X 100 BLANCO,ANILLO DOBLE O,3,151500,346
122106,2023,Julio,7,DOBLE O CARTA 3.1   11 MM  CAJA X 100 NEGRO,ANILLO DOBLE O,5,214625,198
122108,2023,Julio,7,DOBLE O CARTA 3.1   12 MM  CAJA X 100 BLANCO,ANILLO DOBLE O,4,214000,734
122107,2023,Julio,7,DOBLE O CARTA 3.1   12 MM  CAJA X 100 NEGRO,ANILLO DOBLE O,0,0,219
122109,2023,Julio,7,DOBLE O CARTA 3.1   12 MM  CAJA X 100 PLATA,ANILLO DOBLE O,0,0,182
122110,2023,Julio,7,DOBLE O CARTA 3.1   14 MM  CAJA X 100 BLANCO,ANILLO DOBLE O,0,0,277
122111,2023,Julio,7,DOBLE O CARTA 3.1   14 MM  CAJA X 100 NEGRO,ANILLO DOBLE O,0,0,255
111001,2023,Julio,7,ROLLO 113 MM X 60 MTS 175 MICRAS,LAMINACION,25,720940,1078
111002,2023,Julio,7,ROLLO 113 MM X 60 MTS 250 MICRAS,LAMINACION,16,665280,264
111003,2023,Julio,7,ROLLO 226 MM X 60 MTS 125 MICRAS,LAMINACION,184,8374420,190
111004,2023,Julio,7,ROLLO 226 MM X 60 MTS 175 MICRAS,LAMINACION,0,0,0
111005,2023,Julio,7,ROLLO 226 MM X 60 MTS 250 MICRAS,LAMINACION,27,2259100,182
111007,2023,Julio,7,ROLLO 300 MM X 60 MTS 125 MICRAS,LAMINACION,2,145200,168
111008,2023,Julio,7,ROLLO 300 MM X 60 MTS 250 MICRAS,LAMINACION,0,0,0
111018,2023,Julio,7,ROLLO 350 MM X 60 MTS 250 MICRAS,LAMINACION,4,502920,256
111010,2023,Julio,7,ROLLO 375 MM X 60 MTS 125 MICRAS,LAMINACION,0,0,0
111013,2023,Julio,7,ROLLO 375 MM X 75 MTS 75 MICRAS MATTE,LAMINACION,0,0,126
111014,2023,Julio,7,ROLLO 450 MM X 75 MTS 75 MICRAS BRILLANTE,LAMINACION,0,0,0
111019,2023,Julio,7,ROLLO 540 MM X 60 MTS 125 MICRAS,LAMINACION,32,3801600,36
111020,2023,Julio,7,ROLLO 540 MM X 60 MTS 175 MICRAS,LAMINACION,20,3150000,20
111016,2023,Julio,7,ROLLO 680 MM X 60 MTS 125 MICRAS BRILLANTE,LAMINACION,2,374220,164
112001,2023,Julio,7,ROLLO BOPP BRILLANTE 250 MM X 4000 MT 18 MIC,PLASTIFICACION,15,4721275,106
112002,2023,Julio,7,ROLLO BOPP BRILLANTE 300 MM X 4000 MT 18 MIC,PLASTIFICACION,16,6087672,9
112003,2023,Julio,7,ROLLO BOPP BRILLANTE 330 MM X 200 MT 23 MIC,PLASTIFICACION,24,1456000,399
112006,2023,Julio,7,ROLLO BOPP BRILLANTE 345 MM X 4000 MT 18 MIC,PLASTIFICACION,41,18142281,90
112026,2023,Julio,7,ROLLO BOPP BRILLANTE 400 MM X 4000 MT 18 MIC,PLASTIFICACION,0,0,86
112007,2023,Julio,7,ROLLO BOPP BRILLANTE 445 MM X 4000 MT 18 MIC,PLASTIFICACION,7,3792064,8
112029,2023,Julio,7,ROLLO BOPP BRILLANTE 495 MM X 2000 MT 18 MIC,PLASTIFICACION,0,0,4
112008,2023,Julio,7,ROLLO BOPP BRILLANTE 495 MM X 4000 MT 18 MIC,PLASTIFICACION,3,1771200,2
112028,2023,Julio,7,ROLLO BOPP BRILLANTE 595 MM X 4000 MT 18 MIC,PLASTIFICACION,0,0,4
112009,2023,Julio,7,ROLLO BOPP BRILLANTE 695 MM X 4000 MT 18 MIC,PLASTIFICACION,17,10822495,65
112024,2023,Julio,7,ROLLO BOPP MATE 200 MM X 4000 MT 18 MIC,PLASTIFICACION,0,0,0
112010,2023,Julio,7,ROLLO BOPP MATE 250 MM X 4000 MT 18 MIC,PLASTIFICACION,16,4610760,68
112011,2023,Julio,7,ROLLO BOPP MATE 300 MM X 4000 MT 18 MIC,PLASTIFICACION,48,16902795,21
112012,2023,Julio,7,ROLLO BOPP MATE 330 MM X 200 MT 23 MIC,PLASTIFICACION,20,1222000,337
112021,2023,Julio,7,ROLLO BOPP MATE 330 MM X 4000 MT 18 MIC,PLASTIFICACION,0,0,0
112013,2023,Julio,7,ROLLO BOPP MATE 330 MM X 500 MT 22 MIC,PLASTIFICACION,3,420000,196
112015,2023,Julio,7,ROLLO BOPP MATE 345 MM X 4000 MT 18 MIC,PLASTIFICACION,3,1320600,0
112025,2023,Julio,7,ROLLO BOPP MATE 400 MM X 4000 MT 18 MIC,PLASTIFICACION,4,2029720,55
112016,2023,Julio,7,ROLLO BOPP MATE 445 MM X 4000 MT 18 MIC,PLASTIFICACION,0,0,0
112017,2023,Julio,7,ROLLO BOPP MATE 495 MM X 4000 MT 18 MIC,PLASTIFICACION,53,30723940,313
112018,2023,Julio,7,ROLLO BOPP MATE 595 MM X 4000 MT 18 MIC,PLASTIFICACION,8,4240210,82
112019,2023,Julio,7,ROLLO BOPP MATE 695 MM X 4000 MT 18 MIC,PLASTIFICACION,18,10870480,26
112005,2023,Julio,7,ROLLO SUPERBONDING BRILLANTE 330 MM X 500 MT 30 MIC,PLASTIFICACION,0,0,64
122041,2023,Julio,7,TIRA 2.1 X 64 LOOPS  12MM CAJA X 540 BLANCO,ANILLO DOBLE O,8,3693600,94
122042,2023,Julio,7,TIRA 2.1 X 64 LOOPS  12MM CAJA X 540 NEGRO,ANILLO DOBLE O,0,0,103
122043,2023,Julio,7,TIRA 2.1 X 64 LOOPS  12MM CAJA X 540 PLATA,ANILLO DOBLE O,0,0,70
122044,2023,Julio,7,TIRA 2.1 X 64 LOOPS  14MM CAJA X 384 BLANCO,ANILLO DOBLE O,3,1298745,58
122045,2023,Julio,7,TIRA 2.1 X 64 LOOPS  14MM CAJA X 384 NEGRO,ANILLO DOBLE O,0,0,50
122046,2023,Julio,7,TIRA 2.1 X 64 LOOPS  14MM CAJA X 384 PLATA,ANILLO DOBLE O,0,0,30
122047,2023,Julio,7,TIRA 2.1 X 64 LOOPS  16MM CAJA X 308 BLANCO,ANILLO DOBLE O,19,7781250,224
122048,2023,Julio,7,TIRA 2.1 X 64 LOOPS  16MM CAJA X 308 BRONCE,ANILLO DOBLE O,1,476900,44
122049,2023,Julio,7,TIRA 2.1 X 64 LOOPS  16MM CAJA X 308 NEGRO,ANILLO DOBLE O,7,2723750,158
122050,2023,Julio,7,TIRA 2.1 X 64 LOOPS  16MM CAJA X 308 PLATA,ANILLO DOBLE O,2,929565,54
122051,2023,Julio,7,TIRA 2.1 X 64 LOOPS  19MM CAJA X 252 BLANCO,ANILLO DOBLE O,12,5417570,134
122052,2023,Julio,7,TIRA 2.1 X 64 LOOPS  19MM CAJA X 252 BRONCE,ANILLO DOBLE O,2,1050700,35
122053,2023,Julio,7,TIRA 2.1 X 64 LOOPS  19MM CAJA X 252 NEGRO,ANILLO DOBLE O,1,474600,88
122054,2023,Julio,7,TIRA 2.1 X 64 LOOPS  19MM CAJA X 252 PLATA,ANILLO DOBLE O,4,2002600,34
122055,2023,Julio,7,TIRA 2.1 X 64 LOOPS  22MM CAJA X 192 BLANCO,ANILLO DOBLE O,6,2724600,17
122056,2023,Julio,7,TIRA 2.1 X 64 LOOPS  22MM CAJA X 192 BRONCE,ANILLO DOBLE O,4,2034000,16
122057,2023,Julio,7,TIRA 2.1 X 64 LOOPS  22MM CAJA X 192 NEGRO,ANILLO DOBLE O,5,2294400,2
122058,2023,Julio,7,TIRA 2.1 X 64 LOOPS  22MM CAJA X 192 PLATA,ANILLO DOBLE O,2,1021440,5
122059,2023,Julio,7,TIRA 2.1 X 64 LOOPS  25MM CAJA X 140 BLANCO,ANILLO DOBLE O,5,1918200,66
122077,2023,Julio,7,TIRA 2.1 X 64 LOOPS  25MM CAJA X 140 BRONCE,ANILLO DOBLE O,0,0,15
122060,2023,Julio,7,TIRA 2.1 X 64 LOOPS  25MM CAJA X 140 NEGRO,ANILLO DOBLE O,3,1146750,33
122061,2023,Julio,7,TIRA 2.1 X 64 LOOPS  25MM CAJA X 140 PLATA,ANILLO DOBLE O,2,887300,24
122062,2023,Julio,7,TIRA 2.1 X 64 LOOPS  28MM CAJA X 96 BLANCO,ANILLO DOBLE O,0,0,73
122063,2023,Julio,7,TIRA 2.1 X 64 LOOPS  28MM CAJA X 96 NEGRO,ANILLO DOBLE O,0,0,42
122064,2023,Julio,7,TIRA 2.1 X 64 LOOPS  28MM CAJA X 96 PLATA,ANILLO DOBLE O,0,0,31
122065,2023,Julio,7,TIRA 2.1 X 64 LOOPS  32MM CAJA X 96 BLANCO,ANILLO DOBLE O,0,0,49
122066,2023,Julio,7,TIRA 2.1 X 64 LOOPS  32MM CAJA X 96 NEGRO,ANILLO DOBLE O,0,0,60
131008,2023,Julio,7,VARILLA MEDIA LUNA  10 CM X 100 BLANCO,ANILLO DOBLE O,4,49400,2463
131007,2023,Julio,7,VARILLA MEDIA LUNA  10 CM X 100 NEGRO,ANILLO DOBLE O,0,0,1180
131010,2023,Julio,7,VARILLA MEDIA LUNA  15 CM X 100 BLANCO,ANILLO DOBLE O,0,0,1641
131009,2023,Julio,7,VARILLA MEDIA LUNA  15 CM X 100 NEGRO,ANILLO DOBLE O,0,0,768
131033,2023,Julio,7,VARILLA MEDIA LUNA  20 CM X 100 BLANCO,ANILLO DOBLE O,11,219450,32
131034,2023,Julio,7,VARILLA MEDIA LUNA  20 CM X 100 NEGRO,ANILLO DOBLE O,0,0,396
131017,2023,Julio,7,YOYO ORIGINAL CAJA X 50 AMARILLO,VARIOS,0,0,35
131018,2023,Julio,7,YOYO ORIGINAL CAJA X 50 AZUL,VARIOS,6,391500,1409
131019,2023,Julio,7,YOYO ORIGINAL CAJA X 50 BLANCO,VARIOS,60,3915000,2580
131020,2023,Julio,7,YOYO ORIGINAL CAJA X 50 NEGRO,VARIOS,5,326250,1065
131021,2023,Julio,7,YOYO ORIGINAL CAJA X 50 ROJO,VARIOS,0,0,125
131022,2023,Julio,7,YOYO ORIGINAL CAJA X 50 VERDE,VARIOS,0,0,263
131012,2023,Agosto,8,ACETATOS CARTA PAQ X 50,VARIOS,40,435000,3160
113001,2023,Agosto,8,BOLSILLO CARNET 60 X 90 MM 175 MIC CAJA X 100,LAMINACION,505,2030000,2480
113005,2023,Agosto,8,BOLSILLO CARTA 225MM X 288MM 125 MIC CAJA X 100,LAMINACION,2222,86899560,7681
113006,2023,Agosto,8,BOLSILLO CARTA 225MM X 288MM 175 MIC CAJA X 100,LAMINACION,456,22315100,2066
113007,2023,Agosto,8,BOLSILLO CARTA 225MM X 288MM 250 MIC CAJA X 50,LAMINACION,427,17959800,3090
113002,2023,Agosto,8,BOLSILLO CEDULA 70 X 100 MM 175 MIC CAJA X 100,LAMINACION,868,5228830,11068
113008,2023,Agosto,8,BOLSILLO OFICIO 225MM X 337MM 125 MIC CAJA X 100,LAMINACION,620,28499300,2225
113003,2023,Agosto,8,BOLSILLO TARJETA PROPIEDAD 80 X 110 MM 175 MIC CAJA X 100,LAMINACION,821,5955060,7950
121009,2023,Agosto,8,CARATULA CARTA GRAIN PAQ X 50 AZUL,CARATULA,7,105800,3353
121010,2023,Agosto,8,CARATULA CARTA GRAIN PAQ X 50 NEGRO,CARATULA,26,390200,3244
121034,2023,Agosto,8,CARATULA CARTA STRIPE PAQ X 50 AMARILLO,CARATULA,35,481550,2185
121017,2023,Agosto,8,CARATULA CARTA STRIPE PAQ X 50 AZUL T-1,CARATULA,272,3292100,3626
121018,2023,Agosto,8,CARATULA CARTA STRIPE PAQ X 50 AZUL T-2,CARATULA,97,1295600,2325
121019,2023,Agosto,8,CARATULA CARTA STRIPE PAQ X 50 HUMO,CARATULA,76,1012650,4084
121020,2023,Agosto,8,CARATULA CARTA STRIPE PAQ X 50 LILA,CARATULA,11,154650,2215
121021,2023,Agosto,8,CARATULA CARTA STRIPE PAQ X 50 NARANJA,CARATULA,17,230050,2920
121022,2023,Agosto,8,CARATULA CARTA STRIPE PAQ X 50 ROJO,CARATULA,29,386150,3002
121023,2023,Agosto,8,CARATULA CARTA STRIPE PAQ X 50 TRANSPARENTE,CARATULA,440,5928200,15731
121024,2023,Agosto,8,CARATULA CARTA STRIPE PAQ X 50 VERDE T-1,CARATULA,58,764600,1714
121025,2023,Agosto,8,CARATULA CARTA STRIPE PAQ X 50 VERDE T-2,CARATULA,28,373100,4610
121032,2023,Agosto,8,CARATULA LEGAL STRIPE PAQ X 50 TRANSPARENTE,CARATULA,2,140000,880
121030,2023,Agosto,8,CARATULA OFICIO STRIPE PAQ X 50 TRANSPARENTE,CARATULA,71,1098900,3928
121031,2023,Agosto,8,CARATULA OFICIO STRIPE PAQ X 50 VERDE T-2,CARATULA,16,249900,164
122009,2023,Agosto,8,CARRETE  2.1   16 MM X 10500 LOOPS BLANCO,ANILLO DOBLE O,10,2961000,46
122010,2023,Agosto,8,CARRETE  2.1   16 MM X 10500 LOOPS NEGRO,ANILLO DOBLE O,1,299250,39
122011,2023,Agosto,8,CARRETE  2.1   16 MM X 10500 LOOPS PLATA,ANILLO DOBLE O,0,0,19
122013,2023,Agosto,8,CARRETE  2.1   19 MM X 7000 LOOPS BLANCO,ANILLO DOBLE O,0,0,30
122016,2023,Agosto,8,CARRETE  2.1   19 MM X 7000 LOOPS BRONCE,ANILLO DOBLE O,0,0,10
122014,2023,Agosto,8,CARRETE  2.1   19 MM X 7000 LOOPS NEGRO,ANILLO DOBLE O,0,0,19
122015,2023,Agosto,8,CARRETE  2.1   19 MM X 7000 LOOPS PLATA,ANILLO DOBLE O,7,2227750,19
122017,2023,Agosto,8,CARRETE  3.1    8 MM X 60000 LOOPS BLANCO,ANILLO DOBLE O,1,461700,127
122018,2023,Agosto,8,CARRETE  3.1    8 MM X 60000 LOOPS NEGRO,ANILLO DOBLE O,1,461700,69
122019,2023,Agosto,8,CARRETE  3.1    8 MM X 60000 LOOPS PLATA,ANILLO DOBLE O,1,530670,20
122020,2023,Agosto,8,CARRETE  3.1    9 MM X 43000 LOOPS BLANCO,ANILLO DOBLE O,8,2877300,176
122021,2023,Agosto,8,CARRETE  3.1    9 MM X 43000 LOOPS BRONCE,ANILLO DOBLE O,1,465500,38
122022,2023,Agosto,8,CARRETE  3.1    9 MM X 43000 LOOPS NEGRO,ANILLO DOBLE O,13,4649550,87
122023,2023,Agosto,8,CARRETE  3.1    9 MM X 43000 LOOPS PLATA,ANILLO DOBLE O,1,442700,30
122024,2023,Agosto,8,CARRETE  3.1   11 MM X 32000 LOOPS BLANCO,ANILLO DOBLE O,2,769230,45
122025,2023,Agosto,8,CARRETE  3.1   11 MM X 32000 LOOPS NEGRO,ANILLO DOBLE O,0,0,32
122026,2023,Agosto,8,CARRETE  3.1   12 MM X 24000 LOOPS BLANCO,ANILLO DOBLE O,3,993750,45
122027,2023,Agosto,8,CARRETE  3.1   12 MM X 24000 LOOPS NEGRO,ANILLO DOBLE O,10,3000000,29
122028,2023,Agosto,8,CARRETE  3.1   12 MM X 24000 LOOPS PLATA,ANILLO DOBLE O,3,1058250,7
122029,2023,Agosto,8,CARRETE  3.1   14 MM X 19300 LOOPS BLANCO,ANILLO DOBLE O,1,343140,7
122030,2023,Agosto,8,CARRETE  3.1   14 MM X 19300 LOOPS NEGRO,ANILLO DOBLE O,0,0,28
122031,2023,Agosto,8,CARRETE  3.1   14 MM X 19300 LOOPS PLATA,ANILLO DOBLE O,0,0,12
122081,2023,Agosto,8,DOBLE O CARTA 2.1    8 MM  CAJA X 100 BLANCO,ANILLO DOBLE O,0,0,444
122082,2023,Agosto,8,DOBLE O CARTA 2.1    8 MM  CAJA X 100 NEGRO,ANILLO DOBLE O,7,165625,296
122083,2023,Agosto,8,DOBLE O CARTA 2.1    9 MM  CAJA X 100 BLANCO,ANILLO DOBLE O,0,0,229
122084,2023,Agosto,8,DOBLE O CARTA 2.1    9 MM  CAJA X 100 NEGRO,ANILLO DOBLE O,22,661500,172
122085,2023,Agosto,8,DOBLE O CARTA 2.1   12 MM  CAJA X 100 BLANCO,ANILLO DOBLE O,0,0,300
122086,2023,Agosto,8,DOBLE O CARTA 2.1   12 MM  CAJA X 100 NEGRO,ANILLO DOBLE O,0,0,183
122087,2023,Agosto,8,DOBLE O CARTA 2.1   14 MM  CAJA X 100 BLANCO,ANILLO DOBLE O,0,0,262
122088,2023,Agosto,8,DOBLE O CARTA 2.1   14 MM  CAJA X 100 NEGRO,ANILLO DOBLE O,0,0,196
122089,2023,Agosto,8,DOBLE O CARTA 2.1   16 MM  CAJA X 50 BLANCO,ANILLO DOBLE O,4,152000,557
122090,2023,Agosto,8,DOBLE O CARTA 2.1   16 MM  CAJA X 50 NEGRO,ANILLO DOBLE O,1,38000,215
122091,2023,Agosto,8,DOBLE O CARTA 2.1   19 MM  CAJA X 50 BLANCO,ANILLO DOBLE O,1,45000,270
122112,2023,Agosto,8,DOBLE O CARTA 2.1   19 MM  CAJA X 50 BRONCE,ANILLO DOBLE O,0,0,200
122092,2023,Agosto,8,DOBLE O CARTA 2.1   19 MM  CAJA X 50 NEGRO,ANILLO DOBLE O,6,270000,261
122093,2023,Agosto,8,DOBLE O CARTA 2.1   22 MM  CAJA X 50 BLANCO,ANILLO DOBLE O,2,118000,228
122094,2023,Agosto,8,DOBLE O CARTA 2.1   22 MM  CAJA X 50 NEGRO,ANILLO DOBLE O,0,0,348
122095,2023,Agosto,8,DOBLE O CARTA 2.1   25 MM  CAJA X 50 BLANCO,ANILLO DOBLE O,0,0,308
122096,2023,Agosto,8,DOBLE O CARTA 2.1   25 MM  CAJA X 50 NEGRO,ANILLO DOBLE O,0,0,195
122097,2023,Agosto,8,DOBLE O CARTA 2.1   28 MM  CAJA X 30 BLANCO,ANILLO DOBLE O,0,0,400
122098,2023,Agosto,8,DOBLE O CARTA 2.1   28 MM  CAJA X 30 NEGRO,ANILLO DOBLE O,0,0,355
122099,2023,Agosto,8,DOBLE O CARTA 2.1   32 MM  CAJA X 30 BLANCO,ANILLO DOBLE O,0,0,454
122100,2023,Agosto,8,DOBLE O CARTA 2.1   32 MM  CAJA X 30 NEGRO,ANILLO DOBLE O,0,0,147
122101,2023,Agosto,8,DOBLE O CARTA 3.1    8 MM   CAJA X 100 BLANCO,ANILLO DOBLE O,0,0,347
122102,2023,Agosto,8,DOBLE O CARTA 3.1    8 MM  CAJA X 100 NEGRO,ANILLO DOBLE O,0,0,268
122103,2023,Agosto,8,DOBLE O CARTA 3.1    9 MM  CAJA X 100 BLANCO,ANILLO DOBLE O,2,80000,267
122104,2023,Agosto,8,DOBLE O CARTA 3.1    9 MM  CAJA X 100 NEGRO,ANILLO DOBLE O,0,0,170
122105,2023,Agosto,8,DOBLE O CARTA 3.1   11 MM  CAJA X 100 BLANCO,ANILLO DOBLE O,0,0,346
122106,2023,Agosto,8,DOBLE O CARTA 3.1   11 MM  CAJA X 100 NEGRO,ANILLO DOBLE O,0,0,198
122108,2023,Agosto,8,DOBLE O CARTA 3.1   12 MM  CAJA X 100 BLANCO,ANILLO DOBLE O,0,0,734
122107,2023,Agosto,8,DOBLE O CARTA 3.1   12 MM  CAJA X 100 NEGRO,ANILLO DOBLE O,0,0,219
122109,2023,Agosto,8,DOBLE O CARTA 3.1   12 MM  CAJA X 100 PLATA,ANILLO DOBLE O,0,0,182
122110,2023,Agosto,8,DOBLE O CARTA 3.1   14 MM  CAJA X 100 BLANCO,ANILLO DOBLE O,0,0,277
122111,2023,Agosto,8,DOBLE O CARTA 3.1   14 MM  CAJA X 100 NEGRO,ANILLO DOBLE O,0,0,255
111001,2023,Agosto,8,ROLLO 113 MM X 60 MTS 175 MICRAS,LAMINACION,104,2994800,974
111002,2023,Agosto,8,ROLLO 113 MM X 60 MTS 250 MICRAS,LAMINACION,0,0,264
111003,2023,Agosto,8,ROLLO 226 MM X 60 MTS 125 MICRAS,LAMINACION,308,11437360,902
111004,2023,Agosto,8,ROLLO 226 MM X 60 MTS 175 MICRAS,LAMINACION,0,0,0
111005,2023,Agosto,8,ROLLO 226 MM X 60 MTS 250 MICRAS,LAMINACION,7,553000,175
111007,2023,Agosto,8,ROLLO 300 MM X 60 MTS 125 MICRAS,LAMINACION,0,0,168
111008,2023,Agosto,8,ROLLO 300 MM X 60 MTS 250 MICRAS,LAMINACION,1,105000,159
111018,2023,Agosto,8,ROLLO 350 MM X 60 MTS 250 MICRAS,LAMINACION,0,0,256
111010,2023,Agosto,8,ROLLO 375 MM X 60 MTS 125 MICRAS,LAMINACION,0,0,300
111013,2023,Agosto,8,ROLLO 375 MM X 75 MTS 75 MICRAS MATTE,LAMINACION,0,0,126
111014,2023,Agosto,8,ROLLO 450 MM X 75 MTS 75 MICRAS BRILLANTE,LAMINACION,0,0,0
111019,2023,Agosto,8,ROLLO 540 MM X 60 MTS 125 MICRAS,LAMINACION,36,4276800,0
111020,2023,Agosto,8,ROLLO 540 MM X 60 MTS 175 MICRAS,LAMINACION,20,3150000,0
111016,2023,Agosto,8,ROLLO 680 MM X 60 MTS 125 MICRAS BRILLANTE,LAMINACION,14,2282000,210
112001,2023,Agosto,8,ROLLO BOPP BRILLANTE 250 MM X 4000 MT 18 MIC,PLASTIFICACION,20,5701990,88
112002,2023,Agosto,8,ROLLO BOPP BRILLANTE 300 MM X 4000 MT 18 MIC,PLASTIFICACION,5,1701700,4
112003,2023,Agosto,8,ROLLO BOPP BRILLANTE 330 MM X 200 MT 23 MIC,PLASTIFICACION,140,8098500,259
112006,2023,Agosto,8,ROLLO BOPP BRILLANTE 345 MM X 4000 MT 18 MIC,PLASTIFICACION,46,18452143,45
112026,2023,Agosto,8,ROLLO BOPP BRILLANTE 400 MM X 4000 MT 18 MIC,PLASTIFICACION,14,6330090,74
112007,2023,Agosto,8,ROLLO BOPP BRILLANTE 445 MM X 4000 MT 18 MIC,PLASTIFICACION,6,3042100,2
112029,2023,Agosto,8,ROLLO BOPP BRILLANTE 495 MM X 2000 MT 18 MIC,PLASTIFICACION,2,552500,2
112008,2023,Agosto,8,ROLLO BOPP BRILLANTE 495 MM X 4000 MT 18 MIC,PLASTIFICACION,1,554200,1
112028,2023,Agosto,8,ROLLO BOPP BRILLANTE 595 MM X 4000 MT 18 MIC,PLASTIFICACION,0,0,4
112009,2023,Agosto,8,ROLLO BOPP BRILLANTE 695 MM X 4000 MT 18 MIC,PLASTIFICACION,8,4816600,57
112024,2023,Agosto,8,ROLLO BOPP MATE 200 MM X 4000 MT 18 MIC,PLASTIFICACION,0,0,0
112010,2023,Agosto,8,ROLLO BOPP MATE 250 MM X 4000 MT 18 MIC,PLASTIFICACION,23,6215180,47
112011,2023,Agosto,8,ROLLO BOPP MATE 300 MM X 4000 MT 18 MIC,PLASTIFICACION,19,5939520,2
112012,2023,Agosto,8,ROLLO BOPP MATE 330 MM X 200 MT 23 MIC,PLASTIFICACION,26,1573000,311
112021,2023,Agosto,8,ROLLO BOPP MATE 330 MM X 4000 MT 18 MIC,PLASTIFICACION,0,0,0
112013,2023,Agosto,8,ROLLO BOPP MATE 330 MM X 500 MT 22 MIC,PLASTIFICACION,4,592500,192
112015,2023,Agosto,8,ROLLO BOPP MATE 345 MM X 4000 MT 18 MIC,PLASTIFICACION,0,0,0
112025,2023,Agosto,8,ROLLO BOPP MATE 400 MM X 4000 MT 18 MIC,PLASTIFICACION,19,8202745,39
112016,2023,Agosto,8,ROLLO BOPP MATE 445 MM X 4000 MT 18 MIC,PLASTIFICACION,0,0,0
112017,2023,Agosto,8,ROLLO BOPP MATE 495 MM X 4000 MT 18 MIC,PLASTIFICACION,78,40764870,238
112018,2023,Agosto,8,ROLLO BOPP MATE 595 MM X 4000 MT 18 MIC,PLASTIFICACION,19,8690780,65
112019,2023,Agosto,8,ROLLO BOPP MATE 695 MM X 4000 MT 18 MIC,PLASTIFICACION,25,13793300,1
112005,2023,Agosto,8,ROLLO SUPERBONDING BRILLANTE 330 MM X 500 MT 30 MIC,PLASTIFICACION,0,0,64
122041,2023,Agosto,8,TIRA 2.1 X 64 LOOPS  12MM CAJA X 540 BLANCO,ANILLO DOBLE O,0,0,94
122042,2023,Agosto,8,TIRA 2.1 X 64 LOOPS  12MM CAJA X 540 NEGRO,ANILLO DOBLE O,4,1749600,99
122043,2023,Agosto,8,TIRA 2.1 X 64 LOOPS  12MM CAJA X 540 PLATA,ANILLO DOBLE O,0,0,70
122044,2023,Agosto,8,TIRA 2.1 X 64 LOOPS  14MM CAJA X 384 BLANCO,ANILLO DOBLE O,2,865830,56
122045,2023,Agosto,8,TIRA 2.1 X 64 LOOPS  14MM CAJA X 384 NEGRO,ANILLO DOBLE O,1,432915,49
122046,2023,Agosto,8,TIRA 2.1 X 64 LOOPS  14MM CAJA X 384 PLATA,ANILLO DOBLE O,0,0,30
122047,2023,Agosto,8,TIRA 2.1 X 64 LOOPS  16MM CAJA X 308 BLANCO,ANILLO DOBLE O,16,6418750,358
122048,2023,Agosto,8,TIRA 2.1 X 64 LOOPS  16MM CAJA X 308 BRONCE,ANILLO DOBLE O,0,0,44
122049,2023,Agosto,8,TIRA 2.1 X 64 LOOPS  16MM CAJA X 308 NEGRO,ANILLO DOBLE O,5,2021250,233
122050,2023,Agosto,8,TIRA 2.1 X 64 LOOPS  16MM CAJA X 308 PLATA,ANILLO DOBLE O,17,7319480,37
122051,2023,Agosto,8,TIRA 2.1 X 64 LOOPS  19MM CAJA X 252 BLANCO,ANILLO DOBLE O,6,2728950,248
122052,2023,Agosto,8,TIRA 2.1 X 64 LOOPS  19MM CAJA X 252 BRONCE,ANILLO DOBLE O,4,2101400,41
122053,2023,Agosto,8,TIRA 2.1 X 64 LOOPS  19MM CAJA X 252 NEGRO,ANILLO DOBLE O,6,2618560,133
122054,2023,Agosto,8,TIRA 2.1 X 64 LOOPS  19MM CAJA X 252 PLATA,ANILLO DOBLE O,2,974950,52
122055,2023,Agosto,8,TIRA 2.1 X 64 LOOPS  22MM CAJA X 192 BLANCO,ANILLO DOBLE O,7,3178700,70
122056,2023,Agosto,8,TIRA 2.1 X 64 LOOPS  22MM CAJA X 192 BRONCE,ANILLO DOBLE O,0,0,16
122057,2023,Agosto,8,TIRA 2.1 X 64 LOOPS  22MM CAJA X 192 NEGRO,ANILLO DOBLE O,1,454100,61
122058,2023,Agosto,8,TIRA 2.1 X 64 LOOPS  22MM CAJA X 192 PLATA,ANILLO DOBLE O,15,7660800,20
122059,2023,Agosto,8,TIRA 2.1 X 64 LOOPS  25MM CAJA X 140 BLANCO,ANILLO DOBLE O,24,8940480,72
122077,2023,Agosto,8,TIRA 2.1 X 64 LOOPS  25MM CAJA X 140 BRONCE,ANILLO DOBLE O,0,0,15
122060,2023,Agosto,8,TIRA 2.1 X 64 LOOPS  25MM CAJA X 140 NEGRO,ANILLO DOBLE O,3,1188450,60
122061,2023,Agosto,8,TIRA 2.1 X 64 LOOPS  25MM CAJA X 140 PLATA,ANILLO DOBLE O,2,887300,22
122062,2023,Agosto,8,TIRA 2.1 X 64 LOOPS  28MM CAJA X 96 BLANCO,ANILLO DOBLE O,0,0,73
122063,2023,Agosto,8,TIRA 2.1 X 64 LOOPS  28MM CAJA X 96 NEGRO,ANILLO DOBLE O,1,371280,41
122064,2023,Agosto,8,TIRA 2.1 X 64 LOOPS  28MM CAJA X 96 PLATA,ANILLO DOBLE O,0,0,31
122065,2023,Agosto,8,TIRA 2.1 X 64 LOOPS  32MM CAJA X 96 BLANCO,ANILLO DOBLE O,2,985530,68
122066,2023,Agosto,8,TIRA 2.1 X 64 LOOPS  32MM CAJA X 96 NEGRO,ANILLO DOBLE O,0,0,60
131008,2023,Agosto,8,VARILLA MEDIA LUNA  10 CM X 100 BLANCO,ANILLO DOBLE O,16,201500,2447
131007,2023,Agosto,8,VARILLA MEDIA LUNA  10 CM X 100 NEGRO,ANILLO DOBLE O,10,117000,1170
131010,2023,Agosto,8,VARILLA MEDIA LUNA  15 CM X 100 BLANCO,ANILLO DOBLE O,10,153000,1631
131009,2023,Agosto,8,VARILLA MEDIA LUNA  15 CM X 100 NEGRO,ANILLO DOBLE O,10,153000,758
131033,2023,Agosto,8,VARILLA MEDIA LUNA  20 CM X 100 BLANCO,ANILLO DOBLE O,0,0,32
131034,2023,Agosto,8,VARILLA MEDIA LUNA  20 CM X 100 NEGRO,ANILLO DOBLE O,0,0,396
131017,2023,Agosto,8,YOYO ORIGINAL CAJA X 50 AMARILLO,VARIOS,0,0,35
131018,2023,Agosto,8,YOYO ORIGINAL CAJA X 50 AZUL,VARIOS,12,783000,1397
131019,2023,Agosto,8,YOYO ORIGINAL CAJA X 50 BLANCO,VARIOS,42,2430500,2538
131020,2023,Agosto,8,YOYO ORIGINAL CAJA X 50 NEGRO,VARIOS,8,522000,1057
131021,2023,Agosto,8,YOYO ORIGINAL CAJA X 50 ROJO,VARIOS,1,65250,124
131022,2023,Agosto,8,YOYO ORIGINAL CAJA X 50 VERDE,VARIOS,4,261000,259
131012,2023,Septiembre,9,ACETATOS CARTA PAQ X 50,VARIOS,304,2920000,2856
113001,2023,Septiembre,9,BOLSILLO CARNET 60 X 90 MM 175 MIC CAJA X 100,LAMINACION,456,2080000,2023
113005,2023,Septiembre,9,BOLSILLO CARTA 225MM X 288MM 125 MIC CAJA X 100,LAMINACION,1242,46488000,6437
113006,2023,Septiembre,9,BOLSILLO CARTA 225MM X 288MM 175 MIC CAJA X 100,LAMINACION,243,10710000,1823
113007,2023,Septiembre,9,BOLSILLO CARTA 225MM X 288MM 250 MIC CAJA X 50,LAMINACION,415,15518500,2675
113002,2023,Septiembre,9,BOLSILLO CEDULA 70 X 100 MM 175 MIC CAJA X 100,LAMINACION,543,3290500,10525
113008,2023,Septiembre,9,BOLSILLO OFICIO 225MM X 337MM 125 MIC CAJA X 100,LAMINACION,505,20296000,1720
113003,2023,Septiembre,9,BOLSILLO TARJETA PROPIEDAD 80 X 110 MM 175 MIC CAJA X 100,LAMINACION,407,2935300,7543
121009,2023,Septiembre,9,CARATULA CARTA GRAIN PAQ X 50 AZUL,CARATULA,21,299600,3332
121010,2023,Septiembre,9,CARATULA CARTA GRAIN PAQ X 50 NEGRO,CARATULA,82,1203800,3162
121034,2023,Septiembre,9,CARATULA CARTA STRIPE PAQ X 50 AMARILLO,CARATULA,60,785900,2125
121017,2023,Septiembre,9,CARATULA CARTA STRIPE PAQ X 50 AZUL T-1,CARATULA,32,424250,3594
121018,2023,Septiembre,9,CARATULA CARTA STRIPE PAQ X 50 AZUL T-2,CARATULA,132,1724050,2193
121019,2023,Septiembre,9,CARATULA CARTA STRIPE PAQ X 50 HUMO,CARATULA,163,2145200,3941
121020,2023,Septiembre,9,CARATULA CARTA STRIPE PAQ X 50 LILA,CARATULA,47,626700,2168
121021,2023,Septiembre,9,CARATULA CARTA STRIPE PAQ X 50 NARANJA,CARATULA,20,261000,2880
121022,2023,Septiembre,9,CARATULA CARTA STRIPE PAQ X 50 ROJO,CARATULA,75,981150,2927
121023,2023,Septiembre,9,CARATULA CARTA STRIPE PAQ X 50 TRANSPARENTE,CARATULA,429,5636300,15302
121024,2023,Septiembre,9,CARATULA CARTA STRIPE PAQ X 50 VERDE T-1,CARATULA,86,1042250,1629
121025,2023,Septiembre,9,CARATULA CARTA STRIPE PAQ X 50 VERDE T-2,CARATULA,59,772850,4550
121032,2023,Septiembre,9,CARATULA LEGAL STRIPE PAQ X 50 TRANSPARENTE,CARATULA,4,280000,876
121030,2023,Septiembre,9,CARATULA OFICIO STRIPE PAQ X 50 TRANSPARENTE,CARATULA,665,9484900,3263
121031,2023,Septiembre,9,CARATULA OFICIO STRIPE PAQ X 50 VERDE T-2,CARATULA,20,306000,144
122009,2023,Septiembre,9,CARRETE  2.1   16 MM X 10500 LOOPS BLANCO,ANILLO DOBLE O,29,7420000,17
122010,2023,Septiembre,9,CARRETE  2.1   16 MM X 10500 LOOPS NEGRO,ANILLO DOBLE O,2,504000,37
122011,2023,Septiembre,9,CARRETE  2.1   16 MM X 10500 LOOPS PLATA,ANILLO DOBLE O,0,0,19
122013,2023,Septiembre,9,CARRETE  2.1   19 MM X 7000 LOOPS BLANCO,ANILLO DOBLE O,12,2860000,18
122016,2023,Septiembre,9,CARRETE  2.1   19 MM X 7000 LOOPS BRONCE,ANILLO DOBLE O,1,312000,9
122014,2023,Septiembre,9,CARRETE  2.1   19 MM X 7000 LOOPS NEGRO,ANILLO DOBLE O,16,3822000,3
122015,2023,Septiembre,9,CARRETE  2.1   19 MM X 7000 LOOPS PLATA,ANILLO DOBLE O,1,318250,18
122017,2023,Septiembre,9,CARRETE  3.1    8 MM X 60000 LOOPS BLANCO,ANILLO DOBLE O,5,1969300,122
122018,2023,Septiembre,9,CARRETE  3.1    8 MM X 60000 LOOPS NEGRO,ANILLO DOBLE O,0,0,69
122019,2023,Septiembre,9,CARRETE  3.1    8 MM X 60000 LOOPS PLATA,ANILLO DOBLE O,0,0,20
122020,2023,Septiembre,9,CARRETE  3.1    9 MM X 43000 LOOPS BLANCO,ANILLO DOBLE O,34,11750500,142
122021,2023,Septiembre,9,CARRETE  3.1    9 MM X 43000 LOOPS BRONCE,ANILLO DOBLE O,0,0,38
122022,2023,Septiembre,9,CARRETE  3.1    9 MM X 43000 LOOPS NEGRO,ANILLO DOBLE O,16,5112000,71
122023,2023,Septiembre,9,CARRETE  3.1    9 MM X 43000 LOOPS PLATA,ANILLO DOBLE O,9,3654000,21
122024,2023,Septiembre,9,CARRETE  3.1   11 MM X 32000 LOOPS BLANCO,ANILLO DOBLE O,9,3027750,36
122025,2023,Septiembre,9,CARRETE  3.1   11 MM X 32000 LOOPS NEGRO,ANILLO DOBLE O,6,1981800,26
122026,2023,Septiembre,9,CARRETE  3.1   12 MM X 24000 LOOPS BLANCO,ANILLO DOBLE O,25,8456000,20
122027,2023,Septiembre,9,CARRETE  3.1   12 MM X 24000 LOOPS NEGRO,ANILLO DOBLE O,1,305000,18
122028,2023,Septiembre,9,CARRETE  3.1   12 MM X 24000 LOOPS PLATA,ANILLO DOBLE O,7,2305800,0
122029,2023,Septiembre,9,CARRETE  3.1   14 MM X 19300 LOOPS BLANCO,ANILLO DOBLE O,5,1516800,2
122030,2023,Septiembre,9,CARRETE  3.1   14 MM X 19300 LOOPS NEGRO,ANILLO DOBLE O,6,1765500,22
122031,2023,Septiembre,9,CARRETE  3.1   14 MM X 19300 LOOPS PLATA,ANILLO DOBLE O,0,0,12
122081,2023,Septiembre,9,DOBLE O CARTA 2.1    8 MM  CAJA X 100 BLANCO,ANILLO DOBLE O,0,0,444
122082,2023,Septiembre,9,DOBLE O CARTA 2.1    8 MM  CAJA X 100 NEGRO,ANILLO DOBLE O,0,0,296
122083,2023,Septiembre,9,DOBLE O CARTA 2.1    9 MM  CAJA X 100 BLANCO,ANILLO DOBLE O,0,0,229
122084,2023,Septiembre,9,DOBLE O CARTA 2.1    9 MM  CAJA X 100 NEGRO,ANILLO DOBLE O,5,157500,167
122085,2023,Septiembre,9,DOBLE O CARTA 2.1   12 MM  CAJA X 100 BLANCO,ANILLO DOBLE O,90,3436000,210
122086,2023,Septiembre,9,DOBLE O CARTA 2.1   12 MM  CAJA X 100 NEGRO,ANILLO DOBLE O,0,0,183
122087,2023,Septiembre,9,DOBLE O CARTA 2.1   14 MM  CAJA X 100 BLANCO,ANILLO DOBLE O,3,129000,259
122088,2023,Septiembre,9,DOBLE O CARTA 2.1   14 MM  CAJA X 100 NEGRO,ANILLO DOBLE O,0,0,196
122089,2023,Septiembre,9,DOBLE O CARTA 2.1   16 MM  CAJA X 50 BLANCO,ANILLO DOBLE O,44,1225000,513
122090,2023,Septiembre,9,DOBLE O CARTA 2.1   16 MM  CAJA X 50 NEGRO,ANILLO DOBLE O,11,285000,204
122091,2023,Septiembre,9,DOBLE O CARTA 2.1   19 MM  CAJA X 50 BLANCO,ANILLO DOBLE O,19,647500,245
122112,2023,Septiembre,9,DOBLE O CARTA 2.1   19 MM  CAJA X 50 BRONCE,ANILLO DOBLE O,5,175000,195
122092,2023,Septiembre,9,DOBLE O CARTA 2.1   19 MM  CAJA X 50 NEGRO,ANILLO DOBLE O,15,600000,252
122093,2023,Septiembre,9,DOBLE O CARTA 2.1   22 MM  CAJA X 50 BLANCO,ANILLO DOBLE O,8,360000,220
122094,2023,Septiembre,9,DOBLE O CARTA 2.1   22 MM  CAJA X 50 NEGRO,ANILLO DOBLE O,4,188000,344
122095,2023,Septiembre,9,DOBLE O CARTA 2.1   25 MM  CAJA X 50 BLANCO,ANILLO DOBLE O,3,171500,305
122096,2023,Septiembre,9,DOBLE O CARTA 2.1   25 MM  CAJA X 50 NEGRO,ANILLO DOBLE O,2,100000,193
122097,2023,Septiembre,9,DOBLE O CARTA 2.1   28 MM  CAJA X 30 BLANCO,ANILLO DOBLE O,0,0,400
122098,2023,Septiembre,9,DOBLE O CARTA 2.1   28 MM  CAJA X 30 NEGRO,ANILLO DOBLE O,0,0,355
122099,2023,Septiembre,9,DOBLE O CARTA 2.1   32 MM  CAJA X 30 BLANCO,ANILLO DOBLE O,0,0,454
122100,2023,Septiembre,9,DOBLE O CARTA 2.1   32 MM  CAJA X 30 NEGRO,ANILLO DOBLE O,6,346500,142
122101,2023,Septiembre,9,DOBLE O CARTA 3.1    8 MM   CAJA X 100 BLANCO,ANILLO DOBLE O,0,0,347
122102,2023,Septiembre,9,DOBLE O CARTA 3.1    8 MM  CAJA X 100 NEGRO,ANILLO DOBLE O,0,0,268
122103,2023,Septiembre,9,DOBLE O CARTA 3.1    9 MM  CAJA X 100 BLANCO,ANILLO DOBLE O,0,0,267
122104,2023,Septiembre,9,DOBLE O CARTA 3.1    9 MM  CAJA X 100 NEGRO,ANILLO DOBLE O,21,475000,149
122105,2023,Septiembre,9,DOBLE O CARTA 3.1   11 MM  CAJA X 100 BLANCO,ANILLO DOBLE O,0,0,346
122106,2023,Septiembre,9,DOBLE O CARTA 3.1   11 MM  CAJA X 100 NEGRO,ANILLO DOBLE O,0,0,198
122108,2023,Septiembre,9,DOBLE O CARTA 3.1   12 MM  CAJA X 100 BLANCO,ANILLO DOBLE O,0,0,734
122107,2023,Septiembre,9,DOBLE O CARTA 3.1   12 MM  CAJA X 100 NEGRO,ANILLO DOBLE O,11,370000,208
122109,2023,Septiembre,9,DOBLE O CARTA 3.1   12 MM  CAJA X 100 PLATA,ANILLO DOBLE O,5,166500,177
122110,2023,Septiembre,9,DOBLE O CARTA 3.1   14 MM  CAJA X 100 BLANCO,ANILLO DOBLE O,0,0,277
122111,2023,Septiembre,9,DOBLE O CARTA 3.1   14 MM  CAJA X 100 NEGRO,ANILLO DOBLE O,2,86000,253
111001,2023,Septiembre,9,ROLLO 113 MM X 60 MTS 175 MICRAS,LAMINACION,61,1751600,919
111002,2023,Septiembre,9,ROLLO 113 MM X 60 MTS 250 MICRAS,LAMINACION,30,1076400,234
111003,2023,Septiembre,9,ROLLO 226 MM X 60 MTS 125 MICRAS,LAMINACION,169,6678000,733
111004,2023,Septiembre,9,ROLLO 226 MM X 60 MTS 175 MICRAS,LAMINACION,0,0,0
111005,2023,Septiembre,9,ROLLO 226 MM X 60 MTS 250 MICRAS,LAMINACION,6,474000,169
111007,2023,Septiembre,9,ROLLO 300 MM X 60 MTS 125 MICRAS,LAMINACION,13,728000,155
111008,2023,Septiembre,9,ROLLO 300 MM X 60 MTS 250 MICRAS,LAMINACION,5,525000,154
111018,2023,Septiembre,9,ROLLO 350 MM X 60 MTS 250 MICRAS,LAMINACION,0,0,256
111010,2023,Septiembre,9,ROLLO 375 MM X 60 MTS 125 MICRAS,LAMINACION,41,2788000,259
111013,2023,Septiembre,9,ROLLO 375 MM X 75 MTS 75 MICRAS MATTE,LAMINACION,2,120000,124
111014,2023,Septiembre,9,ROLLO 450 MM X 75 MTS 75 MICRAS BRILLANTE,LAMINACION,0,0,0
111019,2023,Septiembre,9,ROLLO 540 MM X 60 MTS 125 MICRAS,LAMINACION,0,0,0
111020,2023,Septiembre,9,ROLLO 540 MM X 60 MTS 175 MICRAS,LAMINACION,0,0,0
111016,2023,Septiembre,9,ROLLO 680 MM X 60 MTS 125 MICRAS BRILLANTE,LAMINACION,44,6820000,166
112001,2023,Septiembre,9,ROLLO BOPP BRILLANTE 250 MM X 4000 MT 18 MIC,PLASTIFICACION,25,7257550,67
112002,2023,Septiembre,9,ROLLO BOPP BRILLANTE 300 MM X 4000 MT 18 MIC,PLASTIFICACION,20,6781380,67
112003,2023,Septiembre,9,ROLLO BOPP BRILLANTE 330 MM X 200 MT 23 MIC,PLASTIFICACION,28,1774500,531
112006,2023,Septiembre,9,ROLLO BOPP BRILLANTE 345 MM X 4000 MT 18 MIC,PLASTIFICACION,73,29166130,22
112026,2023,Septiembre,9,ROLLO BOPP BRILLANTE 400 MM X 4000 MT 18 MIC,PLASTIFICACION,14,6183630,60
112007,2023,Septiembre,9,ROLLO BOPP BRILLANTE 445 MM X 4000 MT 18 MIC,PLASTIFICACION,33,16425445,14
112029,2023,Septiembre,9,ROLLO BOPP BRILLANTE 495 MM X 2000 MT 18 MIC,PLASTIFICACION,2,533800,0
112008,2023,Septiembre,9,ROLLO BOPP BRILLANTE 495 MM X 4000 MT 18 MIC,PLASTIFICACION,60,32573740,121
112028,2023,Septiembre,9,ROLLO BOPP BRILLANTE 595 MM X 4000 MT 18 MIC,PLASTIFICACION,7,3393100,66
112009,2023,Septiembre,9,ROLLO BOPP BRILLANTE 695 MM X 4000 MT 18 MIC,PLASTIFICACION,14,8284350,63
112024,2023,Septiembre,9,ROLLO BOPP MATE 200 MM X 4000 MT 18 MIC,PLASTIFICACION,13,2761735,41
112010,2023,Septiembre,9,ROLLO BOPP MATE 250 MM X 4000 MT 18 MIC,PLASTIFICACION,34,9142010,76
112011,2023,Septiembre,9,ROLLO BOPP MATE 300 MM X 4000 MT 18 MIC,PLASTIFICACION,18,5942090,56
112012,2023,Septiembre,9,ROLLO BOPP MATE 330 MM X 200 MT 23 MIC,PLASTIFICACION,12,780000,399
112021,2023,Septiembre,9,ROLLO BOPP MATE 330 MM X 4000 MT 18 MIC,PLASTIFICACION,21,7609200,51
112013,2023,Septiembre,9,ROLLO BOPP MATE 330 MM X 500 MT 22 MIC,PLASTIFICACION,2,300000,190
112015,2023,Septiembre,9,ROLLO BOPP MATE 345 MM X 4000 MT 18 MIC,PLASTIFICACION,42,15809465,113
112025,2023,Septiembre,9,ROLLO BOPP MATE 400 MM X 4000 MT 18 MIC,PLASTIFICACION,9,3817360,30
112016,2023,Septiembre,9,ROLLO BOPP MATE 445 MM X 4000 MT 18 MIC,PLASTIFICACION,37,17884265,17
112017,2023,Septiembre,9,ROLLO BOPP MATE 495 MM X 4000 MT 18 MIC,PLASTIFICACION,99,51859010,139
112018,2023,Septiembre,9,ROLLO BOPP MATE 595 MM X 4000 MT 18 MIC,PLASTIFICACION,16,7696875,69
112019,2023,Septiembre,9,ROLLO BOPP MATE 695 MM X 4000 MT 18 MIC,PLASTIFICACION,17,9544610,64
112005,2023,Septiembre,9,ROLLO SUPERBONDING BRILLANTE 330 MM X 500 MT 30 MIC,PLASTIFICACION,1,201681,63
122041,2023,Septiembre,9,TIRA 2.1 X 64 LOOPS  12MM CAJA X 540 BLANCO,ANILLO DOBLE O,7,2818900,87
122042,2023,Septiembre,9,TIRA 2.1 X 64 LOOPS  12MM CAJA X 540 NEGRO,ANILLO DOBLE O,13,5412500,86
122043,2023,Septiembre,9,TIRA 2.1 X 64 LOOPS  12MM CAJA X 540 PLATA,ANILLO DOBLE O,0,0,70
122044,2023,Septiembre,9,TIRA 2.1 X 64 LOOPS  14MM CAJA X 384 BLANCO,ANILLO DOBLE O,13,5084100,43
122045,2023,Septiembre,9,TIRA 2.1 X 64 LOOPS  14MM CAJA X 384 NEGRO,ANILLO DOBLE O,9,3451000,40
122046,2023,Septiembre,9,TIRA 2.1 X 64 LOOPS  14MM CAJA X 384 PLATA,ANILLO DOBLE O,0,0,30
122047,2023,Septiembre,9,TIRA 2.1 X 64 LOOPS  16MM CAJA X 308 BLANCO,ANILLO DOBLE O,36,13996250,322
122048,2023,Septiembre,9,TIRA 2.1 X 64 LOOPS  16MM CAJA X 308 BRONCE,ANILLO DOBLE O,0,0,44
122049,2023,Septiembre,9,TIRA 2.1 X 64 LOOPS  16MM CAJA X 308 NEGRO,ANILLO DOBLE O,17,6368750,216
122050,2023,Septiembre,9,TIRA 2.1 X 64 LOOPS  16MM CAJA X 308 PLATA,ANILLO DOBLE O,0,0,37
122051,2023,Septiembre,9,TIRA 2.1 X 64 LOOPS  19MM CAJA X 252 BLANCO,ANILLO DOBLE O,38,16292760,210
122052,2023,Septiembre,9,TIRA 2.1 X 64 LOOPS  19MM CAJA X 252 BRONCE,ANILLO DOBLE O,5,2619400,36
122053,2023,Septiembre,9,TIRA 2.1 X 64 LOOPS  19MM CAJA X 252 NEGRO,ANILLO DOBLE O,4,1777500,129
122054,2023,Septiembre,9,TIRA 2.1 X 64 LOOPS  19MM CAJA X 252 PLATA,ANILLO DOBLE O,4,1942500,48
122055,2023,Septiembre,9,TIRA 2.1 X 64 LOOPS  22MM CAJA X 192 BLANCO,ANILLO DOBLE O,15,6090000,55
122056,2023,Septiembre,9,TIRA 2.1 X 64 LOOPS  22MM CAJA X 192 BRONCE,ANILLO DOBLE O,0,0,16
122057,2023,Septiembre,9,TIRA 2.1 X 64 LOOPS  22MM CAJA X 192 NEGRO,ANILLO DOBLE O,10,3915000,51
122058,2023,Septiembre,9,TIRA 2.1 X 64 LOOPS  22MM CAJA X 192 PLATA,ANILLO DOBLE O,0,0,20
122059,2023,Septiembre,9,TIRA 2.1 X 64 LOOPS  25MM CAJA X 140 BLANCO,ANILLO DOBLE O,25,8578000,47
122077,2023,Septiembre,9,TIRA 2.1 X 64 LOOPS  25MM CAJA X 140 BRONCE,ANILLO DOBLE O,8,3472000,7
122060,2023,Septiembre,9,TIRA 2.1 X 64 LOOPS  25MM CAJA X 140 NEGRO,ANILLO DOBLE O,20,6786000,40
122061,2023,Septiembre,9,TIRA 2.1 X 64 LOOPS  25MM CAJA X 140 PLATA,ANILLO DOBLE O,0,0,22
122062,2023,Septiembre,9,TIRA 2.1 X 64 LOOPS  28MM CAJA X 96 BLANCO,ANILLO DOBLE O,6,2363200,67
122063,2023,Septiembre,9,TIRA 2.1 X 64 LOOPS  28MM CAJA X 96 NEGRO,ANILLO DOBLE O,4,1519200,37
122064,2023,Septiembre,9,TIRA 2.1 X 64 LOOPS  28MM CAJA X 96 PLATA,ANILLO DOBLE O,0,0,31
122065,2023,Septiembre,9,TIRA 2.1 X 64 LOOPS  32MM CAJA X 96 BLANCO,ANILLO DOBLE O,0,0,68
122066,2023,Septiembre,9,TIRA 2.1 X 64 LOOPS  32MM CAJA X 96 NEGRO,ANILLO DOBLE O,6,2516400,54
131008,2023,Septiembre,9,VARILLA MEDIA LUNA  10 CM X 100 BLANCO,ANILLO DOBLE O,5,65000,2442
131007,2023,Septiembre,9,VARILLA MEDIA LUNA  10 CM X 100 NEGRO,ANILLO DOBLE O,0,0,1170
131010,2023,Septiembre,9,VARILLA MEDIA LUNA  15 CM X 100 BLANCO,ANILLO DOBLE O,145,1972000,1476
131009,2023,Septiembre,9,VARILLA MEDIA LUNA  15 CM X 100 NEGRO,ANILLO DOBLE O,0,0,641
131033,2023,Septiembre,9,VARILLA MEDIA LUNA  20 CM X 100 BLANCO,ANILLO DOBLE O,0,0,32
131034,2023,Septiembre,9,VARILLA MEDIA LUNA  20 CM X 100 NEGRO,ANILLO DOBLE O,0,0,396
131017,2023,Septiembre,9,YOYO ORIGINAL CAJA X 50 AMARILLO,VARIOS,0,0,35
131018,2023,Septiembre,9,YOYO ORIGINAL CAJA X 50 AZUL,VARIOS,0,0,1397
131019,2023,Septiembre,9,YOYO ORIGINAL CAJA X 50 BLANCO,VARIOS,233,13808250,2325
131020,2023,Septiembre,9,YOYO ORIGINAL CAJA X 50 NEGRO,VARIOS,6,391500,1050
131021,2023,Septiembre,9,YOYO ORIGINAL CAJA X 50 ROJO,VARIOS,10,652500,114
131022,2023,Septiembre,9,YOYO ORIGINAL CAJA X 50 VERDE,VARIOS,0,0,259
131012,2023,Octubre,10,ACETATOS CARTA PAQ X 50,VARIOS,153,1530000,2703
113001,2023,Octubre,10,BOLSILLO CARNET 60 X 90 MM 175 MIC CAJA X 100,LAMINACION,535,2375000,1488
113005,2023,Octubre,10,BOLSILLO CARTA 225MM X 288MM 125 MIC CAJA X 100,LAMINACION,1115,42225000,5342
113006,2023,Octubre,10,BOLSILLO CARTA 225MM X 288MM 175 MIC CAJA X 100,LAMINACION,104,5304000,1719
113007,2023,Octubre,10,BOLSILLO CARTA 225MM X 288MM 250 MIC CAJA X 50,LAMINACION,203,7831000,2472
113002,2023,Octubre,10,BOLSILLO CEDULA 70 X 100 MM 175 MIC CAJA X 100,LAMINACION,208,1352000,10317
113008,2023,Octubre,10,BOLSILLO OFICIO 225MM X 337MM 125 MIC CAJA X 100,LAMINACION,344,13798600,1376
113003,2023,Octubre,10,BOLSILLO TARJETA PROPIEDAD 80 X 110 MM 175 MIC CAJA X 100,LAMINACION,221,1745900,7322
121009,2023,Octubre,10,CARATULA CARTA GRAIN PAQ X 50 AZUL,CARATULA,2,31600,3330
121010,2023,Octubre,10,CARATULA CARTA GRAIN PAQ X 50 NEGRO,CARATULA,89,1277400,3073
121034,2023,Octubre,10,CARATULA CARTA STRIPE PAQ X 50 AMARILLO,CARATULA,8,105700,2117
121017,2023,Octubre,10,CARATULA CARTA STRIPE PAQ X 50 AZUL T-1,CARATULA,34,450700,3560
121018,2023,Octubre,10,CARATULA CARTA STRIPE PAQ X 50 AZUL T-2,CARATULA,108,1410700,2085
121019,2023,Octubre,10,CARATULA CARTA STRIPE PAQ X 50 HUMO,CARATULA,102,1336200,3839
121020,2023,Octubre,10,CARATULA CARTA STRIPE PAQ X 50 LILA,CARATULA,46,611200,2122
121021,2023,Octubre,10,CARATULA CARTA STRIPE PAQ X 50 NARANJA,CARATULA,28,366700,2852
121022,2023,Octubre,10,CARATULA CARTA STRIPE PAQ X 50 ROJO,CARATULA,52,683700,2875
121023,2023,Octubre,10,CARATULA CARTA STRIPE PAQ X 50 TRANSPARENTE,CARATULA,439,5811200,14866
121024,2023,Octubre,10,CARATULA CARTA STRIPE PAQ X 50 VERDE T-1,CARATULA,19,250200,1610
121025,2023,Octubre,10,CARATULA CARTA STRIPE PAQ X 50 VERDE T-2,CARATULA,30,394700,4520
121032,2023,Octubre,10,CARATULA LEGAL STRIPE PAQ X 50 TRANSPARENTE,CARATULA,3,210000,873
121030,2023,Octubre,10,CARATULA OFICIO STRIPE PAQ X 50 TRANSPARENTE,CARATULA,115,1781300,3148
121031,2023,Octubre,10,CARATULA OFICIO STRIPE PAQ X 50 VERDE T-2,CARATULA,3,48450,141
122009,2023,Octubre,10,CARRETE  2.1   16 MM X 10500 LOOPS BLANCO,ANILLO DOBLE O,17,4554000,0
122010,2023,Octubre,10,CARRETE  2.1   16 MM X 10500 LOOPS NEGRO,ANILLO DOBLE O,1,266000,36
122011,2023,Octubre,10,CARRETE  2.1   16 MM X 10500 LOOPS PLATA,ANILLO DOBLE O,0,0,19
122013,2023,Octubre,10,CARRETE  2.1   19 MM X 7000 LOOPS BLANCO,ANILLO DOBLE O,19,4836000,0
122016,2023,Octubre,10,CARRETE  2.1   19 MM X 7000 LOOPS BRONCE,ANILLO DOBLE O,0,0,9
122014,2023,Octubre,10,CARRETE  2.1   19 MM X 7000 LOOPS NEGRO,ANILLO DOBLE O,1,247000,2
122015,2023,Octubre,10,CARRETE  2.1   19 MM X 7000 LOOPS PLATA,ANILLO DOBLE O,1,312000,17
122017,2023,Octubre,10,CARRETE  3.1    8 MM X 60000 LOOPS BLANCO,ANILLO DOBLE O,3,1194150,119
122018,2023,Octubre,10,CARRETE  3.1    8 MM X 60000 LOOPS NEGRO,ANILLO DOBLE O,3,1152250,66
122019,2023,Octubre,10,CARRETE  3.1    8 MM X 60000 LOOPS PLATA,ANILLO DOBLE O,0,0,20
122020,2023,Octubre,10,CARRETE  3.1    9 MM X 43000 LOOPS BLANCO,ANILLO DOBLE O,26,8875000,116
122021,2023,Octubre,10,CARRETE  3.1    9 MM X 43000 LOOPS BRONCE,ANILLO DOBLE O,0,0,38
122022,2023,Octubre,10,CARRETE  3.1    9 MM X 43000 LOOPS NEGRO,ANILLO DOBLE O,15,4899000,56
122023,2023,Octubre,10,CARRETE  3.1    9 MM X 43000 LOOPS PLATA,ANILLO DOBLE O,0,0,21
122024,2023,Octubre,10,CARRETE  3.1   11 MM X 32000 LOOPS BLANCO,ANILLO DOBLE O,14,5101300,22
122025,2023,Octubre,10,CARRETE  3.1   11 MM X 32000 LOOPS NEGRO,ANILLO DOBLE O,5,1798300,21
122026,2023,Octubre,10,CARRETE  3.1   12 MM X 24000 LOOPS BLANCO,ANILLO DOBLE O,7,1997750,13
122027,2023,Octubre,10,CARRETE  3.1   12 MM X 24000 LOOPS NEGRO,ANILLO DOBLE O,16,4788500,12
122028,2023,Octubre,10,CARRETE  3.1   12 MM X 24000 LOOPS PLATA,ANILLO DOBLE O,0,0,0
122029,2023,Octubre,10,CARRETE  3.1   14 MM X 19300 LOOPS BLANCO,ANILLO DOBLE O,2,609900,0
122030,2023,Octubre,10,CARRETE  3.1   14 MM X 19300 LOOPS NEGRO,ANILLO DOBLE O,1,321000,21
122031,2023,Octubre,10,CARRETE  3.1   14 MM X 19300 LOOPS PLATA,ANILLO DOBLE O,0,0,12
122081,2023,Octubre,10,DOBLE O CARTA 2.1    8 MM  CAJA X 100 BLANCO,ANILLO DOBLE O,0,0,444
122082,2023,Octubre,10,DOBLE O CARTA 2.1    8 MM  CAJA X 100 NEGRO,ANILLO DOBLE O,18,391000,278
122083,2023,Octubre,10,DOBLE O CARTA 2.1    9 MM  CAJA X 100 BLANCO,ANILLO DOBLE O,4,100000,225
122084,2023,Octubre,10,DOBLE O CARTA 2.1    9 MM  CAJA X 100 NEGRO,ANILLO DOBLE O,18,437500,149
122085,2023,Octubre,10,DOBLE O CARTA 2.1   12 MM  CAJA X 100 BLANCO,ANILLO DOBLE O,14,476000,196
122086,2023,Octubre,10,DOBLE O CARTA 2.1   12 MM  CAJA X 100 NEGRO,ANILLO DOBLE O,19,646000,164
122087,2023,Octubre,10,DOBLE O CARTA 2.1   14 MM  CAJA X 100 BLANCO,ANILLO DOBLE O,4,172000,255
122088,2023,Octubre,10,DOBLE O CARTA 2.1   14 MM  CAJA X 100 NEGRO,ANILLO DOBLE O,5,215000,191
122089,2023,Octubre,10,DOBLE O CARTA 2.1   16 MM  CAJA X 50 BLANCO,ANILLO DOBLE O,16,416000,497
122090,2023,Octubre,10,DOBLE O CARTA 2.1   16 MM  CAJA X 50 NEGRO,ANILLO DOBLE O,66,1482000,138
122091,2023,Octubre,10,DOBLE O CARTA 2.1   19 MM  CAJA X 50 BLANCO,ANILLO DOBLE O,5,175000,240
122112,2023,Octubre,10,DOBLE O CARTA 2.1   19 MM  CAJA X 50 BRONCE,ANILLO DOBLE O,0,0,195
122092,2023,Octubre,10,DOBLE O CARTA 2.1   19 MM  CAJA X 50 NEGRO,ANILLO DOBLE O,68,2047500,184
122093,2023,Octubre,10,DOBLE O CARTA 2.1   22 MM  CAJA X 50 BLANCO,ANILLO DOBLE O,4,172000,216
122094,2023,Octubre,10,DOBLE O CARTA 2.1   22 MM  CAJA X 50 NEGRO,ANILLO DOBLE O,6,258000,338
122095,2023,Octubre,10,DOBLE O CARTA 2.1   25 MM  CAJA X 50 BLANCO,ANILLO DOBLE O,10,425000,295
122096,2023,Octubre,10,DOBLE O CARTA 2.1   25 MM  CAJA X 50 NEGRO,ANILLO DOBLE O,28,1250000,165
122097,2023,Octubre,10,DOBLE O CARTA 2.1   28 MM  CAJA X 30 BLANCO,ANILLO DOBLE O,0,0,400
122098,2023,Octubre,10,DOBLE O CARTA 2.1   28 MM  CAJA X 30 NEGRO,ANILLO DOBLE O,6,330000,349
122099,2023,Octubre,10,DOBLE O CARTA 2.1   32 MM  CAJA X 30 BLANCO,ANILLO DOBLE O,0,0,454
122100,2023,Octubre,10,DOBLE O CARTA 2.1   32 MM  CAJA X 30 NEGRO,ANILLO DOBLE O,6,378000,136
122101,2023,Octubre,10,DOBLE O CARTA 3.1    8 MM   CAJA X 100 BLANCO,ANILLO DOBLE O,0,0,347
122102,2023,Octubre,10,DOBLE O CARTA 3.1    8 MM  CAJA X 100 NEGRO,ANILLO DOBLE O,4,92000,264
122103,2023,Octubre,10,DOBLE O CARTA 3.1    9 MM  CAJA X 100 BLANCO,ANILLO DOBLE O,6,135000,261
122104,2023,Octubre,10,DOBLE O CARTA 3.1    9 MM  CAJA X 100 NEGRO,ANILLO DOBLE O,34,737500,115
122105,2023,Octubre,10,DOBLE O CARTA 3.1   11 MM  CAJA X 100 BLANCO,ANILLO DOBLE O,3,90000,343
122106,2023,Octubre,10,DOBLE O CARTA 3.1   11 MM  CAJA X 100 NEGRO,ANILLO DOBLE O,32,840000,166
122108,2023,Octubre,10,DOBLE O CARTA 3.1   12 MM  CAJA X 100 BLANCO,ANILLO DOBLE O,6,199800,728
122107,2023,Octubre,10,DOBLE O CARTA 3.1   12 MM  CAJA X 100 NEGRO,ANILLO DOBLE O,3,111000,205
122109,2023,Octubre,10,DOBLE O CARTA 3.1   12 MM  CAJA X 100 PLATA,ANILLO DOBLE O,0,0,177
122110,2023,Octubre,10,DOBLE O CARTA 3.1   14 MM  CAJA X 100 BLANCO,ANILLO DOBLE O,2,86000,275
122111,2023,Octubre,10,DOBLE O CARTA 3.1   14 MM  CAJA X 100 NEGRO,ANILLO DOBLE O,1,43000,252
111001,2023,Octubre,10,ROLLO 113 MM X 60 MTS 175 MICRAS,LAMINACION,65,1513800,854
111002,2023,Octubre,10,ROLLO 113 MM X 60 MTS 250 MICRAS,LAMINACION,6,234000,228
111003,2023,Octubre,10,ROLLO 226 MM X 60 MTS 125 MICRAS,LAMINACION,279,10810800,454
111004,2023,Octubre,10,ROLLO 226 MM X 60 MTS 175 MICRAS,LAMINACION,0,0,0
111005,2023,Octubre,10,ROLLO 226 MM X 60 MTS 250 MICRAS,LAMINACION,11,869000,158
111007,2023,Octubre,10,ROLLO 300 MM X 60 MTS 125 MICRAS,LAMINACION,35,1960000,120
111008,2023,Octubre,10,ROLLO 300 MM X 60 MTS 250 MICRAS,LAMINACION,26,2730000,128
111018,2023,Octubre,10,ROLLO 350 MM X 60 MTS 250 MICRAS,LAMINACION,0,0,256
111010,2023,Octubre,10,ROLLO 375 MM X 60 MTS 125 MICRAS,LAMINACION,88,5984000,171
111013,2023,Octubre,10,ROLLO 375 MM X 75 MTS 75 MICRAS MATTE,LAMINACION,2,120000,122
111014,2023,Octubre,10,ROLLO 450 MM X 75 MTS 75 MICRAS BRILLANTE,LAMINACION,0,0,0
111019,2023,Octubre,10,ROLLO 540 MM X 60 MTS 125 MICRAS,LAMINACION,0,0,0
111020,2023,Octubre,10,ROLLO 540 MM X 60 MTS 175 MICRAS,LAMINACION,0,0,0
111016,2023,Octubre,10,ROLLO 680 MM X 60 MTS 125 MICRAS BRILLANTE,LAMINACION,45,7071000,121
112001,2023,Octubre,10,ROLLO BOPP BRILLANTE 250 MM X 4000 MT 18 MIC,PLASTIFICACION,12,3504150,56
112002,2023,Octubre,10,ROLLO BOPP BRILLANTE 300 MM X 4000 MT 18 MIC,PLASTIFICACION,10,3345300,137
112003,2023,Octubre,10,ROLLO BOPP BRILLANTE 330 MM X 200 MT 23 MIC,PLASTIFICACION,13,825500,518
112006,2023,Octubre,10,ROLLO BOPP BRILLANTE 345 MM X 4000 MT 18 MIC,PLASTIFICACION,27,10431325,68
112026,2023,Octubre,10,ROLLO BOPP BRILLANTE 400 MM X 4000 MT 18 MIC,PLASTIFICACION,21,9270500,39
112007,2023,Octubre,10,ROLLO BOPP BRILLANTE 445 MM X 4000 MT 18 MIC,PLASTIFICACION,16,7833600,57
112029,2023,Octubre,10,ROLLO BOPP BRILLANTE 495 MM X 2000 MT 18 MIC,PLASTIFICACION,0,0,0
112008,2023,Octubre,10,ROLLO BOPP BRILLANTE 495 MM X 4000 MT 18 MIC,PLASTIFICACION,116,61574345,167
112028,2023,Octubre,10,ROLLO BOPP BRILLANTE 595 MM X 4000 MT 18 MIC,PLASTIFICACION,16,7725500,100
112009,2023,Octubre,10,ROLLO BOPP BRILLANTE 695 MM X 4000 MT 18 MIC,PLASTIFICACION,8,4686600,103
112024,2023,Octubre,10,ROLLO BOPP MATE 200 MM X 4000 MT 18 MIC,PLASTIFICACION,10,2127635,91
112010,2023,Octubre,10,ROLLO BOPP MATE 250 MM X 4000 MT 18 MIC,PLASTIFICACION,26,6959290,90
112011,2023,Octubre,10,ROLLO BOPP MATE 300 MM X 4000 MT 18 MIC,PLASTIFICACION,31,10082945,95
112012,2023,Octubre,10,ROLLO BOPP MATE 330 MM X 200 MT 23 MIC,PLASTIFICACION,8,520000,391
112021,2023,Octubre,10,ROLLO BOPP MATE 330 MM X 4000 MT 18 MIC,PLASTIFICACION,24,8551850,67
112013,2023,Octubre,10,ROLLO BOPP MATE 330 MM X 500 MT 22 MIC,PLASTIFICACION,2,285000,188
112015,2023,Octubre,10,ROLLO BOPP MATE 345 MM X 4000 MT 18 MIC,PLASTIFICACION,63,23475395,130
112025,2023,Octubre,10,ROLLO BOPP MATE 400 MM X 4000 MT 18 MIC,PLASTIFICACION,17,6984025,13
112016,2023,Octubre,10,ROLLO BOPP MATE 445 MM X 4000 MT 18 MIC,PLASTIFICACION,21,9993530,64
112017,2023,Octubre,10,ROLLO BOPP MATE 495 MM X 4000 MT 18 MIC,PLASTIFICACION,133,68391251,126
112018,2023,Octubre,10,ROLLO BOPP MATE 595 MM X 4000 MT 18 MIC,PLASTIFICACION,11,5391560,78
112019,2023,Octubre,10,ROLLO BOPP MATE 695 MM X 4000 MT 18 MIC,PLASTIFICACION,29,16270130,95
112005,2023,Octubre,10,ROLLO SUPERBONDING BRILLANTE 330 MM X 500 MT 30 MIC,PLASTIFICACION,0,0,63
122041,2023,Octubre,10,TIRA 2.1 X 64 LOOPS  12MM CAJA X 540 BLANCO,ANILLO DOBLE O,4,1645400,83
122042,2023,Octubre,10,TIRA 2.1 X 64 LOOPS  12MM CAJA X 540 NEGRO,ANILLO DOBLE O,81,30331650,5
122043,2023,Octubre,10,TIRA 2.1 X 64 LOOPS  12MM CAJA X 540 PLATA,ANILLO DOBLE O,0,0,70
122044,2023,Octubre,10,TIRA 2.1 X 64 LOOPS  14MM CAJA X 384 BLANCO,ANILLO DOBLE O,13,4969500,30
122045,2023,Octubre,10,TIRA 2.1 X 64 LOOPS  14MM CAJA X 384 NEGRO,ANILLO DOBLE O,35,12065918,5
122046,2023,Octubre,10,TIRA 2.1 X 64 LOOPS  14MM CAJA X 384 PLATA,ANILLO DOBLE O,0,0,30
122047,2023,Octubre,10,TIRA 2.1 X 64 LOOPS  16MM CAJA X 308 BLANCO,ANILLO DOBLE O,37,13830000,285
122048,2023,Octubre,10,TIRA 2.1 X 64 LOOPS  16MM CAJA X 308 BRONCE,ANILLO DOBLE O,5,2300000,39
122049,2023,Octubre,10,TIRA 2.1 X 64 LOOPS  16MM CAJA X 308 NEGRO,ANILLO DOBLE O,10,3870000,206
122050,2023,Octubre,10,TIRA 2.1 X 64 LOOPS  16MM CAJA X 308 PLATA,ANILLO DOBLE O,3,1265000,34
122051,2023,Octubre,10,TIRA 2.1 X 64 LOOPS  19MM CAJA X 252 BLANCO,ANILLO DOBLE O,29,12487500,181
122052,2023,Octubre,10,TIRA 2.1 X 64 LOOPS  19MM CAJA X 252 BRONCE,ANILLO DOBLE O,4,1916600,32
122053,2023,Octubre,10,TIRA 2.1 X 64 LOOPS  19MM CAJA X 252 NEGRO,ANILLO DOBLE O,30,12902500,99
122054,2023,Octubre,10,TIRA 2.1 X 64 LOOPS  19MM CAJA X 252 PLATA,ANILLO DOBLE O,10,4998700,38
122055,2023,Octubre,10,TIRA 2.1 X 64 LOOPS  22MM CAJA X 192 BLANCO,ANILLO DOBLE O,12,5046000,43
122056,2023,Octubre,10,TIRA 2.1 X 64 LOOPS  22MM CAJA X 192 BRONCE,ANILLO DOBLE O,0,0,16
122057,2023,Octubre,10,TIRA 2.1 X 64 LOOPS  22MM CAJA X 192 NEGRO,ANILLO DOBLE O,2,783000,49
122058,2023,Octubre,10,TIRA 2.1 X 64 LOOPS  22MM CAJA X 192 PLATA,ANILLO DOBLE O,1,500000,19
122059,2023,Octubre,10,TIRA 2.1 X 64 LOOPS  25MM CAJA X 140 BLANCO,ANILLO DOBLE O,9,3336450,38
122077,2023,Octubre,10,TIRA 2.1 X 64 LOOPS  25MM CAJA X 140 BRONCE,ANILLO DOBLE O,7,3016300,0
122060,2023,Octubre,10,TIRA 2.1 X 64 LOOPS  25MM CAJA X 140 NEGRO,ANILLO DOBLE O,1,339300,39
122061,2023,Octubre,10,TIRA 2.1 X 64 LOOPS  25MM CAJA X 140 PLATA,ANILLO DOBLE O,1,434000,21
122062,2023,Octubre,10,TIRA 2.1 X 64 LOOPS  28MM CAJA X 96 BLANCO,ANILLO DOBLE O,6,2489800,61
122063,2023,Octubre,10,TIRA 2.1 X 64 LOOPS  28MM CAJA X 96 NEGRO,ANILLO DOBLE O,1,379800,36
122064,2023,Octubre,10,TIRA 2.1 X 64 LOOPS  28MM CAJA X 96 PLATA,ANILLO DOBLE O,0,0,31
122065,2023,Octubre,10,TIRA 2.1 X 64 LOOPS  32MM CAJA X 96 BLANCO,ANILLO DOBLE O,3,1328100,66
122066,2023,Octubre,10,TIRA 2.1 X 64 LOOPS  32MM CAJA X 96 NEGRO,ANILLO DOBLE O,0,0,54
131008,2023,Octubre,10,VARILLA MEDIA LUNA  10 CM X 100 BLANCO,ANILLO DOBLE O,110,1287000,2332
131007,2023,Octubre,10,VARILLA MEDIA LUNA  10 CM X 100 NEGRO,ANILLO DOBLE O,0,0,1170
131010,2023,Octubre,10,VARILLA MEDIA LUNA  15 CM X 100 BLANCO,ANILLO DOBLE O,20,272000,1456
131009,2023,Octubre,10,VARILLA MEDIA LUNA  15 CM X 100 NEGRO,ANILLO DOBLE O,117,1790100,641
131033,2023,Octubre,10,VARILLA MEDIA LUNA  20 CM X 100 BLANCO,ANILLO DOBLE O,0,0,32
131034,2023,Octubre,10,VARILLA MEDIA LUNA  20 CM X 100 NEGRO,ANILLO DOBLE O,0,0,396
131017,2023,Octubre,10,YOYO ORIGINAL CAJA X 50 AMARILLO,VARIOS,0,0,35
131018,2023,Octubre,10,YOYO ORIGINAL CAJA X 50 AZUL,VARIOS,6,391500,1391
131019,2023,Octubre,10,YOYO ORIGINAL CAJA X 50 BLANCO,VARIOS,16,1044000,2309
131020,2023,Octubre,10,YOYO ORIGINAL CAJA X 50 NEGRO,VARIOS,8,522000,1042
131021,2023,Octubre,10,YOYO ORIGINAL CAJA X 50 ROJO,VARIOS,1,65250,113
131022,2023,Octubre,10,YOYO ORIGINAL CAJA X 50 VERDE,VARIOS,2,130500,257
131012,2023,Noviembre,11,ACETATOS CARTA PAQ X 50,VARIOS,215,2150000,2488
113001,2023,Noviembre,11,BOLSILLO CARNET 60 X 90 MM 175 MIC CAJA X 100,LAMINACION,1,5000,1487
113005,2023,Noviembre,11,BOLSILLO CARTA 225MM X 288MM 125 MIC CAJA X 100,LAMINACION,629,24531000,4713
113006,2023,Noviembre,11,BOLSILLO CARTA 225MM X 288MM 175 MIC CAJA X 100,LAMINACION,29,1479000,1690
113007,2023,Noviembre,11,BOLSILLO CARTA 225MM X 288MM 250 MIC CAJA X 50,LAMINACION,263,10383000,2209
113002,2023,Noviembre,11,BOLSILLO CEDULA 70 X 100 MM 175 MIC CAJA X 100,LAMINACION,255,1657500,10062
113008,2023,Noviembre,11,BOLSILLO OFICIO 225MM X 337MM 125 MIC CAJA X 100,LAMINACION,472,20300400,904
113003,2023,Noviembre,11,BOLSILLO TARJETA PROPIEDAD 80 X 110 MM 175 MIC CAJA X 100,LAMINACION,254,2006600,7068
121009,2023,Noviembre,11,CARATULA CARTA GRAIN PAQ X 50 AZUL,CARATULA,1,15200,3329
121010,2023,Noviembre,11,CARATULA CARTA GRAIN PAQ X 50 NEGRO,CARATULA,186,2651200,2987
121034,2023,Noviembre,11,CARATULA CARTA STRIPE PAQ X 50 AMARILLO,CARATULA,33,447000,2084
121017,2023,Noviembre,11,CARATULA CARTA STRIPE PAQ X 50 AZUL T-1,CARATULA,8,112000,3552
121018,2023,Noviembre,11,CARATULA CARTA STRIPE PAQ X 50 AZUL T-2,CARATULA,150,1971000,1935
121019,2023,Noviembre,11,CARATULA CARTA STRIPE PAQ X 50 HUMO,CARATULA,156,2058000,3683
121020,2023,Noviembre,11,CARATULA CARTA STRIPE PAQ X 50 LILA,CARATULA,2,28000,2120
121021,2023,Noviembre,11,CARATULA CARTA STRIPE PAQ X 50 NARANJA,CARATULA,252,3020500,2600
121022,2023,Noviembre,11,CARATULA CARTA STRIPE PAQ X 50 ROJO,CARATULA,23,303000,2852
121023,2023,Noviembre,11,CARATULA CARTA STRIPE PAQ X 50 TRANSPARENTE,CARATULA,321,4277150,14585
121024,2023,Noviembre,11,CARATULA CARTA STRIPE PAQ X 50 VERDE T-1,CARATULA,203,2382000,1407
121025,2023,Noviembre,11,CARATULA CARTA STRIPE PAQ X 50 VERDE T-2,CARATULA,21,275000,4499
121032,2023,Noviembre,11,CARATULA LEGAL STRIPE PAQ X 50 TRANSPARENTE,CARATULA,3,210000,870
121030,2023,Noviembre,11,CARATULA OFICIO STRIPE PAQ X 50 TRANSPARENTE,CARATULA,108,1698500,3040
121031,2023,Noviembre,11,CARATULA OFICIO STRIPE PAQ X 50 VERDE T-2,CARATULA,40,612000,101
122009,2023,Noviembre,11,CARRETE  2.1   16 MM X 10500 LOOPS BLANCO,ANILLO DOBLE O,0,0,0
122010,2023,Noviembre,11,CARRETE  2.1   16 MM X 10500 LOOPS NEGRO,ANILLO DOBLE O,13,3640000,23
122011,2023,Noviembre,11,CARRETE  2.1   16 MM X 10500 LOOPS PLATA,ANILLO DOBLE O,3,1008000,16
122013,2023,Noviembre,11,CARRETE  2.1   19 MM X 7000 LOOPS BLANCO,ANILLO DOBLE O,0,0,0
122016,2023,Noviembre,11,CARRETE  2.1   19 MM X 7000 LOOPS BRONCE,ANILLO DOBLE O,0,0,9
122014,2023,Noviembre,11,CARRETE  2.1   19 MM X 7000 LOOPS NEGRO,ANILLO DOBLE O,2,520000,0
122015,2023,Noviembre,11,CARRETE  2.1   19 MM X 7000 LOOPS PLATA,ANILLO DOBLE O,2,624000,15
122017,2023,Noviembre,11,CARRETE  3.1    8 MM X 60000 LOOPS BLANCO,ANILLO DOBLE O,18,6997300,120
122018,2023,Noviembre,11,CARRETE  3.1    8 MM X 60000 LOOPS NEGRO,ANILLO DOBLE O,10,4190000,80
122019,2023,Noviembre,11,CARRETE  3.1    8 MM X 60000 LOOPS PLATA,ANILLO DOBLE O,0,0,20
122020,2023,Noviembre,11,CARRETE  3.1    9 MM X 43000 LOOPS BLANCO,ANILLO DOBLE O,43,14732500,90
122021,2023,Noviembre,11,CARRETE  3.1    9 MM X 43000 LOOPS BRONCE,ANILLO DOBLE O,0,0,38
122022,2023,Noviembre,11,CARRETE  3.1    9 MM X 43000 LOOPS NEGRO,ANILLO DOBLE O,51,16454250,24
122023,2023,Noviembre,11,CARRETE  3.1    9 MM X 43000 LOOPS PLATA,ANILLO DOBLE O,6,2516000,15
122024,2023,Noviembre,11,CARRETE  3.1   11 MM X 32000 LOOPS BLANCO,ANILLO DOBLE O,24,8734600,18
122025,2023,Noviembre,11,CARRETE  3.1   11 MM X 32000 LOOPS NEGRO,ANILLO DOBLE O,7,2569000,14
122026,2023,Noviembre,11,CARRETE  3.1   12 MM X 24000 LOOPS BLANCO,ANILLO DOBLE O,16,4681750,17
122027,2023,Noviembre,11,CARRETE  3.1   12 MM X 24000 LOOPS NEGRO,ANILLO DOBLE O,10,2684000,2
122028,2023,Noviembre,11,CARRETE  3.1   12 MM X 24000 LOOPS PLATA,ANILLO DOBLE O,0,0,0
122029,2023,Noviembre,11,CARRETE  3.1   14 MM X 19300 LOOPS BLANCO,ANILLO DOBLE O,7,2247000,12
122030,2023,Noviembre,11,CARRETE  3.1   14 MM X 19300 LOOPS NEGRO,ANILLO DOBLE O,2,642000,19
122031,2023,Noviembre,11,CARRETE  3.1   14 MM X 19300 LOOPS PLATA,ANILLO DOBLE O,1,346500,11
122081,2023,Noviembre,11,DOBLE O CARTA 2.1    8 MM  CAJA X 100 BLANCO,ANILLO DOBLE O,0,0,444
122082,2023,Noviembre,11,DOBLE O CARTA 2.1    8 MM  CAJA X 100 NEGRO,ANILLO DOBLE O,43,920000,235
122083,2023,Noviembre,11,DOBLE O CARTA 2.1    9 MM  CAJA X 100 BLANCO,ANILLO DOBLE O,10,250000,515
122084,2023,Noviembre,11,DOBLE O CARTA 2.1    9 MM  CAJA X 100 NEGRO,ANILLO DOBLE O,10,250000,439
122085,2023,Noviembre,11,DOBLE O CARTA 2.1   12 MM  CAJA X 100 BLANCO,ANILLO DOBLE O,33,1122000,363
122086,2023,Noviembre,11,DOBLE O CARTA 2.1   12 MM  CAJA X 100 NEGRO,ANILLO DOBLE O,9,306000,355
122087,2023,Noviembre,11,DOBLE O CARTA 2.1   14 MM  CAJA X 100 BLANCO,ANILLO DOBLE O,0,0,355
122088,2023,Noviembre,11,DOBLE O CARTA 2.1   14 MM  CAJA X 100 NEGRO,ANILLO DOBLE O,36,1397500,255
122089,2023,Noviembre,11,DOBLE O CARTA 2.1   16 MM  CAJA X 50 BLANCO,ANILLO DOBLE O,61,1547000,736
122090,2023,Noviembre,11,DOBLE O CARTA 2.1   16 MM  CAJA X 50 NEGRO,ANILLO DOBLE O,47,1092000,391
122091,2023,Noviembre,11,DOBLE O CARTA 2.1   19 MM  CAJA X 50 BLANCO,ANILLO DOBLE O,53,1855000,387
122112,2023,Noviembre,11,DOBLE O CARTA 2.1   19 MM  CAJA X 50 BRONCE,ANILLO DOBLE O,2,70000,193
122092,2023,Noviembre,11,DOBLE O CARTA 2.1   19 MM  CAJA X 50 NEGRO,ANILLO DOBLE O,5,157500,279
122093,2023,Noviembre,11,DOBLE O CARTA 2.1   22 MM  CAJA X 50 BLANCO,ANILLO DOBLE O,20,795500,296
122094,2023,Noviembre,11,DOBLE O CARTA 2.1   22 MM  CAJA X 50 NEGRO,ANILLO DOBLE O,0,0,438
122095,2023,Noviembre,11,DOBLE O CARTA 2.1   25 MM  CAJA X 50 BLANCO,ANILLO DOBLE O,3,150000,292
122096,2023,Noviembre,11,DOBLE O CARTA 2.1   25 MM  CAJA X 50 NEGRO,ANILLO DOBLE O,0,0,165
122097,2023,Noviembre,11,DOBLE O CARTA 2.1   28 MM  CAJA X 30 BLANCO,ANILLO DOBLE O,0,0,400
122098,2023,Noviembre,11,DOBLE O CARTA 2.1   28 MM  CAJA X 30 NEGRO,ANILLO DOBLE O,1,55000,348
122099,2023,Noviembre,11,DOBLE O CARTA 2.1   32 MM  CAJA X 30 BLANCO,ANILLO DOBLE O,1,63000,453
122100,2023,Noviembre,11,DOBLE O CARTA 2.1   32 MM  CAJA X 30 NEGRO,ANILLO DOBLE O,30,1701000,106
122101,2023,Noviembre,11,DOBLE O CARTA 3.1    8 MM   CAJA X 100 BLANCO,ANILLO DOBLE O,7,161000,640
122102,2023,Noviembre,11,DOBLE O CARTA 3.1    8 MM  CAJA X 100 NEGRO,ANILLO DOBLE O,11,230000,453
122103,2023,Noviembre,11,DOBLE O CARTA 3.1    9 MM  CAJA X 100 BLANCO,ANILLO DOBLE O,36,875000,522
122104,2023,Noviembre,11,DOBLE O CARTA 3.1    9 MM  CAJA X 100 NEGRO,ANILLO DOBLE O,11,250000,304
122105,2023,Noviembre,11,DOBLE O CARTA 3.1   11 MM  CAJA X 100 BLANCO,ANILLO DOBLE O,0,0,443
122106,2023,Noviembre,11,DOBLE O CARTA 3.1   11 MM  CAJA X 100 NEGRO,ANILLO DOBLE O,0,0,266
122108,2023,Noviembre,11,DOBLE O CARTA 3.1   12 MM  CAJA X 100 BLANCO,ANILLO DOBLE O,12,407000,716
122107,2023,Noviembre,11,DOBLE O CARTA 3.1   12 MM  CAJA X 100 NEGRO,ANILLO DOBLE O,10,333000,395
122109,2023,Noviembre,11,DOBLE O CARTA 3.1   12 MM  CAJA X 100 PLATA,ANILLO DOBLE O,17,597550,160
122110,2023,Noviembre,11,DOBLE O CARTA 3.1   14 MM  CAJA X 100 BLANCO,ANILLO DOBLE O,10,365500,362
122111,2023,Noviembre,11,DOBLE O CARTA 3.1   14 MM  CAJA X 100 NEGRO,ANILLO DOBLE O,16,602000,336
111001,2023,Noviembre,11,ROLLO 113 MM X 60 MTS 175 MICRAS,LAMINACION,14,406000,840
111002,2023,Noviembre,11,ROLLO 113 MM X 60 MTS 250 MICRAS,LAMINACION,5,195000,223
111003,2023,Noviembre,11,ROLLO 226 MM X 60 MTS 125 MICRAS,LAMINACION,121,4981200,333
111004,2023,Noviembre,11,ROLLO 226 MM X 60 MTS 175 MICRAS,LAMINACION,0,0,0
111005,2023,Noviembre,11,ROLLO 226 MM X 60 MTS 250 MICRAS,LAMINACION,1,79000,157
111007,2023,Noviembre,11,ROLLO 300 MM X 60 MTS 125 MICRAS,LAMINACION,0,0,120
111008,2023,Noviembre,11,ROLLO 300 MM X 60 MTS 250 MICRAS,LAMINACION,9,945000,119
111018,2023,Noviembre,11,ROLLO 350 MM X 60 MTS 250 MICRAS,LAMINACION,0,0,256
111010,2023,Noviembre,11,ROLLO 375 MM X 60 MTS 125 MICRAS,LAMINACION,6,408000,165
111013,2023,Noviembre,11,ROLLO 375 MM X 75 MTS 75 MICRAS MATTE,LAMINACION,0,0,122
111014,2023,Noviembre,11,ROLLO 450 MM X 75 MTS 75 MICRAS BRILLANTE,LAMINACION,0,0,0
111019,2023,Noviembre,11,ROLLO 540 MM X 60 MTS 125 MICRAS,LAMINACION,0,0,0
111020,2023,Noviembre,11,ROLLO 540 MM X 60 MTS 175 MICRAS,LAMINACION,0,0,0
111016,2023,Noviembre,11,ROLLO 680 MM X 60 MTS 125 MICRAS BRILLANTE,LAMINACION,6,978000,85
112001,2023,Noviembre,11,ROLLO BOPP BRILLANTE 250 MM X 4000 MT 18 MIC,PLASTIFICACION,15,4401610,41
112002,2023,Noviembre,11,ROLLO BOPP BRILLANTE 300 MM X 4000 MT 18 MIC,PLASTIFICACION,15,4983495,122
112003,2023,Noviembre,11,ROLLO BOPP BRILLANTE 330 MM X 200 MT 23 MIC,PLASTIFICACION,15,903500,503
112006,2023,Noviembre,11,ROLLO BOPP BRILLANTE 345 MM X 4000 MT 18 MIC,PLASTIFICACION,33,12864541,41
112026,2023,Noviembre,11,ROLLO BOPP BRILLANTE 400 MM X 4000 MT 18 MIC,PLASTIFICACION,6,2760350,33
112007,2023,Noviembre,11,ROLLO BOPP BRILLANTE 445 MM X 4000 MT 18 MIC,PLASTIFICACION,16,8388500,41
112029,2023,Noviembre,11,ROLLO BOPP BRILLANTE 495 MM X 2000 MT 18 MIC,PLASTIFICACION,0,0,0
112008,2023,Noviembre,11,ROLLO BOPP BRILLANTE 495 MM X 4000 MT 18 MIC,PLASTIFICACION,52,29125490,115
112028,2023,Noviembre,11,ROLLO BOPP BRILLANTE 595 MM X 4000 MT 18 MIC,PLASTIFICACION,47,23643790,53
112009,2023,Noviembre,11,ROLLO BOPP BRILLANTE 695 MM X 4000 MT 18 MIC,PLASTIFICACION,5,3014200,98
112024,2023,Noviembre,11,ROLLO BOPP MATE 200 MM X 4000 MT 18 MIC,PLASTIFICACION,8,1567100,83
112010,2023,Noviembre,11,ROLLO BOPP MATE 250 MM X 4000 MT 18 MIC,PLASTIFICACION,34,8806030,56
112011,2023,Noviembre,11,ROLLO BOPP MATE 300 MM X 4000 MT 18 MIC,PLASTIFICACION,29,9143808,66
112012,2023,Noviembre,11,ROLLO BOPP MATE 330 MM X 200 MT 23 MIC,PLASTIFICACION,20,1202500,371
112021,2023,Noviembre,11,ROLLO BOPP MATE 330 MM X 4000 MT 18 MIC,PLASTIFICACION,21,7504691,46
112013,2023,Noviembre,11,ROLLO BOPP MATE 330 MM X 500 MT 22 MIC,PLASTIFICACION,3,450000,185
112015,2023,Noviembre,11,ROLLO BOPP MATE 345 MM X 4000 MT 18 MIC,PLASTIFICACION,65,24394321,65
112025,2023,Noviembre,11,ROLLO BOPP MATE 400 MM X 4000 MT 18 MIC,PLASTIFICACION,5,2027146,8
112016,2023,Noviembre,11,ROLLO BOPP MATE 445 MM X 4000 MT 18 MIC,PLASTIFICACION,41,18315350,23
112017,2023,Noviembre,11,ROLLO BOPP MATE 495 MM X 4000 MT 18 MIC,PLASTIFICACION,66,33427810,61
112018,2023,Noviembre,11,ROLLO BOPP MATE 595 MM X 4000 MT 18 MIC,PLASTIFICACION,21,9471880,57
112019,2023,Noviembre,11,ROLLO BOPP MATE 695 MM X 4000 MT 18 MIC,PLASTIFICACION,30,15431040,65
112005,2023,Noviembre,11,ROLLO SUPERBONDING BRILLANTE 330 MM X 500 MT 30 MIC,PLASTIFICACION,0,0,63
122041,2023,Noviembre,11,TIRA 2.1 X 64 LOOPS  12MM CAJA X 540 BLANCO,ANILLO DOBLE O,7,2966050,106
122042,2023,Noviembre,11,TIRA 2.1 X 64 LOOPS  12MM CAJA X 540 NEGRO,ANILLO DOBLE O,2,779400,3
122043,2023,Noviembre,11,TIRA 2.1 X 64 LOOPS  12MM CAJA X 540 PLATA,ANILLO DOBLE O,2,996000,68
122044,2023,Noviembre,11,TIRA 2.1 X 64 LOOPS  14MM CAJA X 384 BLANCO,ANILLO DOBLE O,7,2821700,53
122045,2023,Noviembre,11,TIRA 2.1 X 64 LOOPS  14MM CAJA X 384 NEGRO,ANILLO DOBLE O,4,1542800,21
122046,2023,Noviembre,11,TIRA 2.1 X 64 LOOPS  14MM CAJA X 384 PLATA,ANILLO DOBLE O,0,0,30
122047,2023,Noviembre,11,TIRA 2.1 X 64 LOOPS  16MM CAJA X 308 BLANCO,ANILLO DOBLE O,78,30880000,274
122048,2023,Noviembre,11,TIRA 2.1 X 64 LOOPS  16MM CAJA X 308 BRONCE,ANILLO DOBLE O,1,437000,58
122049,2023,Noviembre,11,TIRA 2.1 X 64 LOOPS  16MM CAJA X 308 NEGRO,ANILLO DOBLE O,13,5080000,231
122050,2023,Noviembre,11,TIRA 2.1 X 64 LOOPS  16MM CAJA X 308 PLATA,ANILLO DOBLE O,5,2277000,49
122051,2023,Noviembre,11,TIRA 2.1 X 64 LOOPS  19MM CAJA X 252 BLANCO,ANILLO DOBLE O,66,28581000,154
122052,2023,Noviembre,11,TIRA 2.1 X 64 LOOPS  19MM CAJA X 252 BRONCE,ANILLO DOBLE O,2,984200,40
122053,2023,Noviembre,11,TIRA 2.1 X 64 LOOPS  19MM CAJA X 252 NEGRO,ANILLO DOBLE O,24,10485000,135
122054,2023,Noviembre,11,TIRA 2.1 X 64 LOOPS  19MM CAJA X 252 PLATA,ANILLO DOBLE O,19,9039360,29
122055,2023,Noviembre,11,TIRA 2.1 X 64 LOOPS  22MM CAJA X 192 BLANCO,ANILLO DOBLE O,5,2088000,117
122056,2023,Noviembre,11,TIRA 2.1 X 64 LOOPS  22MM CAJA X 192 BRONCE,ANILLO DOBLE O,2,1000000,14
122057,2023,Noviembre,11,TIRA 2.1 X 64 LOOPS  22MM CAJA X 192 NEGRO,ANILLO DOBLE O,6,2566500,92
122058,2023,Noviembre,11,TIRA 2.1 X 64 LOOPS  22MM CAJA X 192 PLATA,ANILLO DOBLE O,3,1425000,36
122059,2023,Noviembre,11,TIRA 2.1 X 64 LOOPS  25MM CAJA X 140 BLANCO,ANILLO DOBLE O,2,754000,85
122077,2023,Noviembre,11,TIRA 2.1 X 64 LOOPS  25MM CAJA X 140 BRONCE,ANILLO DOBLE O,0,0,0
122060,2023,Noviembre,11,TIRA 2.1 X 64 LOOPS  25MM CAJA X 140 NEGRO,ANILLO DOBLE O,2,754000,56
122061,2023,Noviembre,11,TIRA 2.1 X 64 LOOPS  25MM CAJA X 140 PLATA,ANILLO DOBLE O,1,434000,20
122062,2023,Noviembre,11,TIRA 2.1 X 64 LOOPS  28MM CAJA X 96 BLANCO,ANILLO DOBLE O,11,4295960,71
122063,2023,Noviembre,11,TIRA 2.1 X 64 LOOPS  28MM CAJA X 96 NEGRO,ANILLO DOBLE O,5,1899000,51
122064,2023,Noviembre,11,TIRA 2.1 X 64 LOOPS  28MM CAJA X 96 PLATA,ANILLO DOBLE O,0,0,31
122065,2023,Noviembre,11,TIRA 2.1 X 64 LOOPS  32MM CAJA X 96 BLANCO,ANILLO DOBLE O,0,0,85
122066,2023,Noviembre,11,TIRA 2.1 X 64 LOOPS  32MM CAJA X 96 NEGRO,ANILLO DOBLE O,7,2796000,66
131008,2023,Noviembre,11,VARILLA MEDIA LUNA  10 CM X 100 BLANCO,ANILLO DOBLE O,41,487500,2291
131007,2023,Noviembre,11,VARILLA MEDIA LUNA  10 CM X 100 NEGRO,ANILLO DOBLE O,1,13000,1169
131010,2023,Noviembre,11,VARILLA MEDIA LUNA  15 CM X 100 BLANCO,ANILLO DOBLE O,492,7456200,964
131009,2023,Noviembre,11,VARILLA MEDIA LUNA  15 CM X 100 NEGRO,ANILLO DOBLE O,74,1091000,567
131033,2023,Noviembre,11,VARILLA MEDIA LUNA  20 CM X 100 BLANCO,ANILLO DOBLE O,19,399000,13
131034,2023,Noviembre,11,VARILLA MEDIA LUNA  20 CM X 100 NEGRO,ANILLO DOBLE O,24,407400,372
131017,2023,Noviembre,11,YOYO ORIGINAL CAJA X 50 AMARILLO,VARIOS,0,0,35
131018,2023,Noviembre,11,YOYO ORIGINAL CAJA X 50 AZUL,VARIOS,4,261000,1387
131019,2023,Noviembre,11,YOYO ORIGINAL CAJA X 50 BLANCO,VARIOS,24,1566000,2285
131020,2023,Noviembre,11,YOYO ORIGINAL CAJA X 50 NEGRO,VARIOS,2,130500,1040
131021,2023,Noviembre,11,YOYO ORIGINAL CAJA X 50 ROJO,VARIOS,1,65250,112
131022,2023,Noviembre,11,YOYO ORIGINAL CAJA X 50 VERDE,VARIOS,2,130500,255
131012,2023,Diciembre,12,ACETATOS CARTA PAQ X 50,VARIOS,122,1220000,2366
113001,2023,Diciembre,12,BOLSILLO CARNET 60 X 90 MM 175 MIC CAJA X 100,LAMINACION,851,3555000,636
113005,2023,Diciembre,12,BOLSILLO CARTA 225MM X 288MM 125 MIC CAJA X 100,LAMINACION,1065,38115000,9948
113006,2023,Diciembre,12,BOLSILLO CARTA 225MM X 288MM 175 MIC CAJA X 100,LAMINACION,102,4386000,1588
113007,2023,Diciembre,12,BOLSILLO CARTA 225MM X 288MM 250 MIC CAJA X 50,LAMINACION,412,15419000,2797
113002,2023,Diciembre,12,BOLSILLO CEDULA 70 X 100 MM 175 MIC CAJA X 100,LAMINACION,1154,6591000,8908
113008,2023,Diciembre,12,BOLSILLO OFICIO 225MM X 337MM 125 MIC CAJA X 100,LAMINACION,484,19522000,2420
113003,2023,Diciembre,12,BOLSILLO TARJETA PROPIEDAD 80 X 110 MM 175 MIC CAJA X 100,LAMINACION,772,5118800,6296
121009,2023,Diciembre,12,CARATULA CARTA GRAIN PAQ X 50 AZUL,CARATULA,70,995400,3259
121010,2023,Diciembre,12,CARATULA CARTA GRAIN PAQ X 50 NEGRO,CARATULA,37,537200,2950
121034,2023,Diciembre,12,CARATULA CARTA STRIPE PAQ X 50 AMARILLO,CARATULA,42,550500,2042
121017,2023,Diciembre,12,CARATULA CARTA STRIPE PAQ X 50 AZUL T-1,CARATULA,4,57000,3548
121018,2023,Diciembre,12,CARATULA CARTA STRIPE PAQ X 50 AZUL T-2,CARATULA,100,1305000,1835
121019,2023,Diciembre,12,CARATULA CARTA STRIPE PAQ X 50 HUMO,CARATULA,392,4713500,3291
121020,2023,Diciembre,12,CARATULA CARTA STRIPE PAQ X 50 LILA,CARATULA,41,536500,2079
121021,2023,Diciembre,12,CARATULA CARTA STRIPE PAQ X 50 NARANJA,CARATULA,1,14500,2599
121022,2023,Diciembre,12,CARATULA CARTA STRIPE PAQ X 50 ROJO,CARATULA,92,1203000,2760
121023,2023,Diciembre,12,CARATULA CARTA STRIPE PAQ X 50 TRANSPARENTE,CARATULA,316,4154500,14269
121024,2023,Diciembre,12,CARATULA CARTA STRIPE PAQ X 50 VERDE T-1,CARATULA,20,261000,1387
121025,2023,Diciembre,12,CARATULA CARTA STRIPE PAQ X 50 VERDE T-2,CARATULA,52,681000,4447
121032,2023,Diciembre,12,CARATULA LEGAL STRIPE PAQ X 50 TRANSPARENTE,CARATULA,1,70000,869
121030,2023,Diciembre,12,CARATULA OFICIO STRIPE PAQ X 50 TRANSPARENTE,CARATULA,40,612000,3000
121031,2023,Diciembre,12,CARATULA OFICIO STRIPE PAQ X 50 VERDE T-2,CARATULA,0,0,101
122009,2023,Diciembre,12,CARRETE  2.1   16 MM X 10500 LOOPS BLANCO,ANILLO DOBLE O,0,0,0
122010,2023,Diciembre,12,CARRETE  2.1   16 MM X 10500 LOOPS NEGRO,ANILLO DOBLE O,6,1680000,17
122011,2023,Diciembre,12,CARRETE  2.1   16 MM X 10500 LOOPS PLATA,ANILLO DOBLE O,0,0,16
122013,2023,Diciembre,12,CARRETE  2.1   19 MM X 7000 LOOPS BLANCO,ANILLO DOBLE O,0,0,0
122016,2023,Diciembre,12,CARRETE  2.1   19 MM X 7000 LOOPS BRONCE,ANILLO DOBLE O,4,1248000,5
122014,2023,Diciembre,12,CARRETE  2.1   19 MM X 7000 LOOPS NEGRO,ANILLO DOBLE O,0,0,0
122015,2023,Diciembre,12,CARRETE  2.1   19 MM X 7000 LOOPS PLATA,ANILLO DOBLE O,10,3088800,5
122017,2023,Diciembre,12,CARRETE  3.1    8 MM X 60000 LOOPS BLANCO,ANILLO DOBLE O,20,8212400,100
122018,2023,Diciembre,12,CARRETE  3.1    8 MM X 60000 LOOPS NEGRO,ANILLO DOBLE O,1,419000,79
122019,2023,Diciembre,12,CARRETE  3.1    8 MM X 60000 LOOPS PLATA,ANILLO DOBLE O,10,4700000,10
122020,2023,Diciembre,12,CARRETE  3.1    9 MM X 43000 LOOPS BLANCO,ANILLO DOBLE O,50,17357750,42
122021,2023,Diciembre,12,CARRETE  3.1    9 MM X 43000 LOOPS BRONCE,ANILLO DOBLE O,2,846000,36
122022,2023,Diciembre,12,CARRETE  3.1    9 MM X 43000 LOOPS NEGRO,ANILLO DOBLE O,23,7827750,1
122023,2023,Diciembre,12,CARRETE  3.1    9 MM X 43000 LOOPS PLATA,ANILLO DOBLE O,1,426000,14
122024,2023,Diciembre,12,CARRETE  3.1   11 MM X 32000 LOOPS BLANCO,ANILLO DOBLE O,18,6569300,4
122025,2023,Diciembre,12,CARRETE  3.1   11 MM X 32000 LOOPS NEGRO,ANILLO DOBLE O,9,3266300,5
122026,2023,Diciembre,12,CARRETE  3.1   12 MM X 24000 LOOPS BLANCO,ANILLO DOBLE O,17,5185000,0
122027,2023,Diciembre,12,CARRETE  3.1   12 MM X 24000 LOOPS NEGRO,ANILLO DOBLE O,0,0,2
122028,2023,Diciembre,12,CARRETE  3.1   12 MM X 24000 LOOPS PLATA,ANILLO DOBLE O,0,0,0
122029,2023,Diciembre,12,CARRETE  3.1   14 MM X 19300 LOOPS BLANCO,ANILLO DOBLE O,13,4173000,0
122030,2023,Diciembre,12,CARRETE  3.1   14 MM X 19300 LOOPS NEGRO,ANILLO DOBLE O,3,898800,17
122031,2023,Diciembre,12,CARRETE  3.1   14 MM X 19300 LOOPS PLATA,ANILLO DOBLE O,0,0,11
122081,2023,Diciembre,12,DOBLE O CARTA 2.1    8 MM  CAJA X 100 BLANCO,ANILLO DOBLE O,0,0,444
122082,2023,Diciembre,12,DOBLE O CARTA 2.1    8 MM  CAJA X 100 NEGRO,ANILLO DOBLE O,6,138000,229
122083,2023,Diciembre,12,DOBLE O CARTA 2.1    9 MM  CAJA X 100 BLANCO,ANILLO DOBLE O,11,275000,504
122084,2023,Diciembre,12,DOBLE O CARTA 2.1    9 MM  CAJA X 100 NEGRO,ANILLO DOBLE O,12,300000,427
122085,2023,Diciembre,12,DOBLE O CARTA 2.1   12 MM  CAJA X 100 BLANCO,ANILLO DOBLE O,57,1938000,306
122086,2023,Diciembre,12,DOBLE O CARTA 2.1   12 MM  CAJA X 100 NEGRO,ANILLO DOBLE O,3,102000,352
122087,2023,Diciembre,12,DOBLE O CARTA 2.1   14 MM  CAJA X 100 BLANCO,ANILLO DOBLE O,2,86000,353
122088,2023,Diciembre,12,DOBLE O CARTA 2.1   14 MM  CAJA X 100 NEGRO,ANILLO DOBLE O,8,344000,247
122089,2023,Diciembre,12,DOBLE O CARTA 2.1   16 MM  CAJA X 50 BLANCO,ANILLO DOBLE O,52,1352000,684
122090,2023,Diciembre,12,DOBLE O CARTA 2.1   16 MM  CAJA X 50 NEGRO,ANILLO DOBLE O,14,351000,377
122091,2023,Diciembre,12,DOBLE O CARTA 2.1   19 MM  CAJA X 50 BLANCO,ANILLO DOBLE O,35,1225000,352
122112,2023,Diciembre,12,DOBLE O CARTA 2.1   19 MM  CAJA X 50 BRONCE,ANILLO DOBLE O,1,35000,192
122092,2023,Diciembre,12,DOBLE O CARTA 2.1   19 MM  CAJA X 50 NEGRO,ANILLO DOBLE O,47,1435000,232
122093,2023,Diciembre,12,DOBLE O CARTA 2.1   22 MM  CAJA X 50 BLANCO,ANILLO DOBLE O,18,709500,278
122094,2023,Diciembre,12,DOBLE O CARTA 2.1   22 MM  CAJA X 50 NEGRO,ANILLO DOBLE O,25,946000,413
122095,2023,Diciembre,12,DOBLE O CARTA 2.1   25 MM  CAJA X 50 BLANCO,ANILLO DOBLE O,0,0,292
122096,2023,Diciembre,12,DOBLE O CARTA 2.1   25 MM  CAJA X 50 NEGRO,ANILLO DOBLE O,30,1325000,135
122097,2023,Diciembre,12,DOBLE O CARTA 2.1   28 MM  CAJA X 30 BLANCO,ANILLO DOBLE O,2,110000,398
122098,2023,Diciembre,12,DOBLE O CARTA 2.1   28 MM  CAJA X 30 NEGRO,ANILLO DOBLE O,0,0,348
122099,2023,Diciembre,12,DOBLE O CARTA 2.1   32 MM  CAJA X 30 BLANCO,ANILLO DOBLE O,1,63000,452
122100,2023,Diciembre,12,DOBLE O CARTA 2.1   32 MM  CAJA X 30 NEGRO,ANILLO DOBLE O,5,283500,101
122101,2023,Diciembre,12,DOBLE O CARTA 3.1    8 MM   CAJA X 100 BLANCO,ANILLO DOBLE O,0,0,640
122102,2023,Diciembre,12,DOBLE O CARTA 3.1    8 MM  CAJA X 100 NEGRO,ANILLO DOBLE O,5,103500,448
122103,2023,Diciembre,12,DOBLE O CARTA 3.1    9 MM  CAJA X 100 BLANCO,ANILLO DOBLE O,6,150000,519
122104,2023,Diciembre,12,DOBLE O CARTA 3.1    9 MM  CAJA X 100 NEGRO,ANILLO DOBLE O,40,875000,264
122105,2023,Diciembre,12,DOBLE O CARTA 3.1   11 MM  CAJA X 100 BLANCO,ANILLO DOBLE O,11,330000,432
122106,2023,Diciembre,12,DOBLE O CARTA 3.1   11 MM  CAJA X 100 NEGRO,ANILLO DOBLE O,23,600000,243
122108,2023,Diciembre,12,DOBLE O CARTA 3.1   12 MM  CAJA X 100 BLANCO,ANILLO DOBLE O,13,481000,703
122107,2023,Diciembre,12,DOBLE O CARTA 3.1   12 MM  CAJA X 100 NEGRO,ANILLO DOBLE O,6,203500,389
122109,2023,Diciembre,12,DOBLE O CARTA 3.1   12 MM  CAJA X 100 PLATA,ANILLO DOBLE O,0,0,160
122110,2023,Diciembre,12,DOBLE O CARTA 3.1   14 MM  CAJA X 100 BLANCO,ANILLO DOBLE O,3,129000,362
122111,2023,Diciembre,12,DOBLE O CARTA 3.1   14 MM  CAJA X 100 NEGRO,ANILLO DOBLE O,20,731000,316
111001,2023,Diciembre,12,ROLLO 113 MM X 60 MTS 175 MICRAS,LAMINACION,54,1566000,786
111002,2023,Diciembre,12,ROLLO 113 MM X 60 MTS 250 MICRAS,LAMINACION,0,0,223
111003,2023,Diciembre,12,ROLLO 226 MM X 60 MTS 125 MICRAS,LAMINACION,420,14212800,1113
111004,2023,Diciembre,12,ROLLO 226 MM X 60 MTS 175 MICRAS,LAMINACION,0,0,0
111005,2023,Diciembre,12,ROLLO 226 MM X 60 MTS 250 MICRAS,LAMINACION,0,0,157
111007,2023,Diciembre,12,ROLLO 300 MM X 60 MTS 125 MICRAS,LAMINACION,12,672000,108
111008,2023,Diciembre,12,ROLLO 300 MM X 60 MTS 250 MICRAS,LAMINACION,2,210000,117
111018,2023,Diciembre,12,ROLLO 350 MM X 60 MTS 250 MICRAS,LAMINACION,0,0,256
111010,2023,Diciembre,12,ROLLO 375 MM X 60 MTS 125 MICRAS,LAMINACION,8,544000,257
111013,2023,Diciembre,12,ROLLO 375 MM X 75 MTS 75 MICRAS MATTE,LAMINACION,0,0,122
111014,2023,Diciembre,12,ROLLO 450 MM X 75 MTS 75 MICRAS BRILLANTE,LAMINACION,0,0,0
111019,2023,Diciembre,12,ROLLO 540 MM X 60 MTS 125 MICRAS,LAMINACION,0,0,100
111020,2023,Diciembre,12,ROLLO 540 MM X 60 MTS 175 MICRAS,LAMINACION,0,0,100
111016,2023,Diciembre,12,ROLLO 680 MM X 60 MTS 125 MICRAS BRILLANTE,LAMINACION,30,4650000,145
112001,2023,Diciembre,12,ROLLO BOPP BRILLANTE 250 MM X 4000 MT 18 MIC,PLASTIFICACION,12,3433540,29
112002,2023,Diciembre,12,ROLLO BOPP BRILLANTE 300 MM X 4000 MT 18 MIC,PLASTIFICACION,18,6102700,104
112003,2023,Diciembre,12,ROLLO BOPP BRILLANTE 330 MM X 200 MT 23 MIC,PLASTIFICACION,54,3347500,449
112006,2023,Diciembre,12,ROLLO BOPP BRILLANTE 345 MM X 4000 MT 18 MIC,PLASTIFICACION,30,12094022,11
112026,2023,Diciembre,12,ROLLO BOPP BRILLANTE 400 MM X 4000 MT 18 MIC,PLASTIFICACION,5,2233800,29
112007,2023,Diciembre,12,ROLLO BOPP BRILLANTE 445 MM X 4000 MT 18 MIC,PLASTIFICACION,15,7813200,26
112029,2023,Diciembre,12,ROLLO BOPP BRILLANTE 495 MM X 2000 MT 18 MIC,PLASTIFICACION,0,0,0
112008,2023,Diciembre,12,ROLLO BOPP BRILLANTE 495 MM X 4000 MT 18 MIC,PLASTIFICACION,48,26662691,67
112028,2023,Diciembre,12,ROLLO BOPP BRILLANTE 595 MM X 4000 MT 18 MIC,PLASTIFICACION,51,24546850,19
112009,2023,Diciembre,12,ROLLO BOPP BRILLANTE 695 MM X 4000 MT 18 MIC,PLASTIFICACION,4,2276810,94
112024,2023,Diciembre,12,ROLLO BOPP MATE 200 MM X 4000 MT 18 MIC,PLASTIFICACION,9,1721590,74
112010,2023,Diciembre,12,ROLLO BOPP MATE 250 MM X 4000 MT 18 MIC,PLASTIFICACION,32,8334867,27
112011,2023,Diciembre,12,ROLLO BOPP MATE 300 MM X 4000 MT 18 MIC,PLASTIFICACION,39,11809159,29
112012,2023,Diciembre,12,ROLLO BOPP MATE 330 MM X 200 MT 23 MIC,PLASTIFICACION,2,130000,369
112021,2023,Diciembre,12,ROLLO BOPP MATE 330 MM X 4000 MT 18 MIC,PLASTIFICACION,15,5267700,31
112013,2023,Diciembre,12,ROLLO BOPP MATE 330 MM X 500 MT 22 MIC,PLASTIFICACION,1,150000,184
112015,2023,Diciembre,12,ROLLO BOPP MATE 345 MM X 4000 MT 18 MIC,PLASTIFICACION,54,19175680,13
112025,2023,Diciembre,12,ROLLO BOPP MATE 400 MM X 4000 MT 18 MIC,PLASTIFICACION,3,1214650,5
112016,2023,Diciembre,12,ROLLO BOPP MATE 445 MM X 4000 MT 18 MIC,PLASTIFICACION,20,8762030,3
112017,2023,Diciembre,12,ROLLO BOPP MATE 495 MM X 4000 MT 18 MIC,PLASTIFICACION,56,27601271,6
112018,2023,Diciembre,12,ROLLO BOPP MATE 595 MM X 4000 MT 18 MIC,PLASTIFICACION,55,25302350,21
112019,2023,Diciembre,12,ROLLO BOPP MATE 695 MM X 4000 MT 18 MIC,PLASTIFICACION,54,28197603,28
112005,2023,Diciembre,12,ROLLO SUPERBONDING BRILLANTE 330 MM X 500 MT 30 MIC,PLASTIFICACION,1,201681,62
122041,2023,Diciembre,12,TIRA 2.1 X 64 LOOPS  12MM CAJA X 540 BLANCO,ANILLO DOBLE O,14,5845500,92
122042,2023,Diciembre,12,TIRA 2.1 X 64 LOOPS  12MM CAJA X 540 NEGRO,ANILLO DOBLE O,0,0,3
122043,2023,Diciembre,12,TIRA 2.1 X 64 LOOPS  12MM CAJA X 540 PLATA,ANILLO DOBLE O,10,4800000,58
122044,2023,Diciembre,12,TIRA 2.1 X 64 LOOPS  14MM CAJA X 384 BLANCO,ANILLO DOBLE O,10,4019400,43
122045,2023,Diciembre,12,TIRA 2.1 X 64 LOOPS  14MM CAJA X 384 NEGRO,ANILLO DOBLE O,7,2842000,13
122046,2023,Diciembre,12,TIRA 2.1 X 64 LOOPS  14MM CAJA X 384 PLATA,ANILLO DOBLE O,0,0,30
122047,2023,Diciembre,12,TIRA 2.1 X 64 LOOPS  16MM CAJA X 308 BLANCO,ANILLO DOBLE O,101,39200000,176
122048,2023,Diciembre,12,TIRA 2.1 X 64 LOOPS  16MM CAJA X 308 BRONCE,ANILLO DOBLE O,3,1380000,55
122049,2023,Diciembre,12,TIRA 2.1 X 64 LOOPS  16MM CAJA X 308 NEGRO,ANILLO DOBLE O,18,6800000,215
122050,2023,Diciembre,12,TIRA 2.1 X 64 LOOPS  16MM CAJA X 308 PLATA,ANILLO DOBLE O,1,437000,48
122051,2023,Diciembre,12,TIRA 2.1 X 64 LOOPS  19MM CAJA X 252 BLANCO,ANILLO DOBLE O,65,28892500,92
122052,2023,Diciembre,12,TIRA 2.1 X 64 LOOPS  19MM CAJA X 252 BRONCE,ANILLO DOBLE O,4,1916600,36
122053,2023,Diciembre,12,TIRA 2.1 X 64 LOOPS  19MM CAJA X 252 NEGRO,ANILLO DOBLE O,18,8032500,119
122054,2023,Diciembre,12,TIRA 2.1 X 64 LOOPS  19MM CAJA X 252 PLATA,ANILLO DOBLE O,27,13273487,2
122055,2023,Diciembre,12,TIRA 2.1 X 64 LOOPS  22MM CAJA X 192 BLANCO,ANILLO DOBLE O,36,14549250,82
122056,2023,Diciembre,12,TIRA 2.1 X 64 LOOPS  22MM CAJA X 192 BRONCE,ANILLO DOBLE O,4,2000000,10
122057,2023,Diciembre,12,TIRA 2.1 X 64 LOOPS  22MM CAJA X 192 NEGRO,ANILLO DOBLE O,11,4545750,84
122058,2023,Diciembre,12,TIRA 2.1 X 64 LOOPS  22MM CAJA X 192 PLATA,ANILLO DOBLE O,4,2000000,32
122059,2023,Diciembre,12,TIRA 2.1 X 64 LOOPS  25MM CAJA X 140 BLANCO,ANILLO DOBLE O,5,1866150,81
122077,2023,Diciembre,12,TIRA 2.1 X 64 LOOPS  25MM CAJA X 140 BRONCE,ANILLO DOBLE O,0,0,0
122060,2023,Diciembre,12,TIRA 2.1 X 64 LOOPS  25MM CAJA X 140 NEGRO,ANILLO DOBLE O,3,1112150,54
122061,2023,Diciembre,12,TIRA 2.1 X 64 LOOPS  25MM CAJA X 140 PLATA,ANILLO DOBLE O,4,1519000,16
122062,2023,Diciembre,12,TIRA 2.1 X 64 LOOPS  28MM CAJA X 96 BLANCO,ANILLO DOBLE O,1,375580,70
122063,2023,Diciembre,12,TIRA 2.1 X 64 LOOPS  28MM CAJA X 96 NEGRO,ANILLO DOBLE O,7,2700800,44
122064,2023,Diciembre,12,TIRA 2.1 X 64 LOOPS  28MM CAJA X 96 PLATA,ANILLO DOBLE O,0,0,31
122065,2023,Diciembre,12,TIRA 2.1 X 64 LOOPS  32MM CAJA X 96 BLANCO,ANILLO DOBLE O,17,7738700,69
122066,2023,Diciembre,12,TIRA 2.1 X 64 LOOPS  32MM CAJA X 96 NEGRO,ANILLO DOBLE O,1,442700,66
131008,2023,Diciembre,12,VARILLA MEDIA LUNA  10 CM X 100 BLANCO,ANILLO DOBLE O,128,1662700,2163
131007,2023,Diciembre,12,VARILLA MEDIA LUNA  10 CM X 100 NEGRO,ANILLO DOBLE O,36,468000,1133
131010,2023,Diciembre,12,VARILLA MEDIA LUNA  15 CM X 100 BLANCO,ANILLO DOBLE O,88,1490000,876
131009,2023,Diciembre,12,VARILLA MEDIA LUNA  15 CM X 100 NEGRO,ANILLO DOBLE O,50,782000,517
131033,2023,Diciembre,12,VARILLA MEDIA LUNA  20 CM X 100 BLANCO,ANILLO DOBLE O,1,21000,12
131034,2023,Diciembre,12,VARILLA MEDIA LUNA  20 CM X 100 NEGRO,ANILLO DOBLE O,0,0,372
131017,2023,Diciembre,12,YOYO ORIGINAL CAJA X 50 AMARILLO,VARIOS,0,0,35
131018,2023,Diciembre,12,YOYO ORIGINAL CAJA X 50 AZUL,VARIOS,0,0,1387
131019,2023,Diciembre,12,YOYO ORIGINAL CAJA X 50 BLANCO,VARIOS,49,2887250,2236
131020,2023,Diciembre,12,YOYO ORIGINAL CAJA X 50 NEGRO,VARIOS,0,0,1040
131021,2023,Diciembre,12,YOYO ORIGINAL CAJA X 50 ROJO,VARIOS,0,0,112
131022,2023,Diciembre,12,YOYO ORIGINAL CAJA X 50 VERDE,VARIOS,0,0,255
131012,2024,Enero,1,ACETATOS CARTA PAQ X 50,VARIOS,330,2900000,2036
113001,2024,Enero,1,BOLSILLO CARNET 60 X 90 MM 175 MIC CAJA X 100,LAMINACION,9,45000,628
113005,2024,Enero,1,BOLSILLO CARTA 225MM X 288MM 125 MIC CAJA X 100,LAMINACION,1129,42315000,8819
113006,2024,Enero,1,BOLSILLO CARTA 225MM X 288MM 175 MIC CAJA X 100,LAMINACION,201,8925000,1387
113007,2024,Enero,1,BOLSILLO CARTA 225MM X 288MM 250 MIC CAJA X 50,LAMINACION,93,3813000,2704
113002,2024,Enero,1,BOLSILLO CEDULA 70 X 100 MM 175 MIC CAJA X 100,LAMINACION,125,812500,8784
113008,2024,Enero,1,BOLSILLO OFICIO 225MM X 337MM 125 MIC CAJA X 100,LAMINACION,427,17582085,1993
113003,2024,Enero,1,BOLSILLO TARJETA PROPIEDAD 80 X 110 MM 175 MIC CAJA X 100,LAMINACION,121,955900,6176
121009,2024,Enero,1,CARATULA CARTA GRAIN PAQ X 50 AZUL,CARATULA,29,421400,3230
121010,2024,Enero,1,CARATULA CARTA GRAIN PAQ X 50 NEGRO,CARATULA,268,3835700,2682
121034,2024,Enero,1,CARATULA CARTA STRIPE PAQ X 50 AMARILLO,CARATULA,34,447400,2008
121017,2024,Enero,1,CARATULA CARTA STRIPE PAQ X 50 AZUL T-1,CARATULA,76,997175,3472
121018,2024,Enero,1,CARATULA CARTA STRIPE PAQ X 50 AZUL T-2,CARATULA,164,2148025,1671
121019,2024,Enero,1,CARATULA CARTA STRIPE PAQ X 50 HUMO,CARATULA,151,1987750,3140
121020,2024,Enero,1,CARATULA CARTA STRIPE PAQ X 50 LILA,CARATULA,72,945925,2007
121021,2024,Enero,1,CARATULA CARTA STRIPE PAQ X 50 NARANJA,CARATULA,13,172400,2586
121022,2024,Enero,1,CARATULA CARTA STRIPE PAQ X 50 ROJO,CARATULA,71,930975,2689
121023,2024,Enero,1,CARATULA CARTA STRIPE PAQ X 50 TRANSPARENTE,CARATULA,801,10564025,13468
121024,2024,Enero,1,CARATULA CARTA STRIPE PAQ X 50 VERDE T-1,CARATULA,13,172400,1374
121025,2024,Enero,1,CARATULA CARTA STRIPE PAQ X 50 VERDE T-2,CARATULA,38,501275,4409
121032,2024,Enero,1,CARATULA LEGAL STRIPE PAQ X 50 TRANSPARENTE,CARATULA,4,280000,865
121030,2024,Enero,1,CARATULA OFICIO STRIPE PAQ X 50 TRANSPARENTE,CARATULA,341,4954850,2659
121031,2024,Enero,1,CARATULA OFICIO STRIPE PAQ X 50 VERDE T-2,CARATULA,94,1445000,7
122009,2024,Enero,1,CARRETE  2.1   16 MM X 10500 LOOPS BLANCO,ANILLO DOBLE O,0,0,0
122010,2024,Enero,1,CARRETE  2.1   16 MM X 10500 LOOPS NEGRO,ANILLO DOBLE O,1,280000,16
122011,2024,Enero,1,CARRETE  2.1   16 MM X 10500 LOOPS PLATA,ANILLO DOBLE O,0,0,16
122013,2024,Enero,1,CARRETE  2.1   19 MM X 7000 LOOPS BLANCO,ANILLO DOBLE O,0,0,0
122016,2024,Enero,1,CARRETE  2.1   19 MM X 7000 LOOPS BRONCE,ANILLO DOBLE O,0,0,5
122014,2024,Enero,1,CARRETE  2.1   19 MM X 7000 LOOPS NEGRO,ANILLO DOBLE O,0,0,0
122015,2024,Enero,1,CARRETE  2.1   19 MM X 7000 LOOPS PLATA,ANILLO DOBLE O,0,0,5
122017,2024,Enero,1,CARRETE  3.1    8 MM X 60000 LOOPS BLANCO,ANILLO DOBLE O,12,4684320,89
122018,2024,Enero,1,CARRETE  3.1    8 MM X 60000 LOOPS NEGRO,ANILLO DOBLE O,3,1257000,76
122019,2024,Enero,1,CARRETE  3.1    8 MM X 60000 LOOPS PLATA,ANILLO DOBLE O,0,0,10
122020,2024,Enero,1,CARRETE  3.1    9 MM X 43000 LOOPS BLANCO,ANILLO DOBLE O,17,5893000,25
122021,2024,Enero,1,CARRETE  3.1    9 MM X 43000 LOOPS BRONCE,ANILLO DOBLE O,2,852000,34
122022,2024,Enero,1,CARRETE  3.1    9 MM X 43000 LOOPS NEGRO,ANILLO DOBLE O,0,0,1
122023,2024,Enero,1,CARRETE  3.1    9 MM X 43000 LOOPS PLATA,ANILLO DOBLE O,0,0,14
122024,2024,Enero,1,CARRETE  3.1   11 MM X 32000 LOOPS BLANCO,ANILLO DOBLE O,2,734000,2
122025,2024,Enero,1,CARRETE  3.1   11 MM X 32000 LOOPS NEGRO,ANILLO DOBLE O,2,734000,3
122026,2024,Enero,1,CARRETE  3.1   12 MM X 24000 LOOPS BLANCO,ANILLO DOBLE O,0,0,0
122027,2024,Enero,1,CARRETE  3.1   12 MM X 24000 LOOPS NEGRO,ANILLO DOBLE O,1,305000,1
122028,2024,Enero,1,CARRETE  3.1   12 MM X 24000 LOOPS PLATA,ANILLO DOBLE O,0,0,0
122029,2024,Enero,1,CARRETE  3.1   14 MM X 19300 LOOPS BLANCO,ANILLO DOBLE O,0,0,0
122030,2024,Enero,1,CARRETE  3.1   14 MM X 19300 LOOPS NEGRO,ANILLO DOBLE O,3,963000,14
122031,2024,Enero,1,CARRETE  3.1   14 MM X 19300 LOOPS PLATA,ANILLO DOBLE O,4,1540000,7
122081,2024,Enero,1,DOBLE O CARTA 2.1    8 MM  CAJA X 100 BLANCO,ANILLO DOBLE O,0,0,444
122082,2024,Enero,1,DOBLE O CARTA 2.1    8 MM  CAJA X 100 NEGRO,ANILLO DOBLE O,15,345000,214
122083,2024,Enero,1,DOBLE O CARTA 2.1    9 MM  CAJA X 100 BLANCO,ANILLO DOBLE O,4,100000,500
122084,2024,Enero,1,DOBLE O CARTA 2.1    9 MM  CAJA X 100 NEGRO,ANILLO DOBLE O,33,812500,394
122085,2024,Enero,1,DOBLE O CARTA 2.1   12 MM  CAJA X 100 BLANCO,ANILLO DOBLE O,56,1904000,250
122086,2024,Enero,1,DOBLE O CARTA 2.1   12 MM  CAJA X 100 NEGRO,ANILLO DOBLE O,26,867000,326
122087,2024,Enero,1,DOBLE O CARTA 2.1   14 MM  CAJA X 100 BLANCO,ANILLO DOBLE O,0,0,353
122088,2024,Enero,1,DOBLE O CARTA 2.1   14 MM  CAJA X 100 NEGRO,ANILLO DOBLE O,10,430000,237
122089,2024,Enero,1,DOBLE O CARTA 2.1   16 MM  CAJA X 50 BLANCO,ANILLO DOBLE O,19,494000,665
122090,2024,Enero,1,DOBLE O CARTA 2.1   16 MM  CAJA X 50 NEGRO,ANILLO DOBLE O,70,1664000,307
122091,2024,Enero,1,DOBLE O CARTA 2.1   19 MM  CAJA X 50 BLANCO,ANILLO DOBLE O,16,560000,336
122112,2024,Enero,1,DOBLE O CARTA 2.1   19 MM  CAJA X 50 BRONCE,ANILLO DOBLE O,10,350000,182
122092,2024,Enero,1,DOBLE O CARTA 2.1   19 MM  CAJA X 50 NEGRO,ANILLO DOBLE O,44,1382500,188
122093,2024,Enero,1,DOBLE O CARTA 2.1   22 MM  CAJA X 50 BLANCO,ANILLO DOBLE O,8,344000,270
122094,2024,Enero,1,DOBLE O CARTA 2.1   22 MM  CAJA X 50 NEGRO,ANILLO DOBLE O,11,473000,402
122095,2024,Enero,1,DOBLE O CARTA 2.1   25 MM  CAJA X 50 BLANCO,ANILLO DOBLE O,4,200000,288
122096,2024,Enero,1,DOBLE O CARTA 2.1   25 MM  CAJA X 50 NEGRO,ANILLO DOBLE O,9,425000,126
122097,2024,Enero,1,DOBLE O CARTA 2.1   28 MM  CAJA X 30 BLANCO,ANILLO DOBLE O,5,272250,393
122098,2024,Enero,1,DOBLE O CARTA 2.1   28 MM  CAJA X 30 NEGRO,ANILLO DOBLE O,0,0,348
122099,2024,Enero,1,DOBLE O CARTA 2.1   32 MM  CAJA X 30 BLANCO,ANILLO DOBLE O,3,189000,449
122100,2024,Enero,1,DOBLE O CARTA 2.1   32 MM  CAJA X 30 NEGRO,ANILLO DOBLE O,6,378000,95
122101,2024,Enero,1,DOBLE O CARTA 3.1    8 MM   CAJA X 100 BLANCO,ANILLO DOBLE O,2,46000,638
122102,2024,Enero,1,DOBLE O CARTA 3.1    8 MM  CAJA X 100 NEGRO,ANILLO DOBLE O,0,0,448
122103,2024,Enero,1,DOBLE O CARTA 3.1    9 MM  CAJA X 100 BLANCO,ANILLO DOBLE O,0,0,519
122104,2024,Enero,1,DOBLE O CARTA 3.1    9 MM  CAJA X 100 NEGRO,ANILLO DOBLE O,13,300000,251
122105,2024,Enero,1,DOBLE O CARTA 3.1   11 MM  CAJA X 100 BLANCO,ANILLO DOBLE O,15,450000,422
122106,2024,Enero,1,DOBLE O CARTA 3.1   11 MM  CAJA X 100 NEGRO,ANILLO DOBLE O,30,900000,213
122108,2024,Enero,1,DOBLE O CARTA 3.1   12 MM  CAJA X 100 BLANCO,ANILLO DOBLE O,4,148000,703
122107,2024,Enero,1,DOBLE O CARTA 3.1   12 MM  CAJA X 100 NEGRO,ANILLO DOBLE O,2,74000,387
122109,2024,Enero,1,DOBLE O CARTA 3.1   12 MM  CAJA X 100 PLATA,ANILLO DOBLE O,0,0,160
122110,2024,Enero,1,DOBLE O CARTA 3.1   14 MM  CAJA X 100 BLANCO,ANILLO DOBLE O,3,129000,359
122111,2024,Enero,1,DOBLE O CARTA 3.1   14 MM  CAJA X 100 NEGRO,ANILLO DOBLE O,0,0,316
112031,2024,Enero,1,FOIL S1 (101) 640 MM X 120 MT 12 MIC DORADO,LAMINACION,0,0,0
112032,2024,Enero,1,FOIL S1 (120) 640 MM X 120 MT 12 MIC PLATA,LAMINACION,0,0,0
112033,2024,Enero,1,FOIL S2 (101) 640 MM X 120 MT 12 MIC DORADO,LAMINACION,0,0,0
112034,2024,Enero,1,FOIL S2 (120) 640 MM X 120 MT 12 MIC PLATA,LAMINACION,0,0,0
112036,2024,Enero,1,FOIL S4 (S15) 640 MM X 120 MT 12 MIC PLATA HOLOGRAFICO,LAMINACION,0,0,0
112035,2024,Enero,1,FOIL S4 (SA18) 640 MM X 120 MT 12 MIC DORADO HOLOGRAFICO,LAMINACION,0,0,0
111001,2024,Enero,1,ROLLO 113 MM X 60 MTS 175 MICRAS,LAMINACION,50,1450000,736
111002,2024,Enero,1,ROLLO 113 MM X 60 MTS 250 MICRAS,LAMINACION,5,195000,218
111003,2024,Enero,1,ROLLO 226 MM X 60 MTS 125 MICRAS,LAMINACION,407,15246000,706
111004,2024,Enero,1,ROLLO 226 MM X 60 MTS 175 MICRAS,LAMINACION,0,0,0
111005,2024,Enero,1,ROLLO 226 MM X 60 MTS 250 MICRAS,LAMINACION,4,316000,153
111007,2024,Enero,1,ROLLO 300 MM X 60 MTS 125 MICRAS,LAMINACION,7,392000,101
111008,2024,Enero,1,ROLLO 300 MM X 60 MTS 250 MICRAS,LAMINACION,6,630000,111
111018,2024,Enero,1,ROLLO 350 MM X 60 MTS 250 MICRAS,LAMINACION,4,480000,252
111010,2024,Enero,1,ROLLO 375 MM X 60 MTS 125 MICRAS,LAMINACION,2,136000,255
111013,2024,Enero,1,ROLLO 375 MM X 75 MTS 75 MICRAS MATTE,PLASTIFICACION,0,0,122
111019,2024,Enero,1,ROLLO 540 MM X 60 MTS 125 MICRAS,PLASTIFICACION,0,0,100
111020,2024,Enero,1,ROLLO 540 MM X 60 MTS 175 MICRAS,PLASTIFICACION,0,0,100
111016,2024,Enero,1,ROLLO 680 MM X 60 MTS 125 MICRAS BRILLANTE,PLASTIFICACION,6,930000,139
112001,2024,Enero,1,ROLLO BOPP BRILLANTE 250 MM X 4000 MT 18 MIC,PLASTIFICACION,4,1147500,60
112002,2024,Enero,1,ROLLO BOPP BRILLANTE 300 MM X 4000 MT 18 MIC,PLASTIFICACION,9,2963140,155
112003,2024,Enero,1,ROLLO BOPP BRILLANTE 330 MM X 200 MT 23 MIC,PLASTIFICACION,62,3631000,717
112006,2024,Enero,1,ROLLO BOPP BRILLANTE 345 MM X 4000 MT 18 MIC,PLASTIFICACION,18,7103810,93
112026,2024,Enero,1,ROLLO BOPP BRILLANTE 400 MM X 4000 MT 18 MIC,PLASTIFICACION,8,3610220,69
112007,2024,Enero,1,ROLLO BOPP BRILLANTE 445 MM X 4000 MT 18 MIC,PLASTIFICACION,8,4144410,68
112008,2024,Enero,1,ROLLO BOPP BRILLANTE 495 MM X 4000 MT 18 MIC,PLASTIFICACION,55,30629685,113
112028,2024,Enero,1,ROLLO BOPP BRILLANTE 595 MM X 4000 MT 18 MIC,PLASTIFICACION,16,8162970,3
112009,2024,Enero,1,ROLLO BOPP BRILLANTE 695 MM X 4000 MT 18 MIC,PLASTIFICACION,16,9348520,78
112024,2024,Enero,1,ROLLO BOPP MATE 200 MM X 4000 MT 18 MIC,PLASTIFICACION,10,2001410,64
112010,2024,Enero,1,ROLLO BOPP MATE 250 MM X 4000 MT 18 MIC,PLASTIFICACION,20,5459165,79
112011,2024,Enero,1,ROLLO BOPP MATE 300 MM X 4000 MT 18 MIC,PLASTIFICACION,22,6699875,87
112012,2024,Enero,1,ROLLO BOPP MATE 330 MM X 200 MT 23 MIC,PLASTIFICACION,42,2436000,657
112021,2024,Enero,1,ROLLO BOPP MATE 330 MM X 4000 MT 18 MIC,PLASTIFICACION,8,2763100,23
112013,2024,Enero,1,ROLLO BOPP MATE 330 MM X 500 MT 22 MIC,PLASTIFICACION,0,0,184
112015,2024,Enero,1,ROLLO BOPP MATE 345 MM X 4000 MT 18 MIC,PLASTIFICACION,31,11203060,42
112025,2024,Enero,1,ROLLO BOPP MATE 400 MM X 4000 MT 18 MIC,PLASTIFICACION,5,1984293,60
112016,2024,Enero,1,ROLLO BOPP MATE 445 MM X 4000 MT 18 MIC,PLASTIFICACION,12,5541240,50
112017,2024,Enero,1,ROLLO BOPP MATE 495 MM X 4000 MT 18 MIC,PLASTIFICACION,64,32901423,192
112018,2024,Enero,1,ROLLO BOPP MATE 595 MM X 4000 MT 18 MIC,ANILLO DOBLE O,18,8340218,3
112019,2024,Enero,1,ROLLO BOPP MATE 695 MM X 4000 MT 18 MIC,ANILLO DOBLE O,10,5413590,18
112020,2024,Enero,1,ROLLO HOLOGRAFICO 495 MM X 1500 MT 24 MIC,ANILLO DOBLE O,0,0,0
112022,2024,Enero,1,ROLLO METALIZADO DORADO 495 MM X 1000 MT 22 MIC,ANILLO DOBLE O,0,0,0
112023,2024,Enero,1,ROLLO METALIZADO PLATA 495 MM X 1000 MT 22 MIC,ANILLO DOBLE O,0,0,0
112027,2024,Enero,1,ROLLO PIEL DURAZNO 495 MM X 200 MT 28 MIC,ANILLO DOBLE O,0,0,0
112005,2024,Enero,1,ROLLO SUPERBONDING BRILLANTE 330 MM X 500 MT 30 MIC,ANILLO DOBLE O,0,0,62
122041,2024,Enero,1,TIRA 2.1 X 64 LOOPS  12MM CAJA X 540 BLANCO,ANILLO DOBLE O,1,389700,91
122042,2024,Enero,1,TIRA 2.1 X 64 LOOPS  12MM CAJA X 540 NEGRO,ANILLO DOBLE O,0,0,3
122043,2024,Enero,1,TIRA 2.1 X 64 LOOPS  12MM CAJA X 540 PLATA,ANILLO DOBLE O,0,0,60
122044,2024,Enero,1,TIRA 2.1 X 64 LOOPS  14MM CAJA X 384 BLANCO,ANILLO DOBLE O,7,2842000,36
122045,2024,Enero,1,TIRA 2.1 X 64 LOOPS  14MM CAJA X 384 NEGRO,ANILLO DOBLE O,4,1583400,10
122046,2024,Enero,1,TIRA 2.1 X 64 LOOPS  14MM CAJA X 384 PLATA,ANILLO DOBLE O,1,467000,29
122047,2024,Enero,1,TIRA 2.1 X 64 LOOPS  16MM CAJA X 308 BLANCO,ANILLO DOBLE O,12,4620000,164
122048,2024,Enero,1,TIRA 2.1 X 64 LOOPS  16MM CAJA X 308 BRONCE,ANILLO DOBLE O,2,874000,56
122049,2024,Enero,1,TIRA 2.1 X 64 LOOPS  16MM CAJA X 308 NEGRO,ANILLO DOBLE O,10,4000000,205
122050,2024,Enero,1,TIRA 2.1 X 64 LOOPS  16MM CAJA X 308 PLATA,ANILLO DOBLE O,21,9160000,27
122051,2024,Enero,1,TIRA 2.1 X 64 LOOPS  19MM CAJA X 252 BLANCO,ANILLO DOBLE O,14,6142500,80
122052,2024,Enero,1,TIRA 2.1 X 64 LOOPS  19MM CAJA X 252 BRONCE,ANILLO DOBLE O,10,5154100,26
122053,2024,Enero,1,TIRA 2.1 X 64 LOOPS  19MM CAJA X 252 NEGRO,ANILLO DOBLE O,11,4905000,108
122054,2024,Enero,1,TIRA 2.1 X 64 LOOPS  19MM CAJA X 252 PLATA,ANILLO DOBLE O,1,492100,1
122055,2024,Enero,1,TIRA 2.1 X 64 LOOPS  22MM CAJA X 192 BLANCO,ANILLO DOBLE O,4,1674750,78
122056,2024,Enero,1,TIRA 2.1 X 64 LOOPS  22MM CAJA X 192 BRONCE,ANILLO DOBLE O,4,1925000,6
122057,2024,Enero,1,TIRA 2.1 X 64 LOOPS  22MM CAJA X 192 NEGRO,ANILLO DOBLE O,4,1608012,80
122058,2024,Enero,1,TIRA 2.1 X 64 LOOPS  22MM CAJA X 192 PLATA,ANILLO DOBLE O,2,1000000,30
122059,2024,Enero,1,TIRA 2.1 X 64 LOOPS  25MM CAJA X 140 BLANCO,ANILLO DOBLE O,1,377000,80
122077,2024,Enero,1,TIRA 2.1 X 64 LOOPS  25MM CAJA X 140 BRONCE,ANILLO DOBLE O,0,0,0
122060,2024,Enero,1,TIRA 2.1 X 64 LOOPS  25MM CAJA X 140 NEGRO,ANILLO DOBLE O,0,0,54
122061,2024,Enero,1,TIRA 2.1 X 64 LOOPS  25MM CAJA X 140 PLATA,ANILLO DOBLE O,1,434000,15
122062,2024,Enero,1,TIRA 2.1 X 64 LOOPS  28MM CAJA X 96 BLANCO,ANILLO DOBLE O,5,2110000,65
122063,2024,Enero,1,TIRA 2.1 X 64 LOOPS  28MM CAJA X 96 NEGRO,ANILLO DOBLE O,0,0,44
122064,2024,Enero,1,TIRA 2.1 X 64 LOOPS  28MM CAJA X 96 PLATA,ANILLO DOBLE O,0,0,31
122065,2024,Enero,1,TIRA 2.1 X 64 LOOPS  32MM CAJA X 96 BLANCO,ANILLO DOBLE O,2,932000,69
122066,2024,Enero,1,TIRA 2.1 X 64 LOOPS  32MM CAJA X 96 NEGRO,ANILLO DOBLE O,6,2516400,60
131008,2024,Enero,1,VARILLA MEDIA LUNA  10 CM X 100 BLANCO,ANILLO DOBLE O,100,1200000,2063
131007,2024,Enero,1,VARILLA MEDIA LUNA  10 CM X 100 NEGRO,ANILLO DOBLE O,80,936000,1053
131010,2024,Enero,1,VARILLA MEDIA LUNA  15 CM X 100 BLANCO,ANILLO DOBLE O,1,14000,875
131009,2024,Enero,1,VARILLA MEDIA LUNA  15 CM X 100 NEGRO,ANILLO DOBLE O,0,0,517
131033,2024,Enero,1,VARILLA MEDIA LUNA  20 CM X 100 BLANCO,ANILLO DOBLE O,0,0,12
131034,2024,Enero,1,VARILLA MEDIA LUNA  20 CM X 100 NEGRO,ANILLO DOBLE O,0,0,372
131018,2024,Enero,1,YOYO ORIGINAL CAJA X 50 AZUL,VARIOS,100,5905000,1287
131019,2024,Enero,1,YOYO ORIGINAL CAJA X 50 BLANCO,VARIOS,91,5317750,2145
131020,2024,Enero,1,YOYO ORIGINAL CAJA X 50 NEGRO,VARIOS,0,0,1040
131021,2024,Enero,1,YOYO ORIGINAL CAJA X 50 ROJO,VARIOS,0,0,112
131022,2024,Enero,1,YOYO ORIGINAL CAJA X 50 VERDE,VARIOS,0,0,255
131012,2024,Febrero,2,ACETATOS CARTA PAQ X 50,VARIOS,820,6918000,1216
113001,2024,Febrero,2,BOLSILLO CARNET 60 X 90 MM 175 MIC CAJA X 100,LAMINACION,285,1225000,343
113005,2024,Febrero,2,BOLSILLO CARTA 225MM X 288MM 125 MIC CAJA X 100,LAMINACION,994,37206000,7850
113006,2024,Febrero,2,BOLSILLO CARTA 225MM X 288MM 175 MIC CAJA X 100,LAMINACION,303,13209000,1084
113007,2024,Febrero,2,BOLSILLO CARTA 225MM X 288MM 250 MIC CAJA X 50,LAMINACION,213,8405000,2501
113002,2024,Febrero,2,BOLSILLO CEDULA 70 X 100 MM 175 MIC CAJA X 100,LAMINACION,828,4862000,7956
113008,2024,Febrero,2,BOLSILLO OFICIO 225MM X 337MM 125 MIC CAJA X 100,LAMINACION,626,26084160,1387
113003,2024,Febrero,2,BOLSILLO TARJETA PROPIEDAD 80 X 110 MM 175 MIC CAJA X 100,LAMINACION,886,6439400,5290
121009,2024,Febrero,2,CARATULA CARTA GRAIN PAQ X 50 AZUL,CARATULA,40,519500,3196
121010,2024,Febrero,2,CARATULA CARTA GRAIN PAQ X 50 NEGRO,CARATULA,122,1649600,2571
121034,2024,Febrero,2,CARATULA CARTA STRIPE PAQ X 50 AMARILLO,CARATULA,180,2350200,1829
121017,2024,Febrero,2,CARATULA CARTA STRIPE PAQ X 50 AZUL T-1,CARATULA,378,4554050,3095
121018,2024,Febrero,2,CARATULA CARTA STRIPE PAQ X 50 AZUL T-2,CARATULA,303,3847500,1369
121019,2024,Febrero,2,CARATULA CARTA STRIPE PAQ X 50 HUMO,CARATULA,209,2702650,2932
121020,2024,Febrero,2,CARATULA CARTA STRIPE PAQ X 50 LILA,CARATULA,103,1304750,1905
121021,2024,Febrero,2,CARATULA CARTA STRIPE PAQ X 50 NARANJA,CARATULA,80,1004500,2506
121022,2024,Febrero,2,CARATULA CARTA STRIPE PAQ X 50 ROJO,CARATULA,214,2688000,2501
121023,2024,Febrero,2,CARATULA CARTA STRIPE PAQ X 50 TRANSPARENTE,CARATULA,939,11850225,12564
121024,2024,Febrero,2,CARATULA CARTA STRIPE PAQ X 50 VERDE T-1,CARATULA,147,1823500,1227
121025,2024,Febrero,2,CARATULA CARTA STRIPE PAQ X 50 VERDE T-2,CARATULA,167,2151300,4244
121032,2024,Febrero,2,CARATULA LEGAL STRIPE PAQ X 50 TRANSPARENTE,CARATULA,4,273000,862
121030,2024,Febrero,2,CARATULA OFICIO STRIPE PAQ X 50 TRANSPARENTE,CARATULA,428,6164500,2235
121031,2024,Febrero,2,CARATULA OFICIO STRIPE PAQ X 50 VERDE T-2,CARATULA,7,107100,0
122009,2024,Febrero,2,CARRETE  2.1   16 MM X 10500 LOOPS BLANCO,ANILLO DOBLE O,0,0,0
122010,2024,Febrero,2,CARRETE  2.1   16 MM X 10500 LOOPS NEGRO,ANILLO DOBLE O,2,560000,14
122011,2024,Febrero,2,CARRETE  2.1   16 MM X 10500 LOOPS PLATA,ANILLO DOBLE O,3,992000,13
122013,2024,Febrero,2,CARRETE  2.1   19 MM X 7000 LOOPS BLANCO,ANILLO DOBLE O,0,0,0
122016,2024,Febrero,2,CARRETE  2.1   19 MM X 7000 LOOPS BRONCE,ANILLO DOBLE O,0,0,5
122014,2024,Febrero,2,CARRETE  2.1   19 MM X 7000 LOOPS NEGRO,ANILLO DOBLE O,0,0,0
122015,2024,Febrero,2,CARRETE  2.1   19 MM X 7000 LOOPS PLATA,ANILLO DOBLE O,3,936000,2
122017,2024,Febrero,2,CARRETE  3.1    8 MM X 60000 LOOPS BLANCO,ANILLO DOBLE O,1,419000,93
122018,2024,Febrero,2,CARRETE  3.1    8 MM X 60000 LOOPS NEGRO,ANILLO DOBLE O,1,419000,75
122019,2024,Febrero,2,CARRETE  3.1    8 MM X 60000 LOOPS PLATA,ANILLO DOBLE O,0,0,10
122020,2024,Febrero,2,CARRETE  3.1    9 MM X 43000 LOOPS BLANCO,ANILLO DOBLE O,12,4153500,13
122021,2024,Febrero,2,CARRETE  3.1    9 MM X 43000 LOOPS BRONCE,ANILLO DOBLE O,0,0,34
122022,2024,Febrero,2,CARRETE  3.1    9 MM X 43000 LOOPS NEGRO,ANILLO DOBLE O,1,355000,0
122023,2024,Febrero,2,CARRETE  3.1    9 MM X 43000 LOOPS PLATA,ANILLO DOBLE O,0,0,14
122024,2024,Febrero,2,CARRETE  3.1   11 MM X 32000 LOOPS BLANCO,ANILLO DOBLE O,0,0,2
122025,2024,Febrero,2,CARRETE  3.1   11 MM X 32000 LOOPS NEGRO,ANILLO DOBLE O,0,0,3
122026,2024,Febrero,2,CARRETE  3.1   12 MM X 24000 LOOPS BLANCO,ANILLO DOBLE O,0,0,0
122027,2024,Febrero,2,CARRETE  3.1   12 MM X 24000 LOOPS NEGRO,ANILLO DOBLE O,1,305000,0
122028,2024,Febrero,2,CARRETE  3.1   12 MM X 24000 LOOPS PLATA,ANILLO DOBLE O,0,0,0
122029,2024,Febrero,2,CARRETE  3.1   14 MM X 19300 LOOPS BLANCO,ANILLO DOBLE O,0,0,0
122030,2024,Febrero,2,CARRETE  3.1   14 MM X 19300 LOOPS NEGRO,ANILLO DOBLE O,0,0,14
122031,2024,Febrero,2,CARRETE  3.1   14 MM X 19300 LOOPS PLATA,ANILLO DOBLE O,1,385000,6
122081,2024,Febrero,2,DOBLE O CARTA 2.1    8 MM  CAJA X 100 BLANCO,ANILLO DOBLE O,0,0,444
122082,2024,Febrero,2,DOBLE O CARTA 2.1    8 MM  CAJA X 100 NEGRO,ANILLO DOBLE O,3,69000,211
122083,2024,Febrero,2,DOBLE O CARTA 2.1    9 MM  CAJA X 100 BLANCO,ANILLO DOBLE O,10,250000,490
122084,2024,Febrero,2,DOBLE O CARTA 2.1    9 MM  CAJA X 100 NEGRO,ANILLO DOBLE O,14,337500,380
122085,2024,Febrero,2,DOBLE O CARTA 2.1   12 MM  CAJA X 100 BLANCO,ANILLO DOBLE O,12,408000,238
122086,2024,Febrero,2,DOBLE O CARTA 2.1   12 MM  CAJA X 100 NEGRO,ANILLO DOBLE O,36,1071000,290
122087,2024,Febrero,2,DOBLE O CARTA 2.1   14 MM  CAJA X 100 BLANCO,ANILLO DOBLE O,1,43000,352
122088,2024,Febrero,2,DOBLE O CARTA 2.1   14 MM  CAJA X 100 NEGRO,ANILLO DOBLE O,24,903000,213
122089,2024,Febrero,2,DOBLE O CARTA 2.1   16 MM  CAJA X 50 BLANCO,ANILLO DOBLE O,24,546000,641
122090,2024,Febrero,2,DOBLE O CARTA 2.1   16 MM  CAJA X 50 NEGRO,ANILLO DOBLE O,48,1079000,259
122091,2024,Febrero,2,DOBLE O CARTA 2.1   19 MM  CAJA X 50 BLANCO,ANILLO DOBLE O,21,721000,315
122112,2024,Febrero,2,DOBLE O CARTA 2.1   19 MM  CAJA X 50 BRONCE,ANILLO DOBLE O,6,210000,176
122092,2024,Febrero,2,DOBLE O CARTA 2.1   19 MM  CAJA X 50 NEGRO,ANILLO DOBLE O,42,1347500,146
122093,2024,Febrero,2,DOBLE O CARTA 2.1   22 MM  CAJA X 50 BLANCO,ANILLO DOBLE O,18,774000,252
122094,2024,Febrero,2,DOBLE O CARTA 2.1   22 MM  CAJA X 50 NEGRO,ANILLO DOBLE O,15,580500,387
122095,2024,Febrero,2,DOBLE O CARTA 2.1   25 MM  CAJA X 50 BLANCO,ANILLO DOBLE O,1,50000,287
122096,2024,Febrero,2,DOBLE O CARTA 2.1   25 MM  CAJA X 50 NEGRO,ANILLO DOBLE O,6,300000,120
122097,2024,Febrero,2,DOBLE O CARTA 2.1   28 MM  CAJA X 30 BLANCO,ANILLO DOBLE O,26,1430000,367
122098,2024,Febrero,2,DOBLE O CARTA 2.1   28 MM  CAJA X 30 NEGRO,ANILLO DOBLE O,0,0,348
122099,2024,Febrero,2,DOBLE O CARTA 2.1   32 MM  CAJA X 30 BLANCO,ANILLO DOBLE O,0,0,449
122100,2024,Febrero,2,DOBLE O CARTA 2.1   32 MM  CAJA X 30 NEGRO,ANILLO DOBLE O,1,63000,94
122101,2024,Febrero,2,DOBLE O CARTA 3.1    8 MM   CAJA X 100 BLANCO,ANILLO DOBLE O,0,0,638
122102,2024,Febrero,2,DOBLE O CARTA 3.1    8 MM  CAJA X 100 NEGRO,ANILLO DOBLE O,6,138000,442
122103,2024,Febrero,2,DOBLE O CARTA 3.1    9 MM  CAJA X 100 BLANCO,ANILLO DOBLE O,1,25000,518
122104,2024,Febrero,2,DOBLE O CARTA 3.1    9 MM  CAJA X 100 NEGRO,ANILLO DOBLE O,45,1000000,206
122105,2024,Febrero,2,DOBLE O CARTA 3.1   11 MM  CAJA X 100 BLANCO,ANILLO DOBLE O,1,30000,421
122106,2024,Febrero,2,DOBLE O CARTA 3.1   11 MM  CAJA X 100 NEGRO,ANILLO DOBLE O,10,270000,203
122108,2024,Febrero,2,DOBLE O CARTA 3.1   12 MM  CAJA X 100 BLANCO,ANILLO DOBLE O,0,0,703
122107,2024,Febrero,2,DOBLE O CARTA 3.1   12 MM  CAJA X 100 NEGRO,ANILLO DOBLE O,24,814000,363
122109,2024,Febrero,2,DOBLE O CARTA 3.1   12 MM  CAJA X 100 PLATA,ANILLO DOBLE O,0,0,160
122110,2024,Febrero,2,DOBLE O CARTA 3.1   14 MM  CAJA X 100 BLANCO,ANILLO DOBLE O,0,0,359
122111,2024,Febrero,2,DOBLE O CARTA 3.1   14 MM  CAJA X 100 NEGRO,ANILLO DOBLE O,10,365500,306
112031,2024,Febrero,2,FOIL S1 (101) 640 MM X 120 MT 12 MIC DORADO,LAMINACION,0,0,0
112032,2024,Febrero,2,FOIL S1 (120) 640 MM X 120 MT 12 MIC PLATA,LAMINACION,0,0,0
112033,2024,Febrero,2,FOIL S2 (101) 640 MM X 120 MT 12 MIC DORADO,LAMINACION,0,0,0
112034,2024,Febrero,2,FOIL S2 (120) 640 MM X 120 MT 12 MIC PLATA,LAMINACION,0,0,0
112036,2024,Febrero,2,FOIL S4 (S15) 640 MM X 120 MT 12 MIC PLATA HOLOGRAFICO,LAMINACION,0,0,0
112035,2024,Febrero,2,FOIL S4 (SA18) 640 MM X 120 MT 12 MIC DORADO HOLOGRAFICO,LAMINACION,0,0,0
111001,2024,Febrero,2,ROLLO 113 MM X 60 MTS 175 MICRAS,LAMINACION,135,3172600,601
111002,2024,Febrero,2,ROLLO 113 MM X 60 MTS 250 MICRAS,LAMINACION,2,78000,216
111003,2024,Febrero,2,ROLLO 226 MM X 60 MTS 125 MICRAS,LAMINACION,462,16783200,252
111004,2024,Febrero,2,ROLLO 226 MM X 60 MTS 175 MICRAS,LAMINACION,0,0,0
111005,2024,Febrero,2,ROLLO 226 MM X 60 MTS 250 MICRAS,LAMINACION,6,474000,147
111007,2024,Febrero,2,ROLLO 300 MM X 60 MTS 125 MICRAS,LAMINACION,1,56000,100
111008,2024,Febrero,2,ROLLO 300 MM X 60 MTS 250 MICRAS,LAMINACION,15,1575000,96
111018,2024,Febrero,2,ROLLO 350 MM X 60 MTS 250 MICRAS,LAMINACION,0,0,252
111010,2024,Febrero,2,ROLLO 375 MM X 60 MTS 125 MICRAS,LAMINACION,83,5644000,172
111013,2024,Febrero,2,ROLLO 375 MM X 75 MTS 75 MICRAS MATTE,PLASTIFICACION,2,120000,120
111019,2024,Febrero,2,ROLLO 540 MM X 60 MTS 125 MICRAS,PLASTIFICACION,52,5096000,48
111020,2024,Febrero,2,ROLLO 540 MM X 60 MTS 175 MICRAS,PLASTIFICACION,72,10080000,28
111016,2024,Febrero,2,ROLLO 680 MM X 60 MTS 125 MICRAS BRILLANTE,PLASTIFICACION,145,22475000,0
112001,2024,Febrero,2,ROLLO BOPP BRILLANTE 250 MM X 4000 MT 18 MIC,PLASTIFICACION,5,1397650,55
112002,2024,Febrero,2,ROLLO BOPP BRILLANTE 300 MM X 4000 MT 18 MIC,PLASTIFICACION,12,3924050,143
112003,2024,Febrero,2,ROLLO BOPP BRILLANTE 330 MM X 200 MT 23 MIC,PLASTIFICACION,40,2243800,677
112006,2024,Febrero,2,ROLLO BOPP BRILLANTE 345 MM X 4000 MT 18 MIC,PLASTIFICACION,24,9213050,69
112026,2024,Febrero,2,ROLLO BOPP BRILLANTE 400 MM X 4000 MT 18 MIC,PLASTIFICACION,3,1354350,66
112007,2024,Febrero,2,ROLLO BOPP BRILLANTE 445 MM X 4000 MT 18 MIC,PLASTIFICACION,9,4507710,61
112008,2024,Febrero,2,ROLLO BOPP BRILLANTE 495 MM X 4000 MT 18 MIC,PLASTIFICACION,99,53105900,15
112028,2024,Febrero,2,ROLLO BOPP BRILLANTE 595 MM X 4000 MT 18 MIC,PLASTIFICACION,0,0,3
112009,2024,Febrero,2,ROLLO BOPP BRILLANTE 695 MM X 4000 MT 18 MIC,PLASTIFICACION,21,12503920,57
112024,2024,Febrero,2,ROLLO BOPP MATE 200 MM X 4000 MT 18 MIC,PLASTIFICACION,7,1330300,57
112010,2024,Febrero,2,ROLLO BOPP MATE 250 MM X 4000 MT 18 MIC,PLASTIFICACION,10,2467620,69
112011,2024,Febrero,2,ROLLO BOPP MATE 300 MM X 4000 MT 18 MIC,PLASTIFICACION,18,5287060,70
112012,2024,Febrero,2,ROLLO BOPP MATE 330 MM X 200 MT 23 MIC,PLASTIFICACION,32,1810000,626
112021,2024,Febrero,2,ROLLO BOPP MATE 330 MM X 4000 MT 18 MIC,PLASTIFICACION,5,1646310,18
112013,2024,Febrero,2,ROLLO BOPP MATE 330 MM X 500 MT 22 MIC,PLASTIFICACION,2,300000,183
112015,2024,Febrero,2,ROLLO BOPP MATE 345 MM X 4000 MT 18 MIC,PLASTIFICACION,34,11940715,8
112025,2024,Febrero,2,ROLLO BOPP MATE 400 MM X 4000 MT 18 MIC,PLASTIFICACION,12,4852780,49
112016,2024,Febrero,2,ROLLO BOPP MATE 445 MM X 4000 MT 18 MIC,PLASTIFICACION,27,12394165,23
112017,2024,Febrero,2,ROLLO BOPP MATE 495 MM X 4000 MT 18 MIC,PLASTIFICACION,127,63214310,69
112018,2024,Febrero,2,ROLLO BOPP MATE 595 MM X 4000 MT 18 MIC,ANILLO DOBLE O,2,924000,1
112019,2024,Febrero,2,ROLLO BOPP MATE 695 MM X 4000 MT 18 MIC,ANILLO DOBLE O,17,9019000,1
112020,2024,Febrero,2,ROLLO HOLOGRAFICO 495 MM X 1500 MT 24 MIC,ANILLO DOBLE O,0,0,0
112022,2024,Febrero,2,ROLLO METALIZADO DORADO 495 MM X 1000 MT 22 MIC,ANILLO DOBLE O,0,0,0
112023,2024,Febrero,2,ROLLO METALIZADO PLATA 495 MM X 1000 MT 22 MIC,ANILLO DOBLE O,0,0,0
112027,2024,Febrero,2,ROLLO PIEL DURAZNO 495 MM X 200 MT 28 MIC,ANILLO DOBLE O,0,0,0
112005,2024,Febrero,2,ROLLO SUPERBONDING BRILLANTE 330 MM X 500 MT 30 MIC,ANILLO DOBLE O,3,605043,59
122041,2024,Febrero,2,TIRA 2.1 X 64 LOOPS  12MM CAJA X 540 BLANCO,ANILLO DOBLE O,11,4741350,80
122042,2024,Febrero,2,TIRA 2.1 X 64 LOOPS  12MM CAJA X 540 NEGRO,ANILLO DOBLE O,0,0,3
122043,2024,Febrero,2,TIRA 2.1 X 64 LOOPS  12MM CAJA X 540 PLATA,ANILLO DOBLE O,0,0,60
122044,2024,Febrero,2,TIRA 2.1 X 64 LOOPS  14MM CAJA X 384 BLANCO,ANILLO DOBLE O,25,10150000,11
122045,2024,Febrero,2,TIRA 2.1 X 64 LOOPS  14MM CAJA X 384 NEGRO,ANILLO DOBLE O,4,1624000,6
122046,2024,Febrero,2,TIRA 2.1 X 64 LOOPS  14MM CAJA X 384 PLATA,ANILLO DOBLE O,3,1356000,26
122047,2024,Febrero,2,TIRA 2.1 X 64 LOOPS  16MM CAJA X 308 BLANCO,ANILLO DOBLE O,22,8380000,142
122048,2024,Febrero,2,TIRA 2.1 X 64 LOOPS  16MM CAJA X 308 BRONCE,ANILLO DOBLE O,2,828000,54
122049,2024,Febrero,2,TIRA 2.1 X 64 LOOPS  16MM CAJA X 308 NEGRO,ANILLO DOBLE O,9,3440000,196
122050,2024,Febrero,2,TIRA 2.1 X 64 LOOPS  16MM CAJA X 308 PLATA,ANILLO DOBLE O,2,818800,25
122051,2024,Febrero,2,TIRA 2.1 X 64 LOOPS  19MM CAJA X 252 BLANCO,ANILLO DOBLE O,26,11303800,55
122052,2024,Febrero,2,TIRA 2.1 X 64 LOOPS  19MM CAJA X 252 BRONCE,ANILLO DOBLE O,7,3304840,19
122053,2024,Febrero,2,TIRA 2.1 X 64 LOOPS  19MM CAJA X 252 NEGRO,ANILLO DOBLE O,7,3105000,101
122054,2024,Febrero,2,TIRA 2.1 X 64 LOOPS  19MM CAJA X 252 PLATA,ANILLO DOBLE O,0,0,1
122055,2024,Febrero,2,TIRA 2.1 X 64 LOOPS  22MM CAJA X 192 BLANCO,ANILLO DOBLE O,12,4937250,66
122056,2024,Febrero,2,TIRA 2.1 X 64 LOOPS  22MM CAJA X 192 BRONCE,ANILLO DOBLE O,3,1500000,3
122057,2024,Febrero,2,TIRA 2.1 X 64 LOOPS  22MM CAJA X 192 NEGRO,ANILLO DOBLE O,37,15006624,43
122058,2024,Febrero,2,TIRA 2.1 X 64 LOOPS  22MM CAJA X 192 PLATA,ANILLO DOBLE O,1,500000,29
122059,2024,Febrero,2,TIRA 2.1 X 64 LOOPS  25MM CAJA X 140 BLANCO,ANILLO DOBLE O,4,1508000,78
122077,2024,Febrero,2,TIRA 2.1 X 64 LOOPS  25MM CAJA X 140 BRONCE,ANILLO DOBLE O,0,0,0
122060,2024,Febrero,2,TIRA 2.1 X 64 LOOPS  25MM CAJA X 140 NEGRO,ANILLO DOBLE O,1,320450,53
122061,2024,Febrero,2,TIRA 2.1 X 64 LOOPS  25MM CAJA X 140 PLATA,ANILLO DOBLE O,3,1236900,12
122062,2024,Febrero,2,TIRA 2.1 X 64 LOOPS  28MM CAJA X 96 BLANCO,ANILLO DOBLE O,3,1266000,62
122063,2024,Febrero,2,TIRA 2.1 X 64 LOOPS  28MM CAJA X 96 NEGRO,ANILLO DOBLE O,1,422000,43
122064,2024,Febrero,2,TIRA 2.1 X 64 LOOPS  28MM CAJA X 96 PLATA,ANILLO DOBLE O,0,0,31
122065,2024,Febrero,2,TIRA 2.1 X 64 LOOPS  32MM CAJA X 96 BLANCO,ANILLO DOBLE O,4,1794100,65
122066,2024,Febrero,2,TIRA 2.1 X 64 LOOPS  32MM CAJA X 96 NEGRO,ANILLO DOBLE O,2,862100,58
131008,2024,Febrero,2,VARILLA MEDIA LUNA  10 CM X 100 BLANCO,ANILLO DOBLE O,0,0,2163
131007,2024,Febrero,2,VARILLA MEDIA LUNA  10 CM X 100 NEGRO,ANILLO DOBLE O,0,0,1053
131010,2024,Febrero,2,VARILLA MEDIA LUNA  15 CM X 100 BLANCO,ANILLO DOBLE O,0,0,875
131009,2024,Febrero,2,VARILLA MEDIA LUNA  15 CM X 100 NEGRO,ANILLO DOBLE O,4,64000,513
131033,2024,Febrero,2,VARILLA MEDIA LUNA  20 CM X 100 BLANCO,ANILLO DOBLE O,0,0,12
131034,2024,Febrero,2,VARILLA MEDIA LUNA  20 CM X 100 NEGRO,ANILLO DOBLE O,20,420000,352
131018,2024,Febrero,2,YOYO ORIGINAL CAJA X 50 AZUL,VARIOS,40,2300000,1247
131019,2024,Febrero,2,YOYO ORIGINAL CAJA X 50 BLANCO,VARIOS,62,3580500,2083
131020,2024,Febrero,2,YOYO ORIGINAL CAJA X 50 NEGRO,VARIOS,20,1150000,1020
131021,2024,Febrero,2,YOYO ORIGINAL CAJA X 50 ROJO,VARIOS,0,0,112
131022,2024,Febrero,2,YOYO ORIGINAL CAJA X 50 VERDE,VARIOS,20,1150000,235
131012,2024,Marzo,3,ACETATOS CARTA PAQ X 50,VARIOS,20,200000,1196
113001,2024,Marzo,3,BOLSILLO CARNET 60 X 90 MM 175 MIC CAJA X 100,LAMINACION,2,10000,341
113005,2024,Marzo,3,BOLSILLO CARTA 225MM X 288MM 125 MIC CAJA X 100,LAMINACION,703,25662000,7115
113006,2024,Marzo,3,BOLSILLO CARTA 225MM X 288MM 175 MIC CAJA X 100,LAMINACION,26,1326000,1059
113007,2024,Marzo,3,BOLSILLO CARTA 225MM X 288MM 250 MIC CAJA X 50,LAMINACION,324,11562000,2174
113002,2024,Marzo,3,BOLSILLO CEDULA 70 X 100 MM 175 MIC CAJA X 100,LAMINACION,386,2184000,7570
113008,2024,Marzo,3,BOLSILLO OFICIO 225MM X 337MM 125 MIC CAJA X 100,LAMINACION,287,12147500,1080
113003,2024,Marzo,3,BOLSILLO TARJETA PROPIEDAD 80 X 110 MM 175 MIC CAJA X 100,LAMINACION,105,829500,5185
121009,2024,Marzo,3,CARATULA CARTA GRAIN PAQ X 50 AZUL,CARATULA,42,475000,3154
121010,2024,Marzo,3,CARATULA CARTA GRAIN PAQ X 50 NEGRO,CARATULA,217,2567500,2353
121034,2024,Marzo,3,CARATULA CARTA STRIPE PAQ X 50 AMARILLO,CARATULA,68,815000,1761
121017,2024,Marzo,3,CARATULA CARTA STRIPE PAQ X 50 AZUL T-1,CARATULA,587,6464000,2508
121018,2024,Marzo,3,CARATULA CARTA STRIPE PAQ X 50 AZUL T-2,CARATULA,511,5687500,857
121019,2024,Marzo,3,CARATULA CARTA STRIPE PAQ X 50 HUMO,CARATULA,279,3306000,2653
121020,2024,Marzo,3,CARATULA CARTA STRIPE PAQ X 50 LILA,CARATULA,120,1440000,1785
121021,2024,Marzo,3,CARATULA CARTA STRIPE PAQ X 50 NARANJA,CARATULA,92,1110000,2414
121022,2024,Marzo,3,CARATULA CARTA STRIPE PAQ X 50 ROJO,CARATULA,129,1568000,2372
121023,2024,Marzo,3,CARATULA CARTA STRIPE PAQ X 50 TRANSPARENTE,CARATULA,1542,17634000,11022
121024,2024,Marzo,3,CARATULA CARTA STRIPE PAQ X 50 VERDE T-1,CARATULA,304,3362000,923
121025,2024,Marzo,3,CARATULA CARTA STRIPE PAQ X 50 VERDE T-2,CARATULA,129,1558500,4115
121032,2024,Marzo,3,CARATULA LEGAL STRIPE PAQ X 50 TRANSPARENTE,CARATULA,6,385000,856
121030,2024,Marzo,3,CARATULA OFICIO STRIPE PAQ X 50 TRANSPARENTE,CARATULA,417,5258000,1817
121031,2024,Marzo,3,CARATULA OFICIO STRIPE PAQ X 50 VERDE T-2,CARATULA,0,0,0
122009,2024,Marzo,3,CARRETE  2.1   16 MM X 10500 LOOPS BLANCO,ANILLO DOBLE O,0,0,0
122010,2024,Marzo,3,CARRETE  2.1   16 MM X 10500 LOOPS NEGRO,ANILLO DOBLE O,2,560000,12
122011,2024,Marzo,3,CARRETE  2.1   16 MM X 10500 LOOPS PLATA,ANILLO DOBLE O,1,336000,12
122013,2024,Marzo,3,CARRETE  2.1   19 MM X 7000 LOOPS BLANCO,ANILLO DOBLE O,0,0,0
122016,2024,Marzo,3,CARRETE  2.1   19 MM X 7000 LOOPS BRONCE,ANILLO DOBLE O,0,0,5
122014,2024,Marzo,3,CARRETE  2.1   19 MM X 7000 LOOPS NEGRO,ANILLO DOBLE O,0,0,0
122015,2024,Marzo,3,CARRETE  2.1   19 MM X 7000 LOOPS PLATA,ANILLO DOBLE O,0,0,2
122017,2024,Marzo,3,CARRETE  3.1    8 MM X 60000 LOOPS BLANCO,ANILLO DOBLE O,0,0,91
122018,2024,Marzo,3,CARRETE  3.1    8 MM X 60000 LOOPS NEGRO,ANILLO DOBLE O,0,0,76
122019,2024,Marzo,3,CARRETE  3.1    8 MM X 60000 LOOPS PLATA,ANILLO DOBLE O,0,0,10
122020,2024,Marzo,3,CARRETE  3.1    9 MM X 43000 LOOPS BLANCO,ANILLO DOBLE O,2,710000,11
122021,2024,Marzo,3,CARRETE  3.1    9 MM X 43000 LOOPS BRONCE,ANILLO DOBLE O,0,0,34
122022,2024,Marzo,3,CARRETE  3.1    9 MM X 43000 LOOPS NEGRO,ANILLO DOBLE O,0,0,0
122023,2024,Marzo,3,CARRETE  3.1    9 MM X 43000 LOOPS PLATA,ANILLO DOBLE O,0,0,14
122024,2024,Marzo,3,CARRETE  3.1   11 MM X 32000 LOOPS BLANCO,ANILLO DOBLE O,0,0,2
122025,2024,Marzo,3,CARRETE  3.1   11 MM X 32000 LOOPS NEGRO,ANILLO DOBLE O,0,0,3
122026,2024,Marzo,3,CARRETE  3.1   12 MM X 24000 LOOPS BLANCO,ANILLO DOBLE O,0,0,0
122027,2024,Marzo,3,CARRETE  3.1   12 MM X 24000 LOOPS NEGRO,ANILLO DOBLE O,0,0,0
122028,2024,Marzo,3,CARRETE  3.1   12 MM X 24000 LOOPS PLATA,ANILLO DOBLE O,0,0,0
122029,2024,Marzo,3,CARRETE  3.1   14 MM X 19300 LOOPS BLANCO,ANILLO DOBLE O,0,0,0
122030,2024,Marzo,3,CARRETE  3.1   14 MM X 19300 LOOPS NEGRO,ANILLO DOBLE O,0,0,14
122031,2024,Marzo,3,CARRETE  3.1   14 MM X 19300 LOOPS PLATA,ANILLO DOBLE O,0,0,6
122081,2024,Marzo,3,DOBLE O CARTA 2.1    8 MM  CAJA X 100 BLANCO,ANILLO DOBLE O,0,0,444
122082,2024,Marzo,3,DOBLE O CARTA 2.1    8 MM  CAJA X 100 NEGRO,ANILLO DOBLE O,0,0,211
122083,2024,Marzo,3,DOBLE O CARTA 2.1    9 MM  CAJA X 100 BLANCO,ANILLO DOBLE O,0,0,490
122084,2024,Marzo,3,DOBLE O CARTA 2.1    9 MM  CAJA X 100 NEGRO,ANILLO DOBLE O,45,1025000,335
122085,2024,Marzo,3,DOBLE O CARTA 2.1   12 MM  CAJA X 100 BLANCO,ANILLO DOBLE O,3,102000,235
122086,2024,Marzo,3,DOBLE O CARTA 2.1   12 MM  CAJA X 100 NEGRO,ANILLO DOBLE O,23,680000,267
122087,2024,Marzo,3,DOBLE O CARTA 2.1   14 MM  CAJA X 100 BLANCO,ANILLO DOBLE O,1,43000,351
122088,2024,Marzo,3,DOBLE O CARTA 2.1   14 MM  CAJA X 100 NEGRO,ANILLO DOBLE O,22,817000,191
122089,2024,Marzo,3,DOBLE O CARTA 2.1   16 MM  CAJA X 50 BLANCO,ANILLO DOBLE O,32,832000,609
122090,2024,Marzo,3,DOBLE O CARTA 2.1   16 MM  CAJA X 50 NEGRO,ANILLO DOBLE O,37,858000,222
122091,2024,Marzo,3,DOBLE O CARTA 2.1   19 MM  CAJA X 50 BLANCO,ANILLO DOBLE O,31,980000,284
122112,2024,Marzo,3,DOBLE O CARTA 2.1   19 MM  CAJA X 50 BRONCE,ANILLO DOBLE O,0,0,177
122092,2024,Marzo,3,DOBLE O CARTA 2.1   19 MM  CAJA X 50 NEGRO,ANILLO DOBLE O,86,2730000,60
122093,2024,Marzo,3,DOBLE O CARTA 2.1   22 MM  CAJA X 50 BLANCO,ANILLO DOBLE O,12,516000,240
122094,2024,Marzo,3,DOBLE O CARTA 2.1   22 MM  CAJA X 50 NEGRO,ANILLO DOBLE O,10,365500,377
122095,2024,Marzo,3,DOBLE O CARTA 2.1   25 MM  CAJA X 50 BLANCO,ANILLO DOBLE O,0,0,287
122096,2024,Marzo,3,DOBLE O CARTA 2.1   25 MM  CAJA X 50 NEGRO,ANILLO DOBLE O,43,1875000,77
122097,2024,Marzo,3,DOBLE O CARTA 2.1   28 MM  CAJA X 30 BLANCO,ANILLO DOBLE O,1,55000,366
122098,2024,Marzo,3,DOBLE O CARTA 2.1   28 MM  CAJA X 30 NEGRO,ANILLO DOBLE O,0,0,348
122099,2024,Marzo,3,DOBLE O CARTA 2.1   32 MM  CAJA X 30 BLANCO,ANILLO DOBLE O,4,252000,445
122100,2024,Marzo,3,DOBLE O CARTA 2.1   32 MM  CAJA X 30 NEGRO,ANILLO DOBLE O,10,567000,84
122101,2024,Marzo,3,DOBLE O CARTA 3.1    8 MM   CAJA X 100 BLANCO,ANILLO DOBLE O,0,0,638
122102,2024,Marzo,3,DOBLE O CARTA 3.1    8 MM  CAJA X 100 NEGRO,ANILLO DOBLE O,1,23000,441
122103,2024,Marzo,3,DOBLE O CARTA 3.1    9 MM  CAJA X 100 BLANCO,ANILLO DOBLE O,0,0,518
122104,2024,Marzo,3,DOBLE O CARTA 3.1    9 MM  CAJA X 100 NEGRO,ANILLO DOBLE O,21,450000,185
122105,2024,Marzo,3,DOBLE O CARTA 3.1   11 MM  CAJA X 100 BLANCO,ANILLO DOBLE O,10,300000,411
122106,2024,Marzo,3,DOBLE O CARTA 3.1   11 MM  CAJA X 100 NEGRO,ANILLO DOBLE O,0,0,203
122108,2024,Marzo,3,DOBLE O CARTA 3.1   12 MM  CAJA X 100 BLANCO,ANILLO DOBLE O,0,0,703
122107,2024,Marzo,3,DOBLE O CARTA 3.1   12 MM  CAJA X 100 NEGRO,ANILLO DOBLE O,5,185000,358
122109,2024,Marzo,3,DOBLE O CARTA 3.1   12 MM  CAJA X 100 PLATA,ANILLO DOBLE O,0,0,160
122110,2024,Marzo,3,DOBLE O CARTA 3.1   14 MM  CAJA X 100 BLANCO,ANILLO DOBLE O,0,0,359
122111,2024,Marzo,3,DOBLE O CARTA 3.1   14 MM  CAJA X 100 NEGRO,ANILLO DOBLE O,25,946000,281
112031,2024,Marzo,3,FOIL S1 (101) 640 MM X 120 MT 12 MIC DORADO,LAMINACION,0,0,0
112032,2024,Marzo,3,FOIL S1 (120) 640 MM X 120 MT 12 MIC PLATA,LAMINACION,0,0,0
112033,2024,Marzo,3,FOIL S2 (101) 640 MM X 120 MT 12 MIC DORADO,LAMINACION,0,0,0
112034,2024,Marzo,3,FOIL S2 (120) 640 MM X 120 MT 12 MIC PLATA,LAMINACION,0,0,0
112036,2024,Marzo,3,FOIL S4 (S15) 640 MM X 120 MT 12 MIC PLATA HOLOGRAFICO,LAMINACION,0,0,0
112035,2024,Marzo,3,FOIL S4 (SA18) 640 MM X 120 MT 12 MIC DORADO HOLOGRAFICO,LAMINACION,0,0,0
111001,2024,Marzo,3,ROLLO 113 MM X 60 MTS 175 MICRAS,LAMINACION,4,116000,597
111002,2024,Marzo,3,ROLLO 113 MM X 60 MTS 250 MICRAS,LAMINACION,6,234000,210
111003,2024,Marzo,3,ROLLO 226 MM X 60 MTS 125 MICRAS,LAMINACION,17,714000,229
111004,2024,Marzo,3,ROLLO 226 MM X 60 MTS 175 MICRAS,LAMINACION,0,0,0
111005,2024,Marzo,3,ROLLO 226 MM X 60 MTS 250 MICRAS,LAMINACION,14,1106000,133
111007,2024,Marzo,3,ROLLO 300 MM X 60 MTS 125 MICRAS,LAMINACION,31,1736000,69
111008,2024,Marzo,3,ROLLO 300 MM X 60 MTS 250 MICRAS,LAMINACION,33,3129000,64
111018,2024,Marzo,3,ROLLO 350 MM X 60 MTS 250 MICRAS,LAMINACION,2,240000,250
111010,2024,Marzo,3,ROLLO 375 MM X 60 MTS 125 MICRAS,LAMINACION,34,2312000,138
111013,2024,Marzo,3,ROLLO 375 MM X 75 MTS 75 MICRAS MATTE,PLASTIFICACION,0,0,120
111019,2024,Marzo,3,ROLLO 540 MM X 60 MTS 125 MICRAS,PLASTIFICACION,48,4704000,0
111020,2024,Marzo,3,ROLLO 540 MM X 60 MTS 175 MICRAS,PLASTIFICACION,12,1680000,16
111016,2024,Marzo,3,ROLLO 680 MM X 60 MTS 125 MICRAS BRILLANTE,PLASTIFICACION,0,0,1
112001,2024,Marzo,3,ROLLO BOPP BRILLANTE 250 MM X 4000 MT 18 MIC,PLASTIFICACION,7,1971900,48
112002,2024,Marzo,3,ROLLO BOPP BRILLANTE 300 MM X 4000 MT 18 MIC,PLASTIFICACION,10,3254165,133
112003,2024,Marzo,3,ROLLO BOPP BRILLANTE 330 MM X 200 MT 23 MIC,PLASTIFICACION,27,1566000,650
112006,2024,Marzo,3,ROLLO BOPP BRILLANTE 345 MM X 4000 MT 18 MIC,PLASTIFICACION,17,6328660,53
112026,2024,Marzo,3,ROLLO BOPP BRILLANTE 400 MM X 4000 MT 18 MIC,PLASTIFICACION,5,2171585,61
112007,2024,Marzo,3,ROLLO BOPP BRILLANTE 445 MM X 4000 MT 18 MIC,PLASTIFICACION,7,3528225,52
112008,2024,Marzo,3,ROLLO BOPP BRILLANTE 495 MM X 4000 MT 18 MIC,PLASTIFICACION,13,7285760,1
112028,2024,Marzo,3,ROLLO BOPP BRILLANTE 595 MM X 4000 MT 18 MIC,PLASTIFICACION,0,0,3
112009,2024,Marzo,3,ROLLO BOPP BRILLANTE 695 MM X 4000 MT 18 MIC,PLASTIFICACION,5,2924550,52
112024,2024,Marzo,3,ROLLO BOPP MATE 200 MM X 4000 MT 18 MIC,PLASTIFICACION,8,1509160,49
112010,2024,Marzo,3,ROLLO BOPP MATE 250 MM X 4000 MT 18 MIC,PLASTIFICACION,24,5914070,45
112011,2024,Marzo,3,ROLLO BOPP MATE 300 MM X 4000 MT 18 MIC,PLASTIFICACION,21,6142450,48
112012,2024,Marzo,3,ROLLO BOPP MATE 330 MM X 200 MT 23 MIC,PLASTIFICACION,14,812000,611
112021,2024,Marzo,3,ROLLO BOPP MATE 330 MM X 4000 MT 18 MIC,PLASTIFICACION,15,4861240,3
112013,2024,Marzo,3,ROLLO BOPP MATE 330 MM X 500 MT 22 MIC,PLASTIFICACION,3,450000,179
112015,2024,Marzo,3,ROLLO BOPP MATE 345 MM X 4000 MT 18 MIC,PLASTIFICACION,6,2087000,1
112025,2024,Marzo,3,ROLLO BOPP MATE 400 MM X 4000 MT 18 MIC,PLASTIFICACION,9,3664400,40
112016,2024,Marzo,3,ROLLO BOPP MATE 445 MM X 4000 MT 18 MIC,PLASTIFICACION,21,9533705,2
112017,2024,Marzo,3,ROLLO BOPP MATE 495 MM X 4000 MT 18 MIC,PLASTIFICACION,63,31090796,3
112018,2024,Marzo,3,ROLLO BOPP MATE 595 MM X 4000 MT 18 MIC,ANILLO DOBLE O,0,0,1
112019,2024,Marzo,3,ROLLO BOPP MATE 695 MM X 4000 MT 18 MIC,ANILLO DOBLE O,1,481950,0
112020,2024,Marzo,3,ROLLO HOLOGRAFICO 495 MM X 1500 MT 24 MIC,ANILLO DOBLE O,0,0,0
112022,2024,Marzo,3,ROLLO METALIZADO DORADO 495 MM X 1000 MT 22 MIC,ANILLO DOBLE O,0,0,0
112023,2024,Marzo,3,ROLLO METALIZADO PLATA 495 MM X 1000 MT 22 MIC,ANILLO DOBLE O,0,0,0
112027,2024,Marzo,3,ROLLO PIEL DURAZNO 495 MM X 200 MT 28 MIC,ANILLO DOBLE O,0,0,0
112005,2024,Marzo,3,ROLLO SUPERBONDING BRILLANTE 330 MM X 500 MT 30 MIC,ANILLO DOBLE O,0,0,59
122041,2024,Marzo,3,TIRA 2.1 X 64 LOOPS  12MM CAJA X 540 BLANCO,ANILLO DOBLE O,0,0,80
122042,2024,Marzo,3,TIRA 2.1 X 64 LOOPS  12MM CAJA X 540 NEGRO,ANILLO DOBLE O,0,0,3
122043,2024,Marzo,3,TIRA 2.1 X 64 LOOPS  12MM CAJA X 540 PLATA,ANILLO DOBLE O,1,498000,59
122044,2024,Marzo,3,TIRA 2.1 X 64 LOOPS  14MM CAJA X 384 BLANCO,ANILLO DOBLE O,4,1583400,7
122045,2024,Marzo,3,TIRA 2.1 X 64 LOOPS  14MM CAJA X 384 NEGRO,ANILLO DOBLE O,2,812000,4
122046,2024,Marzo,3,TIRA 2.1 X 64 LOOPS  14MM CAJA X 384 PLATA,ANILLO DOBLE O,0,0,26
122047,2024,Marzo,3,TIRA 2.1 X 64 LOOPS  16MM CAJA X 308 BLANCO,ANILLO DOBLE O,13,5040000,130
122048,2024,Marzo,3,TIRA 2.1 X 64 LOOPS  16MM CAJA X 308 BRONCE,ANILLO DOBLE O,0,0,54
122049,2024,Marzo,3,TIRA 2.1 X 64 LOOPS  16MM CAJA X 308 NEGRO,ANILLO DOBLE O,2,810000,194
122050,2024,Marzo,3,TIRA 2.1 X 64 LOOPS  16MM CAJA X 308 PLATA,ANILLO DOBLE O,1,460000,24
122051,2024,Marzo,3,TIRA 2.1 X 64 LOOPS  19MM CAJA X 252 BLANCO,ANILLO DOBLE O,8,3510000,47
122052,2024,Marzo,3,TIRA 2.1 X 64 LOOPS  19MM CAJA X 252 BRONCE,ANILLO DOBLE O,4,1958040,15
122053,2024,Marzo,3,TIRA 2.1 X 64 LOOPS  19MM CAJA X 252 NEGRO,ANILLO DOBLE O,20,8560000,81
122054,2024,Marzo,3,TIRA 2.1 X 64 LOOPS  19MM CAJA X 252 PLATA,ANILLO DOBLE O,0,0,1
122055,2024,Marzo,3,TIRA 2.1 X 64 LOOPS  22MM CAJA X 192 BLANCO,ANILLO DOBLE O,1,435000,65
122056,2024,Marzo,3,TIRA 2.1 X 64 LOOPS  22MM CAJA X 192 BRONCE,ANILLO DOBLE O,0,0,3
122057,2024,Marzo,3,TIRA 2.1 X 64 LOOPS  22MM CAJA X 192 NEGRO,ANILLO DOBLE O,1,435000,42
122058,2024,Marzo,3,TIRA 2.1 X 64 LOOPS  22MM CAJA X 192 PLATA,ANILLO DOBLE O,0,0,29
122059,2024,Marzo,3,TIRA 2.1 X 64 LOOPS  25MM CAJA X 140 BLANCO,ANILLO DOBLE O,0,0,77
122077,2024,Marzo,3,TIRA 2.1 X 64 LOOPS  25MM CAJA X 140 BRONCE,ANILLO DOBLE O,0,0,0
122060,2024,Marzo,3,TIRA 2.1 X 64 LOOPS  25MM CAJA X 140 NEGRO,ANILLO DOBLE O,0,0,54
122061,2024,Marzo,3,TIRA 2.1 X 64 LOOPS  25MM CAJA X 140 PLATA,ANILLO DOBLE O,0,0,12
122062,2024,Marzo,3,TIRA 2.1 X 64 LOOPS  28MM CAJA X 96 BLANCO,ANILLO DOBLE O,0,0,62
122063,2024,Marzo,3,TIRA 2.1 X 64 LOOPS  28MM CAJA X 96 NEGRO,ANILLO DOBLE O,0,0,43
122064,2024,Marzo,3,TIRA 2.1 X 64 LOOPS  28MM CAJA X 96 PLATA,ANILLO DOBLE O,0,0,31
122065,2024,Marzo,3,TIRA 2.1 X 64 LOOPS  32MM CAJA X 96 BLANCO,ANILLO DOBLE O,11,4660000,54
122066,2024,Marzo,3,TIRA 2.1 X 64 LOOPS  32MM CAJA X 96 NEGRO,ANILLO DOBLE O,0,0,58
131008,2024,Marzo,3,VARILLA MEDIA LUNA  10 CM X 100 BLANCO,ANILLO DOBLE O,0,0,2163
131007,2024,Marzo,3,VARILLA MEDIA LUNA  10 CM X 100 NEGRO,ANILLO DOBLE O,0,0,1053
131010,2024,Marzo,3,VARILLA MEDIA LUNA  15 CM X 100 BLANCO,ANILLO DOBLE O,0,0,885
131009,2024,Marzo,3,VARILLA MEDIA LUNA  15 CM X 100 NEGRO,ANILLO DOBLE O,0,0,513
131033,2024,Marzo,3,VARILLA MEDIA LUNA  20 CM X 100 BLANCO,ANILLO DOBLE O,1,21008,15
131034,2024,Marzo,3,VARILLA MEDIA LUNA  20 CM X 100 NEGRO,ANILLO DOBLE O,0,0,352
131018,2024,Marzo,3,YOYO ORIGINAL CAJA X 50 AZUL,VARIOS,0,0,1247
131019,2024,Marzo,3,YOYO ORIGINAL CAJA X 50 BLANCO,VARIOS,4,261000,2079
131020,2024,Marzo,3,YOYO ORIGINAL CAJA X 50 NEGRO,VARIOS,4,243800,1006
131021,2024,Marzo,3,YOYO ORIGINAL CAJA X 50 ROJO,VARIOS,5,326250,107
131022,2024,Marzo,3,YOYO ORIGINAL CAJA X 50 VERDE,VARIOS,0,0,235
131012,2024,Abril,4,ACETATOS CARTA PAQ X 50,VARIOS,361,3210000,835
113001,2024,Abril,4,BOLSILLO CARNET 60 X 90 MM 175 MIC CAJA X 100,LAMINACION,341,1400000,0
113005,2024,Abril,4,BOLSILLO CARTA 225MM X 288MM 125 MIC CAJA X 100,LAMINACION,1667,59016750,5498
113006,2024,Abril,4,BOLSILLO CARTA 225MM X 288MM 175 MIC CAJA X 100,LAMINACION,234,10404000,825
113007,2024,Abril,4,BOLSILLO CARTA 225MM X 288MM 250 MIC CAJA X 50,LAMINACION,244,9942500,1930
113002,2024,Abril,4,BOLSILLO CEDULA 70 X 100 MM 175 MIC CAJA X 100,LAMINACION,856,4849000,6714
113008,2024,Abril,4,BOLSILLO OFICIO 225MM X 337MM 125 MIC CAJA X 100,LAMINACION,445,17415000,635
113003,2024,Abril,4,BOLSILLO TARJETA PROPIEDAD 80 X 110 MM 175 MIC CAJA X 100,LAMINACION,237,1662300,4948
121009,2024,Abril,4,CARATULA CARTA GRAIN PAQ X 50 AZUL,CARATULA,1,12500,3153
121010,2024,Abril,4,CARATULA CARTA GRAIN PAQ X 50 NEGRO,CARATULA,76,931400,2277
121034,2024,Abril,4,CARATULA CARTA STRIPE PAQ X 50 AMARILLO,CARATULA,40,500500,1721
121017,2024,Abril,4,CARATULA CARTA STRIPE PAQ X 50 AZUL T-1,CARATULA,92,1121000,2416
121018,2024,Abril,4,CARATULA CARTA STRIPE PAQ X 50 AZUL T-2,CARATULA,94,1135000,763
121019,2024,Abril,4,CARATULA CARTA STRIPE PAQ X 50 HUMO,CARATULA,104,1252000,2549
121020,2024,Abril,4,CARATULA CARTA STRIPE PAQ X 50 LILA,CARATULA,33,397000,1752
121021,2024,Abril,4,CARATULA CARTA STRIPE PAQ X 50 NARANJA,CARATULA,47,558000,2367
121022,2024,Abril,4,CARATULA CARTA STRIPE PAQ X 50 ROJO,CARATULA,49,593500,2323
121023,2024,Abril,4,CARATULA CARTA STRIPE PAQ X 50 TRANSPARENTE,CARATULA,1393,16520500,9629
121024,2024,Abril,4,CARATULA CARTA STRIPE PAQ X 50 VERDE T-1,CARATULA,48,582500,875
121025,2024,Abril,4,CARATULA CARTA STRIPE PAQ X 50 VERDE T-2,CARATULA,59,707000,4056
121032,2024,Abril,4,CARATULA LEGAL STRIPE PAQ X 50 TRANSPARENTE,CARATULA,2,140000,854
121030,2024,Abril,4,CARATULA OFICIO STRIPE PAQ X 50 TRANSPARENTE,CARATULA,287,3568000,1530
121031,2024,Abril,4,CARATULA OFICIO STRIPE PAQ X 50 VERDE T-2,CARATULA,0,0,0
122009,2024,Abril,4,CARRETE  2.1   16 MM X 10500 LOOPS BLANCO,ANILLO DOBLE O,1,280000,35
122010,2024,Abril,4,CARRETE  2.1   16 MM X 10500 LOOPS NEGRO,ANILLO DOBLE O,1,280000,31
122011,2024,Abril,4,CARRETE  2.1   16 MM X 10500 LOOPS PLATA,ANILLO DOBLE O,0,0,12
122013,2024,Abril,4,CARRETE  2.1   19 MM X 7000 LOOPS BLANCO,ANILLO DOBLE O,19,4550000,17
122016,2024,Abril,4,CARRETE  2.1   19 MM X 7000 LOOPS BRONCE,ANILLO DOBLE O,0,0,25
122014,2024,Abril,4,CARRETE  2.1   19 MM X 7000 LOOPS NEGRO,ANILLO DOBLE O,0,0,24
122015,2024,Abril,4,CARRETE  2.1   19 MM X 7000 LOOPS PLATA,ANILLO DOBLE O,0,0,22
122017,2024,Abril,4,CARRETE  3.1    8 MM X 60000 LOOPS BLANCO,ANILLO DOBLE O,0,0,91
122018,2024,Abril,4,CARRETE  3.1    8 MM X 60000 LOOPS NEGRO,ANILLO DOBLE O,7,2933000,69
122019,2024,Abril,4,CARRETE  3.1    8 MM X 60000 LOOPS PLATA,ANILLO DOBLE O,0,0,10
122020,2024,Abril,4,CARRETE  3.1    9 MM X 43000 LOOPS BLANCO,ANILLO DOBLE O,8,2840000,110
122021,2024,Abril,4,CARRETE  3.1    9 MM X 43000 LOOPS BRONCE,ANILLO DOBLE O,0,0,34
122022,2024,Abril,4,CARRETE  3.1    9 MM X 43000 LOOPS NEGRO,ANILLO DOBLE O,2,639000,98
122023,2024,Abril,4,CARRETE  3.1    9 MM X 43000 LOOPS PLATA,ANILLO DOBLE O,0,0,34
122024,2024,Abril,4,CARRETE  3.1   11 MM X 32000 LOOPS BLANCO,ANILLO DOBLE O,7,2491600,15
122025,2024,Abril,4,CARRETE  3.1   11 MM X 32000 LOOPS NEGRO,ANILLO DOBLE O,3,1027600,20
122026,2024,Abril,4,CARRETE  3.1   12 MM X 24000 LOOPS BLANCO,ANILLO DOBLE O,6,1738500,18
122027,2024,Abril,4,CARRETE  3.1   12 MM X 24000 LOOPS NEGRO,ANILLO DOBLE O,0,0,24
122028,2024,Abril,4,CARRETE  3.1   12 MM X 24000 LOOPS PLATA,ANILLO DOBLE O,0,0,24
122029,2024,Abril,4,CARRETE  3.1   14 MM X 19300 LOOPS BLANCO,ANILLO DOBLE O,3,866700,21
122030,2024,Abril,4,CARRETE  3.1   14 MM X 19300 LOOPS NEGRO,ANILLO DOBLE O,0,0,14
122031,2024,Abril,4,CARRETE  3.1   14 MM X 19300 LOOPS PLATA,ANILLO DOBLE O,0,0,6
122081,2024,Abril,4,DOBLE O CARTA 2.1    8 MM  CAJA X 100 BLANCO,ANILLO DOBLE O,0,0,444
122082,2024,Abril,4,DOBLE O CARTA 2.1    8 MM  CAJA X 100 NEGRO,ANILLO DOBLE O,4,92000,207
122083,2024,Abril,4,DOBLE O CARTA 2.1    9 MM  CAJA X 100 BLANCO,ANILLO DOBLE O,10,250000,480
122084,2024,Abril,4,DOBLE O CARTA 2.1    9 MM  CAJA X 100 NEGRO,ANILLO DOBLE O,24,600000,311
122085,2024,Abril,4,DOBLE O CARTA 2.1   12 MM  CAJA X 100 BLANCO,ANILLO DOBLE O,12,408000,223
122086,2024,Abril,4,DOBLE O CARTA 2.1   12 MM  CAJA X 100 NEGRO,ANILLO DOBLE O,2,68000,265
122087,2024,Abril,4,DOBLE O CARTA 2.1   14 MM  CAJA X 100 BLANCO,ANILLO DOBLE O,1,43000,350
122088,2024,Abril,4,DOBLE O CARTA 2.1   14 MM  CAJA X 100 NEGRO,ANILLO DOBLE O,3,116100,188
122089,2024,Abril,4,DOBLE O CARTA 2.1   16 MM  CAJA X 50 BLANCO,ANILLO DOBLE O,23,598000,586
122090,2024,Abril,4,DOBLE O CARTA 2.1   16 MM  CAJA X 50 NEGRO,ANILLO DOBLE O,35,832000,187
122091,2024,Abril,4,DOBLE O CARTA 2.1   19 MM  CAJA X 50 BLANCO,ANILLO DOBLE O,33,1155000,251
122112,2024,Abril,4,DOBLE O CARTA 2.1   19 MM  CAJA X 50 BRONCE,ANILLO DOBLE O,8,280000,169
122092,2024,Abril,4,DOBLE O CARTA 2.1   19 MM  CAJA X 50 NEGRO,ANILLO DOBLE O,42,1365000,18
122093,2024,Abril,4,DOBLE O CARTA 2.1   22 MM  CAJA X 50 BLANCO,ANILLO DOBLE O,31,1204000,209
122094,2024,Abril,4,DOBLE O CARTA 2.1   22 MM  CAJA X 50 NEGRO,ANILLO DOBLE O,1,43000,376
122095,2024,Abril,4,DOBLE O CARTA 2.1   25 MM  CAJA X 50 BLANCO,ANILLO DOBLE O,2,100000,285
122096,2024,Abril,4,DOBLE O CARTA 2.1   25 MM  CAJA X 50 NEGRO,ANILLO DOBLE O,6,285000,71
122097,2024,Abril,4,DOBLE O CARTA 2.1   28 MM  CAJA X 30 BLANCO,ANILLO DOBLE O,2,110000,364
122098,2024,Abril,4,DOBLE O CARTA 2.1   28 MM  CAJA X 30 NEGRO,ANILLO DOBLE O,1,55000,347
122099,2024,Abril,4,DOBLE O CARTA 2.1   32 MM  CAJA X 30 BLANCO,ANILLO DOBLE O,2,126000,443
122100,2024,Abril,4,DOBLE O CARTA 2.1   32 MM  CAJA X 30 NEGRO,ANILLO DOBLE O,1,63000,83
122101,2024,Abril,4,DOBLE O CARTA 3.1    8 MM   CAJA X 100 BLANCO,ANILLO DOBLE O,0,0,638
122102,2024,Abril,4,DOBLE O CARTA 3.1    8 MM  CAJA X 100 NEGRO,ANILLO DOBLE O,1,23000,440
122103,2024,Abril,4,DOBLE O CARTA 3.1    9 MM  CAJA X 100 BLANCO,ANILLO DOBLE O,9,225000,509
122104,2024,Abril,4,DOBLE O CARTA 3.1    9 MM  CAJA X 100 NEGRO,ANILLO DOBLE O,0,0,185
122105,2024,Abril,4,DOBLE O CARTA 3.1   11 MM  CAJA X 100 BLANCO,ANILLO DOBLE O,1,30000,410
122106,2024,Abril,4,DOBLE O CARTA 3.1   11 MM  CAJA X 100 NEGRO,ANILLO DOBLE O,1,30000,202
122108,2024,Abril,4,DOBLE O CARTA 3.1   12 MM  CAJA X 100 BLANCO,ANILLO DOBLE O,4,148000,699
122107,2024,Abril,4,DOBLE O CARTA 3.1   12 MM  CAJA X 100 NEGRO,ANILLO DOBLE O,7,259000,351
122109,2024,Abril,4,DOBLE O CARTA 3.1   12 MM  CAJA X 100 PLATA,ANILLO DOBLE O,0,0,160
122110,2024,Abril,4,DOBLE O CARTA 3.1   14 MM  CAJA X 100 BLANCO,ANILLO DOBLE O,0,0,359
122111,2024,Abril,4,DOBLE O CARTA 3.1   14 MM  CAJA X 100 NEGRO,ANILLO DOBLE O,0,0,281
112031,2024,Abril,4,FOIL S1 (101) 640 MM X 120 MT 12 MIC DORADO,LAMINACION,0,0,120
112032,2024,Abril,4,FOIL S1 (120) 640 MM X 120 MT 12 MIC PLATA,LAMINACION,0,0,120
112033,2024,Abril,4,FOIL S2 (101) 640 MM X 120 MT 12 MIC DORADO,LAMINACION,0,0,50
112034,2024,Abril,4,FOIL S2 (120) 640 MM X 120 MT 12 MIC PLATA,LAMINACION,0,0,50
112036,2024,Abril,4,FOIL S4 (S15) 640 MM X 120 MT 12 MIC PLATA HOLOGRAFICO,LAMINACION,0,0,80
112035,2024,Abril,4,FOIL S4 (SA18) 640 MM X 120 MT 12 MIC DORADO HOLOGRAFICO,LAMINACION,0,0,80
111001,2024,Abril,4,ROLLO 113 MM X 60 MTS 175 MICRAS,LAMINACION,96,2784000,501
111002,2024,Abril,4,ROLLO 113 MM X 60 MTS 250 MICRAS,LAMINACION,38,1482000,172
111003,2024,Abril,4,ROLLO 226 MM X 60 MTS 125 MICRAS,LAMINACION,229,8005200,0
111004,2024,Abril,4,ROLLO 226 MM X 60 MTS 175 MICRAS,LAMINACION,0,0,0
111005,2024,Abril,4,ROLLO 226 MM X 60 MTS 250 MICRAS,LAMINACION,0,0,133
111007,2024,Abril,4,ROLLO 300 MM X 60 MTS 125 MICRAS,LAMINACION,69,3864000,0
111008,2024,Abril,4,ROLLO 300 MM X 60 MTS 250 MICRAS,LAMINACION,2,210000,62
111018,2024,Abril,4,ROLLO 350 MM X 60 MTS 250 MICRAS,LAMINACION,16,1920000,234
111010,2024,Abril,4,ROLLO 375 MM X 60 MTS 125 MICRAS,LAMINACION,138,9384000,0
111013,2024,Abril,4,ROLLO 375 MM X 75 MTS 75 MICRAS MATTE,PLASTIFICACION,0,0,120
111019,2024,Abril,4,ROLLO 540 MM X 60 MTS 125 MICRAS,PLASTIFICACION,0,0,0
111020,2024,Abril,4,ROLLO 540 MM X 60 MTS 175 MICRAS,PLASTIFICACION,16,2240000,0
111016,2024,Abril,4,ROLLO 680 MM X 60 MTS 125 MICRAS BRILLANTE,PLASTIFICACION,0,0,1
112001,2024,Abril,4,ROLLO BOPP BRILLANTE 250 MM X 4000 MT 18 MIC,PLASTIFICACION,8,2125550,90
112002,2024,Abril,4,ROLLO BOPP BRILLANTE 300 MM X 4000 MT 18 MIC,PLASTIFICACION,13,4115540,120
112003,2024,Abril,4,ROLLO BOPP BRILLANTE 330 MM X 200 MT 23 MIC,PLASTIFICACION,43,2418000,607
112006,2024,Abril,4,ROLLO BOPP BRILLANTE 345 MM X 4000 MT 18 MIC,PLASTIFICACION,28,10104020,75
112026,2024,Abril,4,ROLLO BOPP BRILLANTE 400 MM X 4000 MT 18 MIC,PLASTIFICACION,7,3029900,54
112007,2024,Abril,4,ROLLO BOPP BRILLANTE 445 MM X 4000 MT 18 MIC,PLASTIFICACION,16,7791165,36
112008,2024,Abril,4,ROLLO BOPP BRILLANTE 495 MM X 4000 MT 18 MIC,PLASTIFICACION,62,32133975,69
112028,2024,Abril,4,ROLLO BOPP BRILLANTE 595 MM X 4000 MT 18 MIC,PLASTIFICACION,2,966140,19
112009,2024,Abril,4,ROLLO BOPP BRILLANTE 695 MM X 4000 MT 18 MIC,PLASTIFICACION,12,6999104,40
112024,2024,Abril,4,ROLLO BOPP MATE 200 MM X 4000 MT 18 MIC,PLASTIFICACION,7,1293140,42
112010,2024,Abril,4,ROLLO BOPP MATE 250 MM X 4000 MT 18 MIC,PLASTIFICACION,19,4809115,27
112011,2024,Abril,4,ROLLO BOPP MATE 300 MM X 4000 MT 18 MIC,PLASTIFICACION,27,8131535,71
112012,2024,Abril,4,ROLLO BOPP MATE 330 MM X 200 MT 23 MIC,PLASTIFICACION,44,2469000,567
112021,2024,Abril,4,ROLLO BOPP MATE 330 MM X 4000 MT 18 MIC,PLASTIFICACION,2,617760,1
112013,2024,Abril,4,ROLLO BOPP MATE 330 MM X 500 MT 22 MIC,PLASTIFICACION,1,150000,178
112015,2024,Abril,4,ROLLO BOPP MATE 345 MM X 4000 MT 18 MIC,PLASTIFICACION,33,12167480,18
112025,2024,Abril,4,ROLLO BOPP MATE 400 MM X 4000 MT 18 MIC,PLASTIFICACION,12,4826750,28
112016,2024,Abril,4,ROLLO BOPP MATE 445 MM X 4000 MT 18 MIC,PLASTIFICACION,2,867870,0
112017,2024,Abril,4,ROLLO BOPP MATE 495 MM X 4000 MT 18 MIC,PLASTIFICACION,75,39033570,158
112018,2024,Abril,4,ROLLO BOPP MATE 595 MM X 4000 MT 18 MIC,ANILLO DOBLE O,5,2316040,14
112019,2024,Abril,4,ROLLO BOPP MATE 695 MM X 4000 MT 18 MIC,ANILLO DOBLE O,27,14417550,17
112020,2024,Abril,4,ROLLO HOLOGRAFICO 495 MM X 1500 MT 24 MIC,ANILLO DOBLE O,2,933300,214
112022,2024,Abril,4,ROLLO METALIZADO DORADO 495 MM X 1000 MT 22 MIC,ANILLO DOBLE O,0,0,100
112023,2024,Abril,4,ROLLO METALIZADO PLATA 495 MM X 1000 MT 22 MIC,ANILLO DOBLE O,0,0,120
112027,2024,Abril,4,ROLLO PIEL DURAZNO 495 MM X 200 MT 28 MIC,ANILLO DOBLE O,2,338067,97
112005,2024,Abril,4,ROLLO SUPERBONDING BRILLANTE 330 MM X 500 MT 30 MIC,ANILLO DOBLE O,0,0,59
122041,2024,Abril,4,TIRA 2.1 X 64 LOOPS  12MM CAJA X 540 BLANCO,ANILLO DOBLE O,6,2338200,74
122042,2024,Abril,4,TIRA 2.1 X 64 LOOPS  12MM CAJA X 540 NEGRO,ANILLO DOBLE O,10,4026900,73
122043,2024,Abril,4,TIRA 2.1 X 64 LOOPS  12MM CAJA X 540 PLATA,ANILLO DOBLE O,0,0,59
122044,2024,Abril,4,TIRA 2.1 X 64 LOOPS  14MM CAJA X 384 BLANCO,ANILLO DOBLE O,1,406000,6
122045,2024,Abril,4,TIRA 2.1 X 64 LOOPS  14MM CAJA X 384 NEGRO,ANILLO DOBLE O,0,0,64
122046,2024,Abril,4,TIRA 2.1 X 64 LOOPS  14MM CAJA X 384 PLATA,ANILLO DOBLE O,0,0,26
122047,2024,Abril,4,TIRA 2.1 X 64 LOOPS  16MM CAJA X 308 BLANCO,ANILLO DOBLE O,18,7100000,112
122048,2024,Abril,4,TIRA 2.1 X 64 LOOPS  16MM CAJA X 308 BRONCE,ANILLO DOBLE O,1,460000,53
122049,2024,Abril,4,TIRA 2.1 X 64 LOOPS  16MM CAJA X 308 NEGRO,ANILLO DOBLE O,4,1600000,190
122050,2024,Abril,4,TIRA 2.1 X 64 LOOPS  16MM CAJA X 308 PLATA,ANILLO DOBLE O,4,1637600,20
122051,2024,Abril,4,TIRA 2.1 X 64 LOOPS  19MM CAJA X 252 BLANCO,ANILLO DOBLE O,24,10192500,23
122052,2024,Abril,4,TIRA 2.1 X 64 LOOPS  19MM CAJA X 252 BRONCE,ANILLO DOBLE O,0,0,35
122053,2024,Abril,4,TIRA 2.1 X 64 LOOPS  19MM CAJA X 252 NEGRO,ANILLO DOBLE O,2,810000,79
122054,2024,Abril,4,TIRA 2.1 X 64 LOOPS  19MM CAJA X 252 PLATA,ANILLO DOBLE O,0,0,41
122055,2024,Abril,4,TIRA 2.1 X 64 LOOPS  22MM CAJA X 192 BLANCO,ANILLO DOBLE O,27,11179500,38
122056,2024,Abril,4,TIRA 2.1 X 64 LOOPS  22MM CAJA X 192 BRONCE,ANILLO DOBLE O,0,0,3
122057,2024,Abril,4,TIRA 2.1 X 64 LOOPS  22MM CAJA X 192 NEGRO,ANILLO DOBLE O,0,0,42
122058,2024,Abril,4,TIRA 2.1 X 64 LOOPS  22MM CAJA X 192 PLATA,ANILLO DOBLE O,0,0,29
122059,2024,Abril,4,TIRA 2.1 X 64 LOOPS  25MM CAJA X 140 BLANCO,ANILLO DOBLE O,0,0,77
122077,2024,Abril,4,TIRA 2.1 X 64 LOOPS  25MM CAJA X 140 BRONCE,ANILLO DOBLE O,0,0,0
122060,2024,Abril,4,TIRA 2.1 X 64 LOOPS  25MM CAJA X 140 NEGRO,ANILLO DOBLE O,0,0,54
122061,2024,Abril,4,TIRA 2.1 X 64 LOOPS  25MM CAJA X 140 PLATA,ANILLO DOBLE O,0,0,12
122062,2024,Abril,4,TIRA 2.1 X 64 LOOPS  28MM CAJA X 96 BLANCO,ANILLO DOBLE O,1,422000,61
122063,2024,Abril,4,TIRA 2.1 X 64 LOOPS  28MM CAJA X 96 NEGRO,ANILLO DOBLE O,0,0,43
122064,2024,Abril,4,TIRA 2.1 X 64 LOOPS  28MM CAJA X 96 PLATA,ANILLO DOBLE O,0,0,31
122065,2024,Abril,4,TIRA 2.1 X 64 LOOPS  32MM CAJA X 96 BLANCO,ANILLO DOBLE O,0,0,54
122066,2024,Abril,4,TIRA 2.1 X 64 LOOPS  32MM CAJA X 96 NEGRO,ANILLO DOBLE O,0,0,58
131008,2024,Abril,4,VARILLA MEDIA LUNA  10 CM X 100 BLANCO,ANILLO DOBLE O,0,0,2163
131007,2024,Abril,4,VARILLA MEDIA LUNA  10 CM X 100 NEGRO,ANILLO DOBLE O,0,0,1053
131010,2024,Abril,4,VARILLA MEDIA LUNA  15 CM X 100 BLANCO,ANILLO DOBLE O,0,0,885
131009,2024,Abril,4,VARILLA MEDIA LUNA  15 CM X 100 NEGRO,ANILLO DOBLE O,0,0,513
131033,2024,Abril,4,VARILLA MEDIA LUNA  20 CM X 100 BLANCO,ANILLO DOBLE O,0,0,15
131034,2024,Abril,4,VARILLA MEDIA LUNA  20 CM X 100 NEGRO,ANILLO DOBLE O,0,0,352
131018,2024,Abril,4,YOYO ORIGINAL CAJA X 50 AZUL,VARIOS,46,2691500,1201
131019,2024,Abril,4,YOYO ORIGINAL CAJA X 50 BLANCO,VARIOS,7,456750,2072
131020,2024,Abril,4,YOYO ORIGINAL CAJA X 50 NEGRO,VARIOS,40,2300000,966
131021,2024,Abril,4,YOYO ORIGINAL CAJA X 50 ROJO,VARIOS,2,130500,105
131022,2024,Abril,4,YOYO ORIGINAL CAJA X 50 VERDE,VARIOS,0,0,235
131012,2024,Mayo,5,ACETATOS CARTA PAQ X 50,VARIOS,100,1000000,735
113001,2024,Mayo,5,BOLSILLO CARNET 60 X 90 MM 175 MIC CAJA X 100,LAMINACION,0,0,0
113005,2024,Mayo,5,BOLSILLO CARTA 225MM X 288MM 125 MIC CAJA X 100,LAMINACION,1130,38056500,10668
113006,2024,Mayo,5,BOLSILLO CARTA 225MM X 288MM 175 MIC CAJA X 100,LAMINACION,17,867000,808
113007,2024,Mayo,5,BOLSILLO CARTA 225MM X 288MM 250 MIC CAJA X 50,LAMINACION,73,2829000,1857
113002,2024,Mayo,5,BOLSILLO CEDULA 70 X 100 MM 175 MIC CAJA X 100,LAMINACION,268,1664000,11446
113008,2024,Mayo,5,BOLSILLO OFICIO 225MM X 337MM 125 MIC CAJA X 100,LAMINACION,247,10390335,2388
113003,2024,Mayo,5,BOLSILLO TARJETA PROPIEDAD 80 X 110 MM 175 MIC CAJA X 100,LAMINACION,216,1587900,6732
121009,2024,Mayo,5,CARATULA CARTA GRAIN PAQ X 50 AZUL,CARATULA,0,0,3153
121010,2024,Mayo,5,CARATULA CARTA GRAIN PAQ X 50 NEGRO,CARATULA,2,25000,2275
121034,2024,Mayo,5,CARATULA CARTA STRIPE PAQ X 50 AMARILLO,CARATULA,44,528000,1677
121017,2024,Mayo,5,CARATULA CARTA STRIPE PAQ X 50 AZUL T-1,CARATULA,70,840000,2346
121018,2024,Mayo,5,CARATULA CARTA STRIPE PAQ X 50 AZUL T-2,CARATULA,37,445000,726
121019,2024,Mayo,5,CARATULA CARTA STRIPE PAQ X 50 HUMO,CARATULA,65,784000,2484
121020,2024,Mayo,5,CARATULA CARTA STRIPE PAQ X 50 LILA,CARATULA,30,345000,1722
121021,2024,Mayo,5,CARATULA CARTA STRIPE PAQ X 50 NARANJA,CARATULA,41,478000,2326
121022,2024,Mayo,5,CARATULA CARTA STRIPE PAQ X 50 ROJO,CARATULA,114,1356000,2209
121023,2024,Mayo,5,CARATULA CARTA STRIPE PAQ X 50 TRANSPARENTE,CARATULA,613,7298000,9016
121024,2024,Mayo,5,CARATULA CARTA STRIPE PAQ X 50 VERDE T-1,CARATULA,7,86000,868
121025,2024,Mayo,5,CARATULA CARTA STRIPE PAQ X 50 VERDE T-2,CARATULA,46,553000,4010
121032,2024,Mayo,5,CARATULA LEGAL STRIPE PAQ X 50 TRANSPARENTE,CARATULA,8,532000,846
121030,2024,Mayo,5,CARATULA OFICIO STRIPE PAQ X 50 TRANSPARENTE,CARATULA,380,4668000,1150
121031,2024,Mayo,5,CARATULA OFICIO STRIPE PAQ X 50 VERDE T-2,CARATULA,0,0,0
122009,2024,Mayo,5,CARRETE  2.1   16 MM X 10500 LOOPS BLANCO,ANILLO DOBLE O,1,270000,34
122010,2024,Mayo,5,CARRETE  2.1   16 MM X 10500 LOOPS NEGRO,ANILLO DOBLE O,2,560000,29
122011,2024,Mayo,5,CARRETE  2.1   16 MM X 10500 LOOPS PLATA,ANILLO DOBLE O,0,0,12
122013,2024,Mayo,5,CARRETE  2.1   19 MM X 7000 LOOPS BLANCO,ANILLO DOBLE O,1,260000,16
122016,2024,Mayo,5,CARRETE  2.1   19 MM X 7000 LOOPS BRONCE,ANILLO DOBLE O,0,0,25
122014,2024,Mayo,5,CARRETE  2.1   19 MM X 7000 LOOPS NEGRO,ANILLO DOBLE O,1,260000,23
122015,2024,Mayo,5,CARRETE  2.1   19 MM X 7000 LOOPS PLATA,ANILLO DOBLE O,1,312000,21
122017,2024,Mayo,5,CARRETE  3.1    8 MM X 60000 LOOPS BLANCO,ANILLO DOBLE O,0,0,91
122018,2024,Mayo,5,CARRETE  3.1    8 MM X 60000 LOOPS NEGRO,ANILLO DOBLE O,0,0,69
122019,2024,Mayo,5,CARRETE  3.1    8 MM X 60000 LOOPS PLATA,ANILLO DOBLE O,0,0,10
122020,2024,Mayo,5,CARRETE  3.1    9 MM X 43000 LOOPS BLANCO,ANILLO DOBLE O,2,710000,108
122021,2024,Mayo,5,CARRETE  3.1    9 MM X 43000 LOOPS BRONCE,ANILLO DOBLE O,0,0,34
122022,2024,Mayo,5,CARRETE  3.1    9 MM X 43000 LOOPS NEGRO,ANILLO DOBLE O,7,2236500,91
122023,2024,Mayo,5,CARRETE  3.1    9 MM X 43000 LOOPS PLATA,ANILLO DOBLE O,0,0,34
122024,2024,Mayo,5,CARRETE  3.1   11 MM X 32000 LOOPS BLANCO,ANILLO DOBLE O,0,0,15
122025,2024,Mayo,5,CARRETE  3.1   11 MM X 32000 LOOPS NEGRO,ANILLO DOBLE O,1,330300,19
122026,2024,Mayo,5,CARRETE  3.1   12 MM X 24000 LOOPS BLANCO,ANILLO DOBLE O,1,305000,17
122027,2024,Mayo,5,CARRETE  3.1   12 MM X 24000 LOOPS NEGRO,ANILLO DOBLE O,5,1464000,19
122028,2024,Mayo,5,CARRETE  3.1   12 MM X 24000 LOOPS PLATA,ANILLO DOBLE O,0,0,24
122029,2024,Mayo,5,CARRETE  3.1   14 MM X 19300 LOOPS BLANCO,ANILLO DOBLE O,1,321000,20
122030,2024,Mayo,5,CARRETE  3.1   14 MM X 19300 LOOPS NEGRO,ANILLO DOBLE O,0,0,14
122031,2024,Mayo,5,CARRETE  3.1   14 MM X 19300 LOOPS PLATA,ANILLO DOBLE O,0,0,6
122081,2024,Mayo,5,DOBLE O CARTA 2.1    8 MM  CAJA X 100 BLANCO,ANILLO DOBLE O,3,69000,441
122082,2024,Mayo,5,DOBLE O CARTA 2.1    8 MM  CAJA X 100 NEGRO,ANILLO DOBLE O,40,920000,167
122083,2024,Mayo,5,DOBLE O CARTA 2.1    9 MM  CAJA X 100 BLANCO,ANILLO DOBLE O,0,0,480
122084,2024,Mayo,5,DOBLE O CARTA 2.1    9 MM  CAJA X 100 NEGRO,ANILLO DOBLE O,0,0,311
122085,2024,Mayo,5,DOBLE O CARTA 2.1   12 MM  CAJA X 100 BLANCO,ANILLO DOBLE O,6,204000,217
122086,2024,Mayo,5,DOBLE O CARTA 2.1   12 MM  CAJA X 100 NEGRO,ANILLO DOBLE O,6,187000,260
122087,2024,Mayo,5,DOBLE O CARTA 2.1   14 MM  CAJA X 100 BLANCO,ANILLO DOBLE O,0,0,350
122088,2024,Mayo,5,DOBLE O CARTA 2.1   14 MM  CAJA X 100 NEGRO,ANILLO DOBLE O,20,731000,168
122089,2024,Mayo,5,DOBLE O CARTA 2.1   16 MM  CAJA X 50 BLANCO,ANILLO DOBLE O,5,130000,581
122090,2024,Mayo,5,DOBLE O CARTA 2.1   16 MM  CAJA X 50 NEGRO,ANILLO DOBLE O,21,468000,166
122091,2024,Mayo,5,DOBLE O CARTA 2.1   19 MM  CAJA X 50 BLANCO,ANILLO DOBLE O,9,315000,242
122112,2024,Mayo,5,DOBLE O CARTA 2.1   19 MM  CAJA X 50 BRONCE,ANILLO DOBLE O,6,210000,163
122092,2024,Mayo,5,DOBLE O CARTA 2.1   19 MM  CAJA X 50 NEGRO,ANILLO DOBLE O,14,490000,4
122093,2024,Mayo,5,DOBLE O CARTA 2.1   22 MM  CAJA X 50 BLANCO,ANILLO DOBLE O,23,989000,186
122094,2024,Mayo,5,DOBLE O CARTA 2.1   22 MM  CAJA X 50 NEGRO,ANILLO DOBLE O,2,86000,374
122095,2024,Mayo,5,DOBLE O CARTA 2.1   25 MM  CAJA X 50 BLANCO,ANILLO DOBLE O,1,50000,284
122096,2024,Mayo,5,DOBLE O CARTA 2.1   25 MM  CAJA X 50 NEGRO,ANILLO DOBLE O,3,150000,68
122097,2024,Mayo,5,DOBLE O CARTA 2.1   28 MM  CAJA X 30 BLANCO,ANILLO DOBLE O,0,0,364
122098,2024,Mayo,5,DOBLE O CARTA 2.1   28 MM  CAJA X 30 NEGRO,ANILLO DOBLE O,1,55000,346
122099,2024,Mayo,5,DOBLE O CARTA 2.1   32 MM  CAJA X 30 BLANCO,ANILLO DOBLE O,0,0,443
122100,2024,Mayo,5,DOBLE O CARTA 2.1   32 MM  CAJA X 30 NEGRO,ANILLO DOBLE O,1,63000,82
122101,2024,Mayo,5,DOBLE O CARTA 3.1    8 MM   CAJA X 100 BLANCO,ANILLO DOBLE O,1,23000,637
122102,2024,Mayo,5,DOBLE O CARTA 3.1    8 MM  CAJA X 100 NEGRO,ANILLO DOBLE O,2,46000,438
122103,2024,Mayo,5,DOBLE O CARTA 3.1    9 MM  CAJA X 100 BLANCO,ANILLO DOBLE O,1,25000,508
122104,2024,Mayo,5,DOBLE O CARTA 3.1    9 MM  CAJA X 100 NEGRO,ANILLO DOBLE O,2,50000,183
122105,2024,Mayo,5,DOBLE O CARTA 3.1   11 MM  CAJA X 100 BLANCO,ANILLO DOBLE O,1,30000,409
122106,2024,Mayo,5,DOBLE O CARTA 3.1   11 MM  CAJA X 100 NEGRO,ANILLO DOBLE O,22,570000,180
122108,2024,Mayo,5,DOBLE O CARTA 3.1   12 MM  CAJA X 100 BLANCO,ANILLO DOBLE O,0,0,699
122107,2024,Mayo,5,DOBLE O CARTA 3.1   12 MM  CAJA X 100 NEGRO,ANILLO DOBLE O,0,0,351
122109,2024,Mayo,5,DOBLE O CARTA 3.1   12 MM  CAJA X 100 PLATA,ANILLO DOBLE O,2,74000,158
122110,2024,Mayo,5,DOBLE O CARTA 3.1   14 MM  CAJA X 100 BLANCO,ANILLO DOBLE O,0,0,359
122111,2024,Mayo,5,DOBLE O CARTA 3.1   14 MM  CAJA X 100 NEGRO,ANILLO DOBLE O,27,1010500,254
112031,2024,Mayo,5,FOIL S1 (101) 640 MM X 120 MT 12 MIC DORADO,LAMINACION,6,342000,114
112032,2024,Mayo,5,FOIL S1 (120) 640 MM X 120 MT 12 MIC PLATA,LAMINACION,2,114000,117
112033,2024,Mayo,5,FOIL S2 (101) 640 MM X 120 MT 12 MIC DORADO,LAMINACION,13,787500,36
112034,2024,Mayo,5,FOIL S2 (120) 640 MM X 120 MT 12 MIC PLATA,LAMINACION,1,63000,49
112036,2024,Mayo,5,FOIL S4 (S15) 640 MM X 120 MT 12 MIC PLATA HOLOGRAFICO,LAMINACION,1,80000,79
112035,2024,Mayo,5,FOIL S4 (SA18) 640 MM X 120 MT 12 MIC DORADO HOLOGRAFICO,LAMINACION,20,1512620,59
111001,2024,Mayo,5,ROLLO 113 MM X 60 MTS 175 MICRAS,LAMINACION,55,1587750,446
111002,2024,Mayo,5,ROLLO 113 MM X 60 MTS 250 MICRAS,LAMINACION,0,0,172
111003,2024,Mayo,5,ROLLO 226 MM X 60 MTS 125 MICRAS,LAMINACION,142,5684400,1358
111004,2024,Mayo,5,ROLLO 226 MM X 60 MTS 175 MICRAS,LAMINACION,0,0,0
111005,2024,Mayo,5,ROLLO 226 MM X 60 MTS 250 MICRAS,LAMINACION,0,0,133
111007,2024,Mayo,5,ROLLO 300 MM X 60 MTS 125 MICRAS,LAMINACION,0,0,0
111008,2024,Mayo,5,ROLLO 300 MM X 60 MTS 250 MICRAS,LAMINACION,7,735000,55
111018,2024,Mayo,5,ROLLO 350 MM X 60 MTS 250 MICRAS,LAMINACION,0,0,234
111010,2024,Mayo,5,ROLLO 375 MM X 60 MTS 125 MICRAS,LAMINACION,0,0,0
111013,2024,Mayo,5,ROLLO 375 MM X 75 MTS 75 MICRAS MATTE,PLASTIFICACION,0,0,120
111019,2024,Mayo,5,ROLLO 540 MM X 60 MTS 125 MICRAS,PLASTIFICACION,0,0,0
111020,2024,Mayo,5,ROLLO 540 MM X 60 MTS 175 MICRAS,PLASTIFICACION,0,0,0
111016,2024,Mayo,5,ROLLO 680 MM X 60 MTS 125 MICRAS BRILLANTE,PLASTIFICACION,120,18440000,81
112001,2024,Mayo,5,ROLLO BOPP BRILLANTE 250 MM X 4000 MT 18 MIC,PLASTIFICACION,9,2290140,121
112002,2024,Mayo,5,ROLLO BOPP BRILLANTE 300 MM X 4000 MT 18 MIC,PLASTIFICACION,8,2468090,156
112003,2024,Mayo,5,ROLLO BOPP BRILLANTE 330 MM X 200 MT 23 MIC,PLASTIFICACION,17,964000,590
112006,2024,Mayo,5,ROLLO BOPP BRILLANTE 345 MM X 4000 MT 18 MIC,PLASTIFICACION,23,8067810,149
112026,2024,Mayo,5,ROLLO BOPP BRILLANTE 400 MM X 4000 MT 18 MIC,PLASTIFICACION,7,3014650,47
112007,2024,Mayo,5,ROLLO BOPP BRILLANTE 445 MM X 4000 MT 18 MIC,PLASTIFICACION,15,6845770,61
112008,2024,Mayo,5,ROLLO BOPP BRILLANTE 495 MM X 4000 MT 18 MIC,PLASTIFICACION,35,17885410,134
112028,2024,Mayo,5,ROLLO BOPP BRILLANTE 595 MM X 4000 MT 18 MIC,PLASTIFICACION,3,1339800,52
112009,2024,Mayo,5,ROLLO BOPP BRILLANTE 695 MM X 4000 MT 18 MIC,PLASTIFICACION,10,5301440,49
112024,2024,Mayo,5,ROLLO BOPP MATE 200 MM X 4000 MT 18 MIC,PLASTIFICACION,9,1618900,33
112010,2024,Mayo,5,ROLLO BOPP MATE 250 MM X 4000 MT 18 MIC,PLASTIFICACION,17,4120655,70
112011,2024,Mayo,5,ROLLO BOPP MATE 300 MM X 4000 MT 18 MIC,PLASTIFICACION,28,7686127,104
112012,2024,Mayo,5,ROLLO BOPP MATE 330 MM X 200 MT 23 MIC,PLASTIFICACION,18,1015000,549
112021,2024,Mayo,5,ROLLO BOPP MATE 330 MM X 4000 MT 18 MIC,PLASTIFICACION,1,295515,0
112013,2024,Mayo,5,ROLLO BOPP MATE 330 MM X 500 MT 22 MIC,PLASTIFICACION,0,0,178
112015,2024,Mayo,5,ROLLO BOPP MATE 345 MM X 4000 MT 18 MIC,PLASTIFICACION,17,5946193,111
112025,2024,Mayo,5,ROLLO BOPP MATE 400 MM X 4000 MT 18 MIC,PLASTIFICACION,12,4701730,16
112016,2024,Mayo,5,ROLLO BOPP MATE 445 MM X 4000 MT 18 MIC,PLASTIFICACION,1,451050,81
112017,2024,Mayo,5,ROLLO BOPP MATE 495 MM X 4000 MT 18 MIC,PLASTIFICACION,48,24661735,310
112018,2024,Mayo,5,ROLLO BOPP MATE 595 MM X 4000 MT 18 MIC,ANILLO DOBLE O,12,5442410,38
112019,2024,Mayo,5,ROLLO BOPP MATE 695 MM X 4000 MT 18 MIC,ANILLO DOBLE O,15,7980005,40
112020,2024,Mayo,5,ROLLO HOLOGRAFICO 495 MM X 1500 MT 24 MIC,ANILLO DOBLE O,2,915965,212
112022,2024,Mayo,5,ROLLO METALIZADO DORADO 495 MM X 1000 MT 22 MIC,ANILLO DOBLE O,1,481400,99
112023,2024,Mayo,5,ROLLO METALIZADO PLATA 495 MM X 1000 MT 22 MIC,ANILLO DOBLE O,2,608400,118
112027,2024,Mayo,5,ROLLO PIEL DURAZNO 495 MM X 200 MT 28 MIC,ANILLO DOBLE O,6,982328,91
112005,2024,Mayo,5,ROLLO SUPERBONDING BRILLANTE 330 MM X 500 MT 30 MIC,ANILLO DOBLE O,2,403362,57
122041,2024,Mayo,5,TIRA 2.1 X 64 LOOPS  12MM CAJA X 540 BLANCO,ANILLO DOBLE O,17,7097000,57
122042,2024,Mayo,5,TIRA 2.1 X 64 LOOPS  12MM CAJA X 540 NEGRO,ANILLO DOBLE O,5,2165000,68
122043,2024,Mayo,5,TIRA 2.1 X 64 LOOPS  12MM CAJA X 540 PLATA,ANILLO DOBLE O,0,0,59
122044,2024,Mayo,5,TIRA 2.1 X 64 LOOPS  14MM CAJA X 384 BLANCO,ANILLO DOBLE O,1,406000,5
122045,2024,Mayo,5,TIRA 2.1 X 64 LOOPS  14MM CAJA X 384 NEGRO,ANILLO DOBLE O,0,0,64
122046,2024,Mayo,5,TIRA 2.1 X 64 LOOPS  14MM CAJA X 384 PLATA,ANILLO DOBLE O,0,0,26
122047,2024,Mayo,5,TIRA 2.1 X 64 LOOPS  16MM CAJA X 308 BLANCO,ANILLO DOBLE O,16,6400000,96
122048,2024,Mayo,5,TIRA 2.1 X 64 LOOPS  16MM CAJA X 308 BRONCE,ANILLO DOBLE O,0,0,53
122049,2024,Mayo,5,TIRA 2.1 X 64 LOOPS  16MM CAJA X 308 NEGRO,ANILLO DOBLE O,5,1880000,185
122050,2024,Mayo,5,TIRA 2.1 X 64 LOOPS  16MM CAJA X 308 PLATA,ANILLO DOBLE O,4,1715800,16
122051,2024,Mayo,5,TIRA 2.1 X 64 LOOPS  19MM CAJA X 252 BLANCO,ANILLO DOBLE O,10,4455000,13
122052,2024,Mayo,5,TIRA 2.1 X 64 LOOPS  19MM CAJA X 252 BRONCE,ANILLO DOBLE O,0,0,35
122053,2024,Mayo,5,TIRA 2.1 X 64 LOOPS  19MM CAJA X 252 NEGRO,ANILLO DOBLE O,2,855000,77
122054,2024,Mayo,5,TIRA 2.1 X 64 LOOPS  19MM CAJA X 252 PLATA,ANILLO DOBLE O,1,518000,40
122055,2024,Mayo,5,TIRA 2.1 X 64 LOOPS  22MM CAJA X 192 BLANCO,ANILLO DOBLE O,2,870000,36
122056,2024,Mayo,5,TIRA 2.1 X 64 LOOPS  22MM CAJA X 192 BRONCE,ANILLO DOBLE O,0,0,3
122057,2024,Mayo,5,TIRA 2.1 X 64 LOOPS  22MM CAJA X 192 NEGRO,ANILLO DOBLE O,2,870000,40
122058,2024,Mayo,5,TIRA 2.1 X 64 LOOPS  22MM CAJA X 192 PLATA,ANILLO DOBLE O,1,500000,28
122059,2024,Mayo,5,TIRA 2.1 X 64 LOOPS  25MM CAJA X 140 BLANCO,ANILLO DOBLE O,7,2639000,70
122077,2024,Mayo,5,TIRA 2.1 X 64 LOOPS  25MM CAJA X 140 BRONCE,ANILLO DOBLE O,0,0,0
122060,2024,Mayo,5,TIRA 2.1 X 64 LOOPS  25MM CAJA X 140 NEGRO,ANILLO DOBLE O,2,716300,52
122061,2024,Mayo,5,TIRA 2.1 X 64 LOOPS  25MM CAJA X 140 PLATA,ANILLO DOBLE O,1,434000,11
122062,2024,Mayo,5,TIRA 2.1 X 64 LOOPS  28MM CAJA X 96 BLANCO,ANILLO DOBLE O,0,0,61
122063,2024,Mayo,5,TIRA 2.1 X 64 LOOPS  28MM CAJA X 96 NEGRO,ANILLO DOBLE O,0,0,43
122064,2024,Mayo,5,TIRA 2.1 X 64 LOOPS  28MM CAJA X 96 PLATA,ANILLO DOBLE O,0,0,31
122065,2024,Mayo,5,TIRA 2.1 X 64 LOOPS  32MM CAJA X 96 BLANCO,ANILLO DOBLE O,0,0,54
122066,2024,Mayo,5,TIRA 2.1 X 64 LOOPS  32MM CAJA X 96 NEGRO,ANILLO DOBLE O,0,0,58
131008,2024,Mayo,5,VARILLA MEDIA LUNA  10 CM X 100 BLANCO,ANILLO DOBLE O,0,0,2163
131007,2024,Mayo,5,VARILLA MEDIA LUNA  10 CM X 100 NEGRO,ANILLO DOBLE O,0,0,1053
131010,2024,Mayo,5,VARILLA MEDIA LUNA  15 CM X 100 BLANCO,ANILLO DOBLE O,0,0,885
131009,2024,Mayo,5,VARILLA MEDIA LUNA  15 CM X 100 NEGRO,ANILLO DOBLE O,0,0,513
131033,2024,Mayo,5,VARILLA MEDIA LUNA  20 CM X 100 BLANCO,ANILLO DOBLE O,0,0,15
131034,2024,Mayo,5,VARILLA MEDIA LUNA  20 CM X 100 NEGRO,ANILLO DOBLE O,2,42000,350
131018,2024,Mayo,5,YOYO ORIGINAL CAJA X 50 AZUL,VARIOS,3,195750,1198
131019,2024,Mayo,5,YOYO ORIGINAL CAJA X 50 BLANCO,VARIOS,10,652500,2062
131020,2024,Mayo,5,YOYO ORIGINAL CAJA X 50 NEGRO,VARIOS,1,65250,965
131021,2024,Mayo,5,YOYO ORIGINAL CAJA X 50 ROJO,VARIOS,0,0,105
131022,2024,Mayo,5,YOYO ORIGINAL CAJA X 50 VERDE,VARIOS,4,261000,231
131012,2024,Junio,6,ACETATOS CARTA PAQ X 50,VARIOS,34,340000,701
113001,2024,Junio,6,BOLSILLO CARNET 60 X 90 MM 175 MIC CAJA X 100,LAMINACION,0,0,0
113005,2024,Junio,6,BOLSILLO CARTA 225MM X 288MM 125 MIC CAJA X 100,LAMINACION,1663,48422000,12505
113006,2024,Junio,6,BOLSILLO CARTA 225MM X 288MM 175 MIC CAJA X 100,LAMINACION,33,1581000,1775
113007,2024,Junio,6,BOLSILLO CARTA 225MM X 288MM 250 MIC CAJA X 50,LAMINACION,92,3526000,2765
113002,2024,Junio,6,BOLSILLO CEDULA 70 X 100 MM 175 MIC CAJA X 100,LAMINACION,1476,7892625,9970
113008,2024,Junio,6,BOLSILLO OFICIO 225MM X 337MM 125 MIC CAJA X 100,LAMINACION,860,29283500,4628
113003,2024,Junio,6,BOLSILLO TARJETA PROPIEDAD 80 X 110 MM 175 MIC CAJA X 100,LAMINACION,265,1921675,6467
121009,2024,Junio,6,CARATULA CARTA GRAIN PAQ X 50 AZUL,CARATULA,0,0,3153
121010,2024,Junio,6,CARATULA CARTA GRAIN PAQ X 50 NEGRO,CARATULA,80,1000000,2195
121034,2024,Junio,6,CARATULA CARTA STRIPE PAQ X 50 AMARILLO,CARATULA,2,25500,1675
121017,2024,Junio,6,CARATULA CARTA STRIPE PAQ X 50 AZUL T-1,CARATULA,7,91000,2339
121018,2024,Junio,6,CARATULA CARTA STRIPE PAQ X 50 AZUL T-2,CARATULA,13,162500,713
121019,2024,Junio,6,CARATULA CARTA STRIPE PAQ X 50 HUMO,CARATULA,12,145500,2472
121020,2024,Junio,6,CARATULA CARTA STRIPE PAQ X 50 LILA,CARATULA,3,38000,1719
121021,2024,Junio,6,CARATULA CARTA STRIPE PAQ X 50 NARANJA,CARATULA,12,145500,2314
121022,2024,Junio,6,CARATULA CARTA STRIPE PAQ X 50 ROJO,CARATULA,2,25000,2207
121023,2024,Junio,6,CARATULA CARTA STRIPE PAQ X 50 TRANSPARENTE,CARATULA,229,2809500,8787
121024,2024,Junio,6,CARATULA CARTA STRIPE PAQ X 50 VERDE T-1,CARATULA,6,73000,862
121025,2024,Junio,6,CARATULA CARTA STRIPE PAQ X 50 VERDE T-2,CARATULA,19,235000,3991
121032,2024,Junio,6,CARATULA LEGAL STRIPE PAQ X 50 TRANSPARENTE,CARATULA,6,409500,840
121030,2024,Junio,6,CARATULA OFICIO STRIPE PAQ X 50 TRANSPARENTE,CARATULA,85,1148000,1065
121031,2024,Junio,6,CARATULA OFICIO STRIPE PAQ X 50 VERDE T-2,CARATULA,0,0,0
122009,2024,Junio,6,CARRETE  2.1   16 MM X 10500 LOOPS BLANCO,ANILLO DOBLE O,3,840000,55
122010,2024,Junio,6,CARRETE  2.1   16 MM X 10500 LOOPS NEGRO,ANILLO DOBLE O,1,280000,28
122011,2024,Junio,6,CARRETE  2.1   16 MM X 10500 LOOPS PLATA,ANILLO DOBLE O,0,0,24
122013,2024,Junio,6,CARRETE  2.1   19 MM X 7000 LOOPS BLANCO,ANILLO DOBLE O,2,500000,38
122016,2024,Junio,6,CARRETE  2.1   19 MM X 7000 LOOPS BRONCE,ANILLO DOBLE O,3,936000,22
122014,2024,Junio,6,CARRETE  2.1   19 MM X 7000 LOOPS NEGRO,ANILLO DOBLE O,7,1702000,40
122015,2024,Junio,6,CARRETE  2.1   19 MM X 7000 LOOPS PLATA,ANILLO DOBLE O,3,916000,18
122017,2024,Junio,6,CARRETE  3.1    8 MM X 60000 LOOPS BLANCO,ANILLO DOBLE O,0,0,91
122018,2024,Junio,6,CARRETE  3.1    8 MM X 60000 LOOPS NEGRO,ANILLO DOBLE O,0,0,69
122019,2024,Junio,6,CARRETE  3.1    8 MM X 60000 LOOPS PLATA,ANILLO DOBLE O,0,0,10
122020,2024,Junio,6,CARRETE  3.1    9 MM X 43000 LOOPS BLANCO,ANILLO DOBLE O,5,1775000,178
122021,2024,Junio,6,CARRETE  3.1    9 MM X 43000 LOOPS BRONCE,ANILLO DOBLE O,0,0,34
122022,2024,Junio,6,CARRETE  3.1    9 MM X 43000 LOOPS NEGRO,ANILLO DOBLE O,0,0,101
122023,2024,Junio,6,CARRETE  3.1    9 MM X 43000 LOOPS PLATA,ANILLO DOBLE O,1,406000,33
122024,2024,Junio,6,CARRETE  3.1   11 MM X 32000 LOOPS BLANCO,ANILLO DOBLE O,0,0,55
122025,2024,Junio,6,CARRETE  3.1   11 MM X 32000 LOOPS NEGRO,ANILLO DOBLE O,3,990900,56
122026,2024,Junio,6,CARRETE  3.1   12 MM X 24000 LOOPS BLANCO,ANILLO DOBLE O,2,595000,45
122027,2024,Junio,6,CARRETE  3.1   12 MM X 24000 LOOPS NEGRO,ANILLO DOBLE O,2,595000,47
122028,2024,Junio,6,CARRETE  3.1   12 MM X 24000 LOOPS PLATA,ANILLO DOBLE O,1,366000,23
122029,2024,Junio,6,CARRETE  3.1   14 MM X 19300 LOOPS BLANCO,ANILLO DOBLE O,1,321000,19
122030,2024,Junio,6,CARRETE  3.1   14 MM X 19300 LOOPS NEGRO,ANILLO DOBLE O,0,0,14
122031,2024,Junio,6,CARRETE  3.1   14 MM X 19300 LOOPS PLATA,ANILLO DOBLE O,0,0,6
122081,2024,Junio,6,DOBLE O CARTA 2.1    8 MM  CAJA X 100 BLANCO,ANILLO DOBLE O,0,0,441
122082,2024,Junio,6,DOBLE O CARTA 2.1    8 MM  CAJA X 100 NEGRO,ANILLO DOBLE O,4,92000,163
122083,2024,Junio,6,DOBLE O CARTA 2.1    9 MM  CAJA X 100 BLANCO,ANILLO DOBLE O,1,25000,479
122084,2024,Junio,6,DOBLE O CARTA 2.1    9 MM  CAJA X 100 NEGRO,ANILLO DOBLE O,5,125000,306
122085,2024,Junio,6,DOBLE O CARTA 2.1   12 MM  CAJA X 100 BLANCO,ANILLO DOBLE O,0,0,217
122086,2024,Junio,6,DOBLE O CARTA 2.1   12 MM  CAJA X 100 NEGRO,ANILLO DOBLE O,40,1156000,220
122087,2024,Junio,6,DOBLE O CARTA 2.1   14 MM  CAJA X 100 BLANCO,ANILLO DOBLE O,0,0,350
122088,2024,Junio,6,DOBLE O CARTA 2.1   14 MM  CAJA X 100 NEGRO,ANILLO DOBLE O,20,731000,148
122089,2024,Junio,6,DOBLE O CARTA 2.1   16 MM  CAJA X 50 BLANCO,ANILLO DOBLE O,26,637000,555
122090,2024,Junio,6,DOBLE O CARTA 2.1   16 MM  CAJA X 50 NEGRO,ANILLO DOBLE O,63,1443000,103
122091,2024,Junio,6,DOBLE O CARTA 2.1   19 MM  CAJA X 50 BLANCO,ANILLO DOBLE O,13,455000,229
122112,2024,Junio,6,DOBLE O CARTA 2.1   19 MM  CAJA X 50 BRONCE,ANILLO DOBLE O,3,105000,160
122092,2024,Junio,6,DOBLE O CARTA 2.1   19 MM  CAJA X 50 NEGRO,ANILLO DOBLE O,23,700000,181
122093,2024,Junio,6,DOBLE O CARTA 2.1   22 MM  CAJA X 50 BLANCO,ANILLO DOBLE O,1,43000,185
122094,2024,Junio,6,DOBLE O CARTA 2.1   22 MM  CAJA X 50 NEGRO,ANILLO DOBLE O,2,86000,372
122095,2024,Junio,6,DOBLE O CARTA 2.1   25 MM  CAJA X 50 BLANCO,ANILLO DOBLE O,0,0,284
122096,2024,Junio,6,DOBLE O CARTA 2.1   25 MM  CAJA X 50 NEGRO,ANILLO DOBLE O,2,100000,266
122097,2024,Junio,6,DOBLE O CARTA 2.1   28 MM  CAJA X 30 BLANCO,ANILLO DOBLE O,0,0,364
122098,2024,Junio,6,DOBLE O CARTA 2.1   28 MM  CAJA X 30 NEGRO,ANILLO DOBLE O,1,55000,345
122099,2024,Junio,6,DOBLE O CARTA 2.1   32 MM  CAJA X 30 BLANCO,ANILLO DOBLE O,0,0,443
122100,2024,Junio,6,DOBLE O CARTA 2.1   32 MM  CAJA X 30 NEGRO,ANILLO DOBLE O,0,0,182
122101,2024,Junio,6,DOBLE O CARTA 3.1    8 MM   CAJA X 100 BLANCO,ANILLO DOBLE O,0,0,637
122102,2024,Junio,6,DOBLE O CARTA 3.1    8 MM  CAJA X 100 NEGRO,ANILLO DOBLE O,0,0,438
122103,2024,Junio,6,DOBLE O CARTA 3.1    9 MM  CAJA X 100 BLANCO,ANILLO DOBLE O,0,0,508
122104,2024,Junio,6,DOBLE O CARTA 3.1    9 MM  CAJA X 100 NEGRO,ANILLO DOBLE O,30,650000,153
122105,2024,Junio,6,DOBLE O CARTA 3.1   11 MM  CAJA X 100 BLANCO,ANILLO DOBLE O,0,0,409
122106,2024,Junio,6,DOBLE O CARTA 3.1   11 MM  CAJA X 100 NEGRO,ANILLO DOBLE O,24,630000,156
122108,2024,Junio,6,DOBLE O CARTA 3.1   12 MM  CAJA X 100 BLANCO,ANILLO DOBLE O,0,0,699
122107,2024,Junio,6,DOBLE O CARTA 3.1   12 MM  CAJA X 100 NEGRO,ANILLO DOBLE O,30,962000,321
122109,2024,Junio,6,DOBLE O CARTA 3.1   12 MM  CAJA X 100 PLATA,ANILLO DOBLE O,0,0,158
122110,2024,Junio,6,DOBLE O CARTA 3.1   14 MM  CAJA X 100 BLANCO,ANILLO DOBLE O,0,0,359
122111,2024,Junio,6,DOBLE O CARTA 3.1   14 MM  CAJA X 100 NEGRO,ANILLO DOBLE O,20,731000,234
112031,2024,Junio,6,FOIL S1 (101) 640 MM X 120 MT 12 MIC DORADO,LAMINACION,4,228000,110
112032,2024,Junio,6,FOIL S1 (120) 640 MM X 120 MT 12 MIC PLATA,LAMINACION,0,0,117
112033,2024,Junio,6,FOIL S2 (101) 640 MM X 120 MT 12 MIC DORADO,LAMINACION,16,970200,20
112034,2024,Junio,6,FOIL S2 (120) 640 MM X 120 MT 12 MIC PLATA,LAMINACION,2,126000,47
112036,2024,Junio,6,FOIL S4 (S15) 640 MM X 120 MT 12 MIC PLATA HOLOGRAFICO,LAMINACION,1,80000,78
112035,2024,Junio,6,FOIL S4 (SA18) 640 MM X 120 MT 12 MIC DORADO HOLOGRAFICO,LAMINACION,1,80000,58
111001,2024,Junio,6,ROLLO 113 MM X 60 MTS 175 MICRAS,LAMINACION,24,652500,1382
111002,2024,Junio,6,ROLLO 113 MM X 60 MTS 250 MICRAS,LAMINACION,6,234000,166
111003,2024,Junio,6,ROLLO 226 MM X 60 MTS 125 MICRAS,LAMINACION,290,10031700,1068
111004,2024,Junio,6,ROLLO 226 MM X 60 MTS 175 MICRAS,LAMINACION,0,0,200
111005,2024,Junio,6,ROLLO 226 MM X 60 MTS 250 MICRAS,LAMINACION,14,1066500,119
111007,2024,Junio,6,ROLLO 300 MM X 60 MTS 125 MICRAS,LAMINACION,0,0,0
111008,2024,Junio,6,ROLLO 300 MM X 60 MTS 250 MICRAS,LAMINACION,10,1050000,45
111018,2024,Junio,6,ROLLO 350 MM X 60 MTS 250 MICRAS,LAMINACION,7,840000,227
111010,2024,Junio,6,ROLLO 375 MM X 60 MTS 125 MICRAS,LAMINACION,0,0,0
111013,2024,Junio,6,ROLLO 375 MM X 75 MTS 75 MICRAS MATTE,PLASTIFICACION,0,0,120
111019,2024,Junio,6,ROLLO 540 MM X 60 MTS 125 MICRAS,PLASTIFICACION,160,15380000,40
111020,2024,Junio,6,ROLLO 540 MM X 60 MTS 175 MICRAS,PLASTIFICACION,40,5440000,160
111016,2024,Junio,6,ROLLO 680 MM X 60 MTS 125 MICRAS BRILLANTE,PLASTIFICACION,4,485074,177
112001,2024,Junio,6,ROLLO BOPP BRILLANTE 250 MM X 4000 MT 18 MIC,PLASTIFICACION,10,2574310,111
112002,2024,Junio,6,ROLLO BOPP BRILLANTE 300 MM X 4000 MT 18 MIC,PLASTIFICACION,15,4669990,141
112003,2024,Junio,6,ROLLO BOPP BRILLANTE 330 MM X 200 MT 23 MIC,PLASTIFICACION,15,841000,575
112006,2024,Junio,6,ROLLO BOPP BRILLANTE 345 MM X 4000 MT 18 MIC,PLASTIFICACION,20,7197510,129
112026,2024,Junio,6,ROLLO BOPP BRILLANTE 400 MM X 4000 MT 18 MIC,PLASTIFICACION,8,3340010,39
112007,2024,Junio,6,ROLLO BOPP BRILLANTE 445 MM X 4000 MT 18 MIC,PLASTIFICACION,9,4121410,52
112008,2024,Junio,6,ROLLO BOPP BRILLANTE 495 MM X 4000 MT 18 MIC,PLASTIFICACION,34,17442420,100
112028,2024,Junio,6,ROLLO BOPP BRILLANTE 595 MM X 4000 MT 18 MIC,PLASTIFICACION,3,1339800,49
112009,2024,Junio,6,ROLLO BOPP BRILLANTE 695 MM X 4000 MT 18 MIC,PLASTIFICACION,5,2692620,44
112024,2024,Junio,6,ROLLO BOPP MATE 200 MM X 4000 MT 18 MIC,PLASTIFICACION,7,1879050,26
112010,2024,Junio,6,ROLLO BOPP MATE 250 MM X 4000 MT 18 MIC,PLASTIFICACION,16,3999910,54
112011,2024,Junio,6,ROLLO BOPP MATE 300 MM X 4000 MT 18 MIC,PLASTIFICACION,12,3591691,92
112012,2024,Junio,6,ROLLO BOPP MATE 330 MM X 200 MT 23 MIC,PLASTIFICACION,0,0,549
112021,2024,Junio,6,ROLLO BOPP MATE 330 MM X 4000 MT 18 MIC,PLASTIFICACION,0,0,0
112013,2024,Junio,6,ROLLO BOPP MATE 330 MM X 500 MT 22 MIC,PLASTIFICACION,4,575000,174
112015,2024,Junio,6,ROLLO BOPP MATE 345 MM X 4000 MT 18 MIC,PLASTIFICACION,39,13249793,72
112025,2024,Junio,6,ROLLO BOPP MATE 400 MM X 4000 MT 18 MIC,PLASTIFICACION,2,799095,14
112016,2024,Junio,6,ROLLO BOPP MATE 445 MM X 4000 MT 18 MIC,PLASTIFICACION,29,13030194,52
112017,2024,Junio,6,ROLLO BOPP MATE 495 MM X 4000 MT 18 MIC,PLASTIFICACION,81,40039763,229
112018,2024,Junio,6,ROLLO BOPP MATE 595 MM X 4000 MT 18 MIC,ANILLO DOBLE O,7,4130750,31
112019,2024,Junio,6,ROLLO BOPP MATE 695 MM X 4000 MT 18 MIC,ANILLO DOBLE O,8,5449728,32
112020,2024,Junio,6,ROLLO HOLOGRAFICO 495 MM X 1500 MT 24 MIC,ANILLO DOBLE O,3,1314800,209
112022,2024,Junio,6,ROLLO METALIZADO DORADO 495 MM X 1000 MT 22 MIC,ANILLO DOBLE O,1,394400,98
112023,2024,Junio,6,ROLLO METALIZADO PLATA 495 MM X 1000 MT 22 MIC,ANILLO DOBLE O,0,0,118
112027,2024,Junio,6,ROLLO PIEL DURAZNO 495 MM X 200 MT 28 MIC,ANILLO DOBLE O,0,0,91
112005,2024,Junio,6,ROLLO SUPERBONDING BRILLANTE 330 MM X 500 MT 30 MIC,ANILLO DOBLE O,0,0,57
122041,2024,Junio,6,TIRA 2.1 X 64 LOOPS  12MM CAJA X 540 BLANCO,ANILLO DOBLE O,1,433000,56
122042,2024,Junio,6,TIRA 2.1 X 64 LOOPS  12MM CAJA X 540 NEGRO,ANILLO DOBLE O,0,0,68
122043,2024,Junio,6,TIRA 2.1 X 64 LOOPS  12MM CAJA X 540 PLATA,ANILLO DOBLE O,0,0,59
122044,2024,Junio,6,TIRA 2.1 X 64 LOOPS  14MM CAJA X 384 BLANCO,ANILLO DOBLE O,2,812000,63
122045,2024,Junio,6,TIRA 2.1 X 64 LOOPS  14MM CAJA X 384 NEGRO,ANILLO DOBLE O,1,365400,63
122046,2024,Junio,6,TIRA 2.1 X 64 LOOPS  14MM CAJA X 384 PLATA,ANILLO DOBLE O,0,0,26
122047,2024,Junio,6,TIRA 2.1 X 64 LOOPS  16MM CAJA X 308 BLANCO,ANILLO DOBLE O,28,11120000,228
122048,2024,Junio,6,TIRA 2.1 X 64 LOOPS  16MM CAJA X 308 BRONCE,ANILLO DOBLE O,2,890200,61
122049,2024,Junio,6,TIRA 2.1 X 64 LOOPS  16MM CAJA X 308 NEGRO,ANILLO DOBLE O,10,4000000,175
122050,2024,Junio,6,TIRA 2.1 X 64 LOOPS  16MM CAJA X 308 PLATA,ANILLO DOBLE O,9,3760600,47
122051,2024,Junio,6,TIRA 2.1 X 64 LOOPS  19MM CAJA X 252 BLANCO,ANILLO DOBLE O,22,9625000,131
122052,2024,Junio,6,TIRA 2.1 X 64 LOOPS  19MM CAJA X 252 BRONCE,ANILLO DOBLE O,2,922040,33
122053,2024,Junio,6,TIRA 2.1 X 64 LOOPS  19MM CAJA X 252 NEGRO,ANILLO DOBLE O,4,1665000,123
122054,2024,Junio,6,TIRA 2.1 X 64 LOOPS  19MM CAJA X 252 PLATA,ANILLO DOBLE O,5,2416800,45
122055,2024,Junio,6,TIRA 2.1 X 64 LOOPS  22MM CAJA X 192 BLANCO,ANILLO DOBLE O,1,435000,65
122056,2024,Junio,6,TIRA 2.1 X 64 LOOPS  22MM CAJA X 192 BRONCE,ANILLO DOBLE O,0,0,33
122057,2024,Junio,6,TIRA 2.1 X 64 LOOPS  22MM CAJA X 192 NEGRO,ANILLO DOBLE O,48,18674024,22
122058,2024,Junio,6,TIRA 2.1 X 64 LOOPS  22MM CAJA X 192 PLATA,ANILLO DOBLE O,2,950000,26
122059,2024,Junio,6,TIRA 2.1 X 64 LOOPS  25MM CAJA X 140 BLANCO,ANILLO DOBLE O,6,2262000,104
122077,2024,Junio,6,TIRA 2.1 X 64 LOOPS  25MM CAJA X 140 BRONCE,ANILLO DOBLE O,0,0,30
122060,2024,Junio,6,TIRA 2.1 X 64 LOOPS  25MM CAJA X 140 NEGRO,ANILLO DOBLE O,0,0,82
122061,2024,Junio,6,TIRA 2.1 X 64 LOOPS  25MM CAJA X 140 PLATA,ANILLO DOBLE O,0,0,41
122062,2024,Junio,6,TIRA 2.1 X 64 LOOPS  28MM CAJA X 96 BLANCO,ANILLO DOBLE O,2,751160,59
122063,2024,Junio,6,TIRA 2.1 X 64 LOOPS  28MM CAJA X 96 NEGRO,ANILLO DOBLE O,0,0,43
122064,2024,Junio,6,TIRA 2.1 X 64 LOOPS  28MM CAJA X 96 PLATA,ANILLO DOBLE O,0,0,31
122065,2024,Junio,6,TIRA 2.1 X 64 LOOPS  32MM CAJA X 96 BLANCO,ANILLO DOBLE O,0,0,54
122066,2024,Junio,6,TIRA 2.1 X 64 LOOPS  32MM CAJA X 96 NEGRO,ANILLO DOBLE O,1,466000,57
131008,2024,Junio,6,VARILLA MEDIA LUNA  10 CM X 100 BLANCO,ANILLO DOBLE O,0,0,2163
131007,2024,Junio,6,VARILLA MEDIA LUNA  10 CM X 100 NEGRO,ANILLO DOBLE O,0,0,1053
131010,2024,Junio,6,VARILLA MEDIA LUNA  15 CM X 100 BLANCO,ANILLO DOBLE O,0,0,885
131009,2024,Junio,6,VARILLA MEDIA LUNA  15 CM X 100 NEGRO,ANILLO DOBLE O,0,0,513
131033,2024,Junio,6,VARILLA MEDIA LUNA  20 CM X 100 BLANCO,ANILLO DOBLE O,0,0,15
131034,2024,Junio,6,VARILLA MEDIA LUNA  20 CM X 100 NEGRO,ANILLO DOBLE O,1,21000,349
131018,2024,Junio,6,YOYO ORIGINAL CAJA X 50 AZUL,VARIOS,6,391500,1192
131019,2024,Junio,6,YOYO ORIGINAL CAJA X 50 BLANCO,VARIOS,192,11355500,1870
131020,2024,Junio,6,YOYO ORIGINAL CAJA X 50 NEGRO,VARIOS,4,261000,961
131021,2024,Junio,6,YOYO ORIGINAL CAJA X 50 ROJO,VARIOS,20,1150000,85
131022,2024,Junio,6,YOYO ORIGINAL CAJA X 50 VERDE,VARIOS,0,0,231
131012,2024,Julio,7,ACETATOS CARTA PAQ X 50,VARIOS,180,1800000,521
113001,2024,Julio,7,BOLSILLO CARNET 60 X 90 MM 175 MIC CAJA X 100,LAMINACION,0,0,0
113005,2024,Julio,7,BOLSILLO CARTA 225MM X 288MM 125 MIC CAJA X 100,LAMINACION,1073,35293400,11432
113006,2024,Julio,7,BOLSILLO CARTA 225MM X 288MM 175 MIC CAJA X 100,LAMINACION,147,6655500,1628
113007,2024,Julio,7,BOLSILLO CARTA 225MM X 288MM 250 MIC CAJA X 50,LAMINACION,108,4202500,2663
113002,2024,Julio,7,BOLSILLO CEDULA 70 X 100 MM 175 MIC CAJA X 100,LAMINACION,810,4423250,9160
113008,2024,Julio,7,BOLSILLO OFICIO 225MM X 337MM 125 MIC CAJA X 100,LAMINACION,494,18712500,4134
113003,2024,Julio,7,BOLSILLO TARJETA PROPIEDAD 80 X 110 MM 175 MIC CAJA X 100,LAMINACION,386,2674600,6081
121009,2024,Julio,7,CARATULA CARTA GRAIN PAQ X 50 AZUL,CARATULA,6,75000,3147
121010,2024,Julio,7,CARATULA CARTA GRAIN PAQ X 50 NEGRO,CARATULA,133,1598750,2062
121034,2024,Julio,7,CARATULA CARTA STRIPE PAQ X 50 AMARILLO,CARATULA,78,996875,1597
121017,2024,Julio,7,CARATULA CARTA STRIPE PAQ X 50 AZUL T-1,CARATULA,46,561875,2293
121018,2024,Julio,7,CARATULA CARTA STRIPE PAQ X 50 AZUL T-2,CARATULA,121,1499375,592
121019,2024,Julio,7,CARATULA CARTA STRIPE PAQ X 50 HUMO,CARATULA,86,1028375,2386
121020,2024,Julio,7,CARATULA CARTA STRIPE PAQ X 50 LILA,CARATULA,27,324375,1692
121021,2024,Julio,7,CARATULA CARTA STRIPE PAQ X 50 NARANJA,CARATULA,26,311875,2288
121022,2024,Julio,7,CARATULA CARTA STRIPE PAQ X 50 ROJO,CARATULA,32,384375,2175
121023,2024,Julio,7,CARATULA CARTA STRIPE PAQ X 50 TRANSPARENTE,CARATULA,812,9821550,7975
121024,2024,Julio,7,CARATULA CARTA STRIPE PAQ X 50 VERDE T-1,CARATULA,7,84375,855
121025,2024,Julio,7,CARATULA CARTA STRIPE PAQ X 50 VERDE T-2,CARATULA,70,857875,3921
121032,2024,Julio,7,CARATULA LEGAL STRIPE PAQ X 50 TRANSPARENTE,CARATULA,10,700000,830
121030,2024,Julio,7,CARATULA OFICIO STRIPE PAQ X 50 TRANSPARENTE,CARATULA,95,1269000,970
121031,2024,Julio,7,CARATULA OFICIO STRIPE PAQ X 50 VERDE T-2,CARATULA,0,0,0
122009,2024,Julio,7,CARRETE  2.1   16 MM X 10500 LOOPS BLANCO,ANILLO DOBLE O,4,1193200,51
122010,2024,Julio,7,CARRETE  2.1   16 MM X 10500 LOOPS NEGRO,ANILLO DOBLE O,3,942000,25
122011,2024,Julio,7,CARRETE  2.1   16 MM X 10500 LOOPS PLATA,ANILLO DOBLE O,0,0,24
122013,2024,Julio,7,CARRETE  2.1   19 MM X 7000 LOOPS BLANCO,ANILLO DOBLE O,1,292000,37
122016,2024,Julio,7,CARRETE  2.1   19 MM X 7000 LOOPS BRONCE,ANILLO DOBLE O,1,331550,21
122014,2024,Julio,7,CARRETE  2.1   19 MM X 7000 LOOPS NEGRO,ANILLO DOBLE O,0,0,40
122015,2024,Julio,7,CARRETE  2.1   19 MM X 7000 LOOPS PLATA,ANILLO DOBLE O,1,331550,17
122017,2024,Julio,7,CARRETE  3.1    8 MM X 60000 LOOPS BLANCO,ANILLO DOBLE O,0,0,91
122018,2024,Julio,7,CARRETE  3.1    8 MM X 60000 LOOPS NEGRO,ANILLO DOBLE O,0,0,69
122019,2024,Julio,7,CARRETE  3.1    8 MM X 60000 LOOPS PLATA,ANILLO DOBLE O,0,0,10
122020,2024,Julio,7,CARRETE  3.1    9 MM X 43000 LOOPS BLANCO,ANILLO DOBLE O,2,710000,176
122021,2024,Julio,7,CARRETE  3.1    9 MM X 43000 LOOPS BRONCE,ANILLO DOBLE O,0,0,34
122022,2024,Julio,7,CARRETE  3.1    9 MM X 43000 LOOPS NEGRO,ANILLO DOBLE O,2,716400,99
122023,2024,Julio,7,CARRETE  3.1    9 MM X 43000 LOOPS PLATA,ANILLO DOBLE O,0,0,33
122024,2024,Julio,7,CARRETE  3.1   11 MM X 32000 LOOPS BLANCO,ANILLO DOBLE O,1,390450,54
122025,2024,Julio,7,CARRETE  3.1   11 MM X 32000 LOOPS NEGRO,ANILLO DOBLE O,0,0,56
122026,2024,Julio,7,CARRETE  3.1   12 MM X 24000 LOOPS BLANCO,ANILLO DOBLE O,3,920600,42
122027,2024,Julio,7,CARRETE  3.1   12 MM X 24000 LOOPS NEGRO,ANILLO DOBLE O,1,342000,46
122028,2024,Julio,7,CARRETE  3.1   12 MM X 24000 LOOPS PLATA,ANILLO DOBLE O,0,0,23
122029,2024,Julio,7,CARRETE  3.1   14 MM X 19300 LOOPS BLANCO,ANILLO DOBLE O,7,2166000,12
122030,2024,Julio,7,CARRETE  3.1   14 MM X 19300 LOOPS NEGRO,ANILLO DOBLE O,2,648000,12
122031,2024,Julio,7,CARRETE  3.1   14 MM X 19300 LOOPS PLATA,ANILLO DOBLE O,1,387900,5
122081,2024,Julio,7,DOBLE O CARTA 2.1    8 MM  CAJA X 100 BLANCO,ANILLO DOBLE O,0,0,441
122082,2024,Julio,7,DOBLE O CARTA 2.1    8 MM  CAJA X 100 NEGRO,ANILLO DOBLE O,1,26000,162
122083,2024,Julio,7,DOBLE O CARTA 2.1    9 MM  CAJA X 100 BLANCO,ANILLO DOBLE O,5,140000,474
122084,2024,Julio,7,DOBLE O CARTA 2.1    9 MM  CAJA X 100 NEGRO,ANILLO DOBLE O,7,196000,299
122085,2024,Julio,7,DOBLE O CARTA 2.1   12 MM  CAJA X 100 BLANCO,ANILLO DOBLE O,6,218500,211
122086,2024,Julio,7,DOBLE O CARTA 2.1   12 MM  CAJA X 100 NEGRO,ANILLO DOBLE O,34,1273000,186
122087,2024,Julio,7,DOBLE O CARTA 2.1   14 MM  CAJA X 100 BLANCO,ANILLO DOBLE O,0,0,350
122088,2024,Julio,7,DOBLE O CARTA 2.1   14 MM  CAJA X 100 NEGRO,ANILLO DOBLE O,1,48000,147
122089,2024,Julio,7,DOBLE O CARTA 2.1   16 MM  CAJA X 50 BLANCO,ANILLO DOBLE O,12,333500,543
122090,2024,Julio,7,DOBLE O CARTA 2.1   16 MM  CAJA X 50 NEGRO,ANILLO DOBLE O,23,580000,80
122091,2024,Julio,7,DOBLE O CARTA 2.1   19 MM  CAJA X 50 BLANCO,ANILLO DOBLE O,22,819000,207
122112,2024,Julio,7,DOBLE O CARTA 2.1   19 MM  CAJA X 50 BRONCE,ANILLO DOBLE O,3,117000,157
122092,2024,Julio,7,DOBLE O CARTA 2.1   19 MM  CAJA X 50 NEGRO,ANILLO DOBLE O,12,448500,169
122093,2024,Julio,7,DOBLE O CARTA 2.1   22 MM  CAJA X 50 BLANCO,ANILLO DOBLE O,3,144000,182
122094,2024,Julio,7,DOBLE O CARTA 2.1   22 MM  CAJA X 50 NEGRO,ANILLO DOBLE O,22,912000,350
122095,2024,Julio,7,DOBLE O CARTA 2.1   25 MM  CAJA X 50 BLANCO,ANILLO DOBLE O,1,56000,283
122096,2024,Julio,7,DOBLE O CARTA 2.1   25 MM  CAJA X 50 NEGRO,ANILLO DOBLE O,3,168000,263
122097,2024,Julio,7,DOBLE O CARTA 2.1   28 MM  CAJA X 30 BLANCO,ANILLO DOBLE O,0,0,364
122098,2024,Julio,7,DOBLE O CARTA 2.1   28 MM  CAJA X 30 NEGRO,ANILLO DOBLE O,3,186000,342
122099,2024,Julio,7,DOBLE O CARTA 2.1   32 MM  CAJA X 30 BLANCO,ANILLO DOBLE O,0,0,443
122100,2024,Julio,7,DOBLE O CARTA 2.1   32 MM  CAJA X 30 NEGRO,ANILLO DOBLE O,2,142000,180
122101,2024,Julio,7,DOBLE O CARTA 3.1    8 MM   CAJA X 100 BLANCO,ANILLO DOBLE O,0,0,637
122102,2024,Julio,7,DOBLE O CARTA 3.1    8 MM  CAJA X 100 NEGRO,ANILLO DOBLE O,5,117000,433
122103,2024,Julio,7,DOBLE O CARTA 3.1    9 MM  CAJA X 100 BLANCO,ANILLO DOBLE O,5,133000,503
122104,2024,Julio,7,DOBLE O CARTA 3.1    9 MM  CAJA X 100 NEGRO,ANILLO DOBLE O,0,0,153
122105,2024,Julio,7,DOBLE O CARTA 3.1   11 MM  CAJA X 100 BLANCO,ANILLO DOBLE O,0,0,409
122106,2024,Julio,7,DOBLE O CARTA 3.1   11 MM  CAJA X 100 NEGRO,ANILLO DOBLE O,0,0,156
122108,2024,Julio,7,DOBLE O CARTA 3.1   12 MM  CAJA X 100 BLANCO,ANILLO DOBLE O,0,0,699
122107,2024,Julio,7,DOBLE O CARTA 3.1   12 MM  CAJA X 100 NEGRO,ANILLO DOBLE O,0,0,321
122109,2024,Julio,7,DOBLE O CARTA 3.1   12 MM  CAJA X 100 PLATA,ANILLO DOBLE O,0,0,158
122110,2024,Julio,7,DOBLE O CARTA 3.1   14 MM  CAJA X 100 BLANCO,ANILLO DOBLE O,1,48000,358
122111,2024,Julio,7,DOBLE O CARTA 3.1   14 MM  CAJA X 100 NEGRO,ANILLO DOBLE O,0,0,234
112031,2024,Julio,7,FOIL S1 (101) 640 MM X 120 MT 12 MIC DORADO,LAMINACION,9,513000,101
112032,2024,Julio,7,FOIL S1 (120) 640 MM X 120 MT 12 MIC PLATA,LAMINACION,1,57000,116
112033,2024,Julio,7,FOIL S2 (101) 640 MM X 120 MT 12 MIC DORADO,LAMINACION,1,63000,19
112034,2024,Julio,7,FOIL S2 (120) 640 MM X 120 MT 12 MIC PLATA,LAMINACION,27,1389000,20
112036,2024,Julio,7,FOIL S4 (S15) 640 MM X 120 MT 12 MIC PLATA HOLOGRAFICO,LAMINACION,2,160000,76
112035,2024,Julio,7,FOIL S4 (SA18) 640 MM X 120 MT 12 MIC DORADO HOLOGRAFICO,LAMINACION,23,1752620,35
111001,2024,Julio,7,ROLLO 113 MM X 60 MTS 175 MICRAS,LAMINACION,40,1071550,1342
111002,2024,Julio,7,ROLLO 113 MM X 60 MTS 250 MICRAS,LAMINACION,22,780000,144
111003,2024,Julio,7,ROLLO 226 MM X 60 MTS 125 MICRAS,LAMINACION,381,14073972,687
111004,2024,Julio,7,ROLLO 226 MM X 60 MTS 175 MICRAS,LAMINACION,0,0,200
111005,2024,Julio,7,ROLLO 226 MM X 60 MTS 250 MICRAS,LAMINACION,1,79000,118
111007,2024,Julio,7,ROLLO 300 MM X 60 MTS 125 MICRAS,LAMINACION,0,0,0
111008,2024,Julio,7,ROLLO 300 MM X 60 MTS 250 MICRAS,LAMINACION,4,420000,41
111018,2024,Julio,7,ROLLO 350 MM X 60 MTS 250 MICRAS,LAMINACION,0,0,227
111010,2024,Julio,7,ROLLO 375 MM X 60 MTS 125 MICRAS,LAMINACION,0,0,0
111013,2024,Julio,7,ROLLO 375 MM X 75 MTS 75 MICRAS MATTE,PLASTIFICACION,1,60000,119
111019,2024,Julio,7,ROLLO 540 MM X 60 MTS 125 MICRAS,PLASTIFICACION,40,3800000,0
111020,2024,Julio,7,ROLLO 540 MM X 60 MTS 175 MICRAS,PLASTIFICACION,20,2720000,140
111016,2024,Julio,7,ROLLO 680 MM X 60 MTS 125 MICRAS BRILLANTE,PLASTIFICACION,16,2400000,161
112001,2024,Julio,7,ROLLO BOPP BRILLANTE 250 MM X 4000 MT 18 MIC,PLASTIFICACION,21,5302160,91
112002,2024,Julio,7,ROLLO BOPP BRILLANTE 300 MM X 4000 MT 18 MIC,PLASTIFICACION,13,3853000,128
112003,2024,Julio,7,ROLLO BOPP BRILLANTE 330 MM X 200 MT 23 MIC,PLASTIFICACION,18,1022966,557
112006,2024,Julio,7,ROLLO BOPP BRILLANTE 345 MM X 4000 MT 18 MIC,PLASTIFICACION,33,11392100,97
112026,2024,Julio,7,ROLLO BOPP BRILLANTE 400 MM X 4000 MT 18 MIC,PLASTIFICACION,2,785400,37
112007,2024,Julio,7,ROLLO BOPP BRILLANTE 445 MM X 4000 MT 18 MIC,PLASTIFICACION,20,9017200,32
112008,2024,Julio,7,ROLLO BOPP BRILLANTE 495 MM X 4000 MT 18 MIC,PLASTIFICACION,76,37029706,24
112028,2024,Julio,7,ROLLO BOPP BRILLANTE 595 MM X 4000 MT 18 MIC,PLASTIFICACION,6,3660000,43
112009,2024,Julio,7,ROLLO BOPP BRILLANTE 695 MM X 4000 MT 18 MIC,PLASTIFICACION,7,4948500,37
112024,2024,Julio,7,ROLLO BOPP MATE 200 MM X 4000 MT 18 MIC,PLASTIFICACION,6,980000,20
112010,2024,Julio,7,ROLLO BOPP MATE 250 MM X 4000 MT 18 MIC,PLASTIFICACION,18,4283630,36
112011,2024,Julio,7,ROLLO BOPP MATE 300 MM X 4000 MT 18 MIC,PLASTIFICACION,28,7941500,64
112012,2024,Julio,7,ROLLO BOPP MATE 330 MM X 200 MT 23 MIC,PLASTIFICACION,15,877000,534
112021,2024,Julio,7,ROLLO BOPP MATE 330 MM X 4000 MT 18 MIC,PLASTIFICACION,0,0,0
112013,2024,Julio,7,ROLLO BOPP MATE 330 MM X 500 MT 22 MIC,PLASTIFICACION,1,150000,173
112015,2024,Julio,7,ROLLO BOPP MATE 345 MM X 4000 MT 18 MIC,PLASTIFICACION,54,17770850,18
112025,2024,Julio,7,ROLLO BOPP MATE 400 MM X 4000 MT 18 MIC,PLASTIFICACION,8,2922900,6
112016,2024,Julio,7,ROLLO BOPP MATE 445 MM X 4000 MT 18 MIC,PLASTIFICACION,16,6946500,36
112017,2024,Julio,7,ROLLO BOPP MATE 495 MM X 4000 MT 18 MIC,PLASTIFICACION,53,26202858,176
112018,2024,Julio,7,ROLLO BOPP MATE 595 MM X 4000 MT 18 MIC,ANILLO DOBLE O,3,1765800,28
112019,2024,Julio,7,ROLLO BOPP MATE 695 MM X 4000 MT 18 MIC,ANILLO DOBLE O,6,3917800,26
112020,2024,Julio,7,ROLLO HOLOGRAFICO 495 MM X 1500 MT 24 MIC,ANILLO DOBLE O,4,1902400,205
112022,2024,Julio,7,ROLLO METALIZADO DORADO 495 MM X 1000 MT 22 MIC,ANILLO DOBLE O,0,0,98
112023,2024,Julio,7,ROLLO METALIZADO PLATA 495 MM X 1000 MT 22 MIC,ANILLO DOBLE O,4,1248000,114
112027,2024,Julio,7,ROLLO PIEL DURAZNO 495 MM X 200 MT 28 MIC,ANILLO DOBLE O,4,633000,87
112005,2024,Julio,7,ROLLO SUPERBONDING BRILLANTE 330 MM X 500 MT 30 MIC,ANILLO DOBLE O,1,201681,56
122041,2024,Julio,7,TIRA 2.1 X 64 LOOPS  12MM CAJA X 540 BLANCO,ANILLO DOBLE O,0,0,56
122042,2024,Julio,7,TIRA 2.1 X 64 LOOPS  12MM CAJA X 540 NEGRO,ANILLO DOBLE O,0,0,68
122043,2024,Julio,7,TIRA 2.1 X 64 LOOPS  12MM CAJA X 540 PLATA,ANILLO DOBLE O,0,0,59
122044,2024,Julio,7,TIRA 2.1 X 64 LOOPS  14MM CAJA X 384 BLANCO,ANILLO DOBLE O,18,7435750,45
122045,2024,Julio,7,TIRA 2.1 X 64 LOOPS  14MM CAJA X 384 NEGRO,ANILLO DOBLE O,1,409500,62
122046,2024,Julio,7,TIRA 2.1 X 64 LOOPS  14MM CAJA X 384 PLATA,ANILLO DOBLE O,0,0,26
122047,2024,Julio,7,TIRA 2.1 X 64 LOOPS  16MM CAJA X 308 BLANCO,ANILLO DOBLE O,10,4188000,218
122048,2024,Julio,7,TIRA 2.1 X 64 LOOPS  16MM CAJA X 308 BRONCE,ANILLO DOBLE O,3,1467750,58
122049,2024,Julio,7,TIRA 2.1 X 64 LOOPS  16MM CAJA X 308 NEGRO,ANILLO DOBLE O,3,1260000,172
122050,2024,Julio,7,TIRA 2.1 X 64 LOOPS  16MM CAJA X 308 PLATA,ANILLO DOBLE O,2,916700,45
122051,2024,Julio,7,TIRA 2.1 X 64 LOOPS  19MM CAJA X 252 BLANCO,ANILLO DOBLE O,23,10503600,108
122052,2024,Julio,7,TIRA 2.1 X 64 LOOPS  19MM CAJA X 252 BRONCE,ANILLO DOBLE O,0,0,33
122053,2024,Julio,7,TIRA 2.1 X 64 LOOPS  19MM CAJA X 252 NEGRO,ANILLO DOBLE O,17,7810800,106
122054,2024,Julio,7,TIRA 2.1 X 64 LOOPS  19MM CAJA X 252 PLATA,ANILLO DOBLE O,2,1032400,43
122055,2024,Julio,7,TIRA 2.1 X 64 LOOPS  22MM CAJA X 192 BLANCO,ANILLO DOBLE O,27,11858450,38
122056,2024,Julio,7,TIRA 2.1 X 64 LOOPS  22MM CAJA X 192 BRONCE,ANILLO DOBLE O,0,0,33
122057,2024,Julio,7,TIRA 2.1 X 64 LOOPS  22MM CAJA X 192 NEGRO,ANILLO DOBLE O,5,2215850,17
122058,2024,Julio,7,TIRA 2.1 X 64 LOOPS  22MM CAJA X 192 PLATA,ANILLO DOBLE O,0,0,26
122059,2024,Julio,7,TIRA 2.1 X 64 LOOPS  25MM CAJA X 140 BLANCO,ANILLO DOBLE O,25,9537200,79
122077,2024,Julio,7,TIRA 2.1 X 64 LOOPS  25MM CAJA X 140 BRONCE,ANILLO DOBLE O,5,2050000,25
122060,2024,Julio,7,TIRA 2.1 X 64 LOOPS  25MM CAJA X 140 NEGRO,ANILLO DOBLE O,5,1899000,77
122061,2024,Julio,7,TIRA 2.1 X 64 LOOPS  25MM CAJA X 140 PLATA,ANILLO DOBLE O,0,0,41
122062,2024,Julio,7,TIRA 2.1 X 64 LOOPS  28MM CAJA X 96 BLANCO,ANILLO DOBLE O,2,898700,57
122063,2024,Julio,7,TIRA 2.1 X 64 LOOPS  28MM CAJA X 96 NEGRO,ANILLO DOBLE O,0,0,43
122064,2024,Julio,7,TIRA 2.1 X 64 LOOPS  28MM CAJA X 96 PLATA,ANILLO DOBLE O,0,0,31
122065,2024,Julio,7,TIRA 2.1 X 64 LOOPS  32MM CAJA X 96 BLANCO,ANILLO DOBLE O,0,0,54
122066,2024,Julio,7,TIRA 2.1 X 64 LOOPS  32MM CAJA X 96 NEGRO,ANILLO DOBLE O,0,0,57
131008,2024,Julio,7,VARILLA MEDIA LUNA  10 CM X 100 BLANCO,ANILLO DOBLE O,1,11700,2162
131007,2024,Julio,7,VARILLA MEDIA LUNA  10 CM X 100 NEGRO,ANILLO DOBLE O,0,0,1053
131010,2024,Julio,7,VARILLA MEDIA LUNA  15 CM X 100 BLANCO,ANILLO DOBLE O,0,0,885
131009,2024,Julio,7,VARILLA MEDIA LUNA  15 CM X 100 NEGRO,ANILLO DOBLE O,0,0,513
131033,2024,Julio,7,VARILLA MEDIA LUNA  20 CM X 100 BLANCO,ANILLO DOBLE O,0,0,15
131034,2024,Julio,7,VARILLA MEDIA LUNA  20 CM X 100 NEGRO,ANILLO DOBLE O,0,0,349
131018,2024,Julio,7,YOYO ORIGINAL CAJA X 50 AZUL,VARIOS,62,3633000,1130
131019,2024,Julio,7,YOYO ORIGINAL CAJA X 50 BLANCO,VARIOS,50,2902500,1820
131020,2024,Julio,7,YOYO ORIGINAL CAJA X 50 NEGRO,VARIOS,21,1165250,940
131021,2024,Julio,7,YOYO ORIGINAL CAJA X 50 ROJO,VARIOS,0,0,85
131022,2024,Julio,7,YOYO ORIGINAL CAJA X 50 VERDE,VARIOS,10,550000,221
131012,2024,Agosto,8,ACETATOS CARTA PAQ X 50,VARIOS,521,4890000,0
113001,2024,Agosto,8,BOLSILLO CARNET 60 X 90 MM 175 MIC CAJA X 100,LAMINACION,0,0,0
113005,2024,Agosto,8,BOLSILLO CARTA 225MM X 288MM 125 MIC CAJA X 100,LAMINACION,970,32316750,10462
113006,2024,Agosto,8,BOLSILLO CARTA 225MM X 288MM 175 MIC CAJA X 100,LAMINACION,160,7242000,1468
113007,2024,Agosto,8,BOLSILLO CARTA 225MM X 288MM 250 MIC CAJA X 50,LAMINACION,204,7787950,2459
113002,2024,Agosto,8,BOLSILLO CEDULA 70 X 100 MM 175 MIC CAJA X 100,LAMINACION,811,4364750,8349
113008,2024,Agosto,8,BOLSILLO OFICIO 225MM X 337MM 125 MIC CAJA X 100,LAMINACION,300,11502350,3834
113003,2024,Agosto,8,BOLSILLO TARJETA PROPIEDAD 80 X 110 MM 175 MIC CAJA X 100,LAMINACION,452,3242950,5629
121009,2024,Agosto,8,CARATULA CARTA GRAIN PAQ X 50 AZUL,CARATULA,24,300000,3123
121010,2024,Agosto,8,CARATULA CARTA GRAIN PAQ X 50 NEGRO,CARATULA,148,1798125,1914
121034,2024,Agosto,8,CARATULA CARTA STRIPE PAQ X 50 AMARILLO,CARATULA,12,145000,1585
121017,2024,Agosto,8,CARATULA CARTA STRIPE PAQ X 50 AZUL T-1,CARATULA,198,2242500,2095
121018,2024,Agosto,8,CARATULA CARTA STRIPE PAQ X 50 AZUL T-2,CARATULA,415,4545000,177
121019,2024,Agosto,8,CARATULA CARTA STRIPE PAQ X 50 HUMO,CARATULA,118,1437250,2298
121020,2024,Agosto,8,CARATULA CARTA STRIPE PAQ X 50 LILA,CARATULA,156,1745000,1536
121021,2024,Agosto,8,CARATULA CARTA STRIPE PAQ X 50 NARANJA,CARATULA,21,257500,2267
121022,2024,Agosto,8,CARATULA CARTA STRIPE PAQ X 50 ROJO,CARATULA,57,685000,2118
121023,2024,Agosto,8,CARATULA CARTA STRIPE PAQ X 50 TRANSPARENTE,CARATULA,962,11726875,7013
121024,2024,Agosto,8,CARATULA CARTA STRIPE PAQ X 50 VERDE T-1,CARATULA,51,617500,804
121025,2024,Agosto,8,CARATULA CARTA STRIPE PAQ X 50 VERDE T-2,CARATULA,31,372500,3890
121032,2024,Agosto,8,CARATULA LEGAL STRIPE PAQ X 50 TRANSPARENTE,CARATULA,2,140000,828
121030,2024,Agosto,8,CARATULA OFICIO STRIPE PAQ X 50 TRANSPARENTE,CARATULA,266,3304000,704
121031,2024,Agosto,8,CARATULA OFICIO STRIPE PAQ X 50 VERDE T-2,CARATULA,0,0,0
122009,2024,Agosto,8,CARRETE  2.1   16 MM X 10500 LOOPS BLANCO,ANILLO DOBLE O,6,1821200,45
122010,2024,Agosto,8,CARRETE  2.1   16 MM X 10500 LOOPS NEGRO,ANILLO DOBLE O,2,612300,23
122011,2024,Agosto,8,CARRETE  2.1   16 MM X 10500 LOOPS PLATA,ANILLO DOBLE O,0,0,24
122013,2024,Agosto,8,CARRETE  2.1   19 MM X 7000 LOOPS BLANCO,ANILLO DOBLE O,4,1124200,33
122016,2024,Agosto,8,CARRETE  2.1   19 MM X 7000 LOOPS BRONCE,ANILLO DOBLE O,0,0,21
122014,2024,Agosto,8,CARRETE  2.1   19 MM X 7000 LOOPS NEGRO,ANILLO DOBLE O,3,861400,37
122015,2024,Agosto,8,CARRETE  2.1   19 MM X 7000 LOOPS PLATA,ANILLO DOBLE O,0,0,17
122017,2024,Agosto,8,CARRETE  3.1    8 MM X 60000 LOOPS BLANCO,ANILLO DOBLE O,0,0,91
122018,2024,Agosto,8,CARRETE  3.1    8 MM X 60000 LOOPS NEGRO,ANILLO DOBLE O,0,0,69
122019,2024,Agosto,8,CARRETE  3.1    8 MM X 60000 LOOPS PLATA,ANILLO DOBLE O,0,0,10
122020,2024,Agosto,8,CARRETE  3.1    9 MM X 43000 LOOPS BLANCO,ANILLO DOBLE O,5,1850700,171
122021,2024,Agosto,8,CARRETE  3.1    9 MM X 43000 LOOPS BRONCE,ANILLO DOBLE O,0,0,34
122022,2024,Agosto,8,CARRETE  3.1    9 MM X 43000 LOOPS NEGRO,ANILLO DOBLE O,8,2746200,91
122023,2024,Agosto,8,CARRETE  3.1    9 MM X 43000 LOOPS PLATA,ANILLO DOBLE O,0,0,33
122024,2024,Agosto,8,CARRETE  3.1   11 MM X 32000 LOOPS BLANCO,ANILLO DOBLE O,2,780900,52
122025,2024,Agosto,8,CARRETE  3.1   11 MM X 32000 LOOPS NEGRO,ANILLO DOBLE O,8,3000300,48
122026,2024,Agosto,8,CARRETE  3.1   12 MM X 24000 LOOPS BLANCO,ANILLO DOBLE O,1,324900,41
122027,2024,Agosto,8,CARRETE  3.1   12 MM X 24000 LOOPS NEGRO,ANILLO DOBLE O,4,1197000,42
122028,2024,Agosto,8,CARRETE  3.1   12 MM X 24000 LOOPS PLATA,ANILLO DOBLE O,2,780000,21
122029,2024,Agosto,8,CARRETE  3.1   14 MM X 19300 LOOPS BLANCO,ANILLO DOBLE O,0,0,12
122030,2024,Agosto,8,CARRETE  3.1   14 MM X 19300 LOOPS NEGRO,ANILLO DOBLE O,1,342000,11
122031,2024,Agosto,8,CARRETE  3.1   14 MM X 19300 LOOPS PLATA,ANILLO DOBLE O,0,0,5
122081,2024,Agosto,8,DOBLE O CARTA 2.1    8 MM  CAJA X 100 BLANCO,ANILLO DOBLE O,0,0,441
122082,2024,Agosto,8,DOBLE O CARTA 2.1    8 MM  CAJA X 100 NEGRO,ANILLO DOBLE O,0,0,162
122083,2024,Agosto,8,DOBLE O CARTA 2.1    9 MM  CAJA X 100 BLANCO,ANILLO DOBLE O,12,319200,462
122084,2024,Agosto,8,DOBLE O CARTA 2.1    9 MM  CAJA X 100 NEGRO,ANILLO DOBLE O,16,415800,283
122085,2024,Agosto,8,DOBLE O CARTA 2.1   12 MM  CAJA X 100 BLANCO,ANILLO DOBLE O,30,1121000,181
122086,2024,Agosto,8,DOBLE O CARTA 2.1   12 MM  CAJA X 100 NEGRO,ANILLO DOBLE O,18,628900,168
122087,2024,Agosto,8,DOBLE O CARTA 2.1   14 MM  CAJA X 100 BLANCO,ANILLO DOBLE O,8,364800,342
122088,2024,Agosto,8,DOBLE O CARTA 2.1   14 MM  CAJA X 100 NEGRO,ANILLO DOBLE O,8,362400,139
122089,2024,Agosto,8,DOBLE O CARTA 2.1   16 MM  CAJA X 50 BLANCO,ANILLO DOBLE O,63,1700850,480
122090,2024,Agosto,8,DOBLE O CARTA 2.1   16 MM  CAJA X 50 NEGRO,ANILLO DOBLE O,56,1464500,24
122091,2024,Agosto,8,DOBLE O CARTA 2.1   19 MM  CAJA X 50 BLANCO,ANILLO DOBLE O,35,1341600,172
122112,2024,Agosto,8,DOBLE O CARTA 2.1   19 MM  CAJA X 50 BRONCE,ANILLO DOBLE O,2,78000,155
122092,2024,Agosto,8,DOBLE O CARTA 2.1   19 MM  CAJA X 50 NEGRO,ANILLO DOBLE O,28,998400,141
122093,2024,Agosto,8,DOBLE O CARTA 2.1   22 MM  CAJA X 50 BLANCO,ANILLO DOBLE O,7,326400,175
122094,2024,Agosto,8,DOBLE O CARTA 2.1   22 MM  CAJA X 50 NEGRO,ANILLO DOBLE O,21,940800,329
122095,2024,Agosto,8,DOBLE O CARTA 2.1   25 MM  CAJA X 50 BLANCO,ANILLO DOBLE O,2,112000,281
122096,2024,Agosto,8,DOBLE O CARTA 2.1   25 MM  CAJA X 50 NEGRO,ANILLO DOBLE O,8,420000,255
122097,2024,Agosto,8,DOBLE O CARTA 2.1   28 MM  CAJA X 30 BLANCO,ANILLO DOBLE O,0,0,364
122098,2024,Agosto,8,DOBLE O CARTA 2.1   28 MM  CAJA X 30 NEGRO,ANILLO DOBLE O,2,124000,340
122099,2024,Agosto,8,DOBLE O CARTA 2.1   32 MM  CAJA X 30 BLANCO,ANILLO DOBLE O,1,71000,442
122100,2024,Agosto,8,DOBLE O CARTA 2.1   32 MM  CAJA X 30 NEGRO,ANILLO DOBLE O,9,589300,171
122101,2024,Agosto,8,DOBLE O CARTA 3.1    8 MM   CAJA X 100 BLANCO,ANILLO DOBLE O,0,0,637
122102,2024,Agosto,8,DOBLE O CARTA 3.1    8 MM  CAJA X 100 NEGRO,ANILLO DOBLE O,2,52000,431
122103,2024,Agosto,8,DOBLE O CARTA 3.1    9 MM  CAJA X 100 BLANCO,ANILLO DOBLE O,5,119000,498
122104,2024,Agosto,8,DOBLE O CARTA 3.1    9 MM  CAJA X 100 NEGRO,ANILLO DOBLE O,23,565600,130
122105,2024,Agosto,8,DOBLE O CARTA 3.1   11 MM  CAJA X 100 BLANCO,ANILLO DOBLE O,0,0,409
122106,2024,Agosto,8,DOBLE O CARTA 3.1   11 MM  CAJA X 100 NEGRO,ANILLO DOBLE O,0,0,156
122108,2024,Agosto,8,DOBLE O CARTA 3.1   12 MM  CAJA X 100 BLANCO,ANILLO DOBLE O,0,0,699
122107,2024,Agosto,8,DOBLE O CARTA 3.1   12 MM  CAJA X 100 NEGRO,ANILLO DOBLE O,13,459200,308
122109,2024,Agosto,8,DOBLE O CARTA 3.1   12 MM  CAJA X 100 PLATA,ANILLO DOBLE O,0,0,158
122110,2024,Agosto,8,DOBLE O CARTA 3.1   14 MM  CAJA X 100 BLANCO,ANILLO DOBLE O,3,141600,355
122111,2024,Agosto,8,DOBLE O CARTA 3.1   14 MM  CAJA X 100 NEGRO,ANILLO DOBLE O,2,93600,232
112031,2024,Agosto,8,FOIL S1 (101) 640 MM X 120 MT 12 MIC DORADO,LAMINACION,4,222300,97
112032,2024,Agosto,8,FOIL S1 (120) 640 MM X 120 MT 12 MIC PLATA,LAMINACION,4,228000,112
112033,2024,Agosto,8,FOIL S2 (101) 640 MM X 120 MT 12 MIC DORADO,LAMINACION,6,378000,13
112034,2024,Agosto,8,FOIL S2 (120) 640 MM X 120 MT 12 MIC PLATA,LAMINACION,0,0,20
112036,2024,Agosto,8,FOIL S4 (S15) 640 MM X 120 MT 12 MIC PLATA HOLOGRAFICO,LAMINACION,1,72000,75
112035,2024,Agosto,8,FOIL S4 (SA18) 640 MM X 120 MT 12 MIC DORADO HOLOGRAFICO,LAMINACION,0,0,35
111001,2024,Agosto,8,ROLLO 113 MM X 60 MTS 175 MICRAS,LAMINACION,23,614800,1319
111002,2024,Agosto,8,ROLLO 113 MM X 60 MTS 250 MICRAS,LAMINACION,0,0,144
111003,2024,Agosto,8,ROLLO 226 MM X 60 MTS 125 MICRAS,LAMINACION,200,7123200,487
111004,2024,Agosto,8,ROLLO 226 MM X 60 MTS 175 MICRAS,LAMINACION,22,1364000,178
111005,2024,Agosto,8,ROLLO 226 MM X 60 MTS 250 MICRAS,LAMINACION,15,1113900,103
111007,2024,Agosto,8,ROLLO 300 MM X 60 MTS 125 MICRAS,LAMINACION,0,0,0
111008,2024,Agosto,8,ROLLO 300 MM X 60 MTS 250 MICRAS,LAMINACION,9,945000,32
111018,2024,Agosto,8,ROLLO 350 MM X 60 MTS 250 MICRAS,LAMINACION,0,0,227
111010,2024,Agosto,8,ROLLO 375 MM X 60 MTS 125 MICRAS,LAMINACION,0,0,0
111013,2024,Agosto,8,ROLLO 375 MM X 75 MTS 75 MICRAS MATTE,PLASTIFICACION,3,180000,116
111019,2024,Agosto,8,ROLLO 540 MM X 60 MTS 125 MICRAS,PLASTIFICACION,0,0,0
111020,2024,Agosto,8,ROLLO 540 MM X 60 MTS 175 MICRAS,PLASTIFICACION,0,0,140
111016,2024,Agosto,8,ROLLO 680 MM X 60 MTS 125 MICRAS BRILLANTE,PLASTIFICACION,12,1798000,149
112001,2024,Agosto,8,ROLLO BOPP BRILLANTE 250 MM X 4000 MT 18 MIC,PLASTIFICACION,21,5267250,110
112002,2024,Agosto,8,ROLLO BOPP BRILLANTE 300 MM X 4000 MT 18 MIC,PLASTIFICACION,13,3832200,159
112003,2024,Agosto,8,ROLLO BOPP BRILLANTE 330 MM X 200 MT 23 MIC,PLASTIFICACION,22,1279750,535
112006,2024,Agosto,8,ROLLO BOPP BRILLANTE 345 MM X 4000 MT 18 MIC,PLASTIFICACION,29,10064280,164
112026,2024,Agosto,8,ROLLO BOPP BRILLANTE 400 MM X 4000 MT 18 MIC,PLASTIFICACION,3,1183300,34
112007,2024,Agosto,8,ROLLO BOPP BRILLANTE 445 MM X 4000 MT 18 MIC,PLASTIFICACION,20,8874150,52
112008,2024,Agosto,8,ROLLO BOPP BRILLANTE 495 MM X 4000 MT 18 MIC,PLASTIFICACION,43,20722050,84
112028,2024,Agosto,8,ROLLO BOPP BRILLANTE 595 MM X 4000 MT 18 MIC,PLASTIFICACION,1,651200,78
112009,2024,Agosto,8,ROLLO BOPP BRILLANTE 695 MM X 4000 MT 18 MIC,PLASTIFICACION,11,7906600,45
112024,2024,Agosto,8,ROLLO BOPP MATE 200 MM X 4000 MT 18 MIC,PLASTIFICACION,10,1765200,10
112010,2024,Agosto,8,ROLLO BOPP MATE 250 MM X 4000 MT 18 MIC,PLASTIFICACION,26,6061500,70
112011,2024,Agosto,8,ROLLO BOPP MATE 300 MM X 4000 MT 18 MIC,PLASTIFICACION,32,8827513,93
112012,2024,Agosto,8,ROLLO BOPP MATE 330 MM X 200 MT 23 MIC,PLASTIFICACION,1,65000,533
112021,2024,Agosto,8,ROLLO BOPP MATE 330 MM X 4000 MT 18 MIC,PLASTIFICACION,0,0,0
112013,2024,Agosto,8,ROLLO BOPP MATE 330 MM X 500 MT 22 MIC,PLASTIFICACION,2,285000,171
112015,2024,Agosto,8,ROLLO BOPP MATE 345 MM X 4000 MT 18 MIC,PLASTIFICACION,57,17776780,71
112025,2024,Agosto,8,ROLLO BOPP MATE 400 MM X 4000 MT 18 MIC,PLASTIFICACION,3,1167972,3
112016,2024,Agosto,8,ROLLO BOPP MATE 445 MM X 4000 MT 18 MIC,PLASTIFICACION,46,19240150,72
112017,2024,Agosto,8,ROLLO BOPP MATE 495 MM X 4000 MT 18 MIC,PLASTIFICACION,102,46877370,271
112018,2024,Agosto,8,ROLLO BOPP MATE 595 MM X 4000 MT 18 MIC,ANILLO DOBLE O,22,12471370,42
112019,2024,Agosto,8,ROLLO BOPP MATE 695 MM X 4000 MT 18 MIC,ANILLO DOBLE O,21,13682750,45
112020,2024,Agosto,8,ROLLO HOLOGRAFICO 495 MM X 1500 MT 24 MIC,ANILLO DOBLE O,2,884585,203
112022,2024,Agosto,8,ROLLO METALIZADO DORADO 495 MM X 1000 MT 22 MIC,ANILLO DOBLE O,0,0,98
112023,2024,Agosto,8,ROLLO METALIZADO PLATA 495 MM X 1000 MT 22 MIC,ANILLO DOBLE O,6,1961700,111
112027,2024,Agosto,8,ROLLO PIEL DURAZNO 495 MM X 200 MT 28 MIC,ANILLO DOBLE O,4,640000,83
112005,2024,Agosto,8,ROLLO SUPERBONDING BRILLANTE 330 MM X 500 MT 30 MIC,ANILLO DOBLE O,0,0,56
122041,2024,Agosto,8,TIRA 2.1 X 64 LOOPS  12MM CAJA X 540 BLANCO,ANILLO DOBLE O,10,4510500,46
122042,2024,Agosto,8,TIRA 2.1 X 64 LOOPS  12MM CAJA X 540 NEGRO,ANILLO DOBLE O,2,925750,66
122043,2024,Agosto,8,TIRA 2.1 X 64 LOOPS  12MM CAJA X 540 PLATA,ANILLO DOBLE O,1,474300,58
122044,2024,Agosto,8,TIRA 2.1 X 64 LOOPS  14MM CAJA X 384 BLANCO,ANILLO DOBLE O,16,6620250,29
122045,2024,Agosto,8,TIRA 2.1 X 64 LOOPS  14MM CAJA X 384 NEGRO,ANILLO DOBLE O,2,773500,60
122046,2024,Agosto,8,TIRA 2.1 X 64 LOOPS  14MM CAJA X 384 PLATA,ANILLO DOBLE O,0,0,26
122047,2024,Agosto,8,TIRA 2.1 X 64 LOOPS  16MM CAJA X 308 BLANCO,ANILLO DOBLE O,23,9520000,195
122048,2024,Agosto,8,TIRA 2.1 X 64 LOOPS  16MM CAJA X 308 BRONCE,ANILLO DOBLE O,1,463500,57
122049,2024,Agosto,8,TIRA 2.1 X 64 LOOPS  16MM CAJA X 308 NEGRO,ANILLO DOBLE O,7,2906400,165
122050,2024,Agosto,8,TIRA 2.1 X 64 LOOPS  16MM CAJA X 308 PLATA,ANILLO DOBLE O,4,1838550,41
122051,2024,Agosto,8,TIRA 2.1 X 64 LOOPS  19MM CAJA X 252 BLANCO,ANILLO DOBLE O,11,5192400,98
122052,2024,Agosto,8,TIRA 2.1 X 64 LOOPS  19MM CAJA X 252 BRONCE,ANILLO DOBLE O,5,2656400,28
122053,2024,Agosto,8,TIRA 2.1 X 64 LOOPS  19MM CAJA X 252 NEGRO,ANILLO DOBLE O,3,1386000,103
122054,2024,Agosto,8,TIRA 2.1 X 64 LOOPS  19MM CAJA X 252 PLATA,ANILLO DOBLE O,6,3143600,37
122055,2024,Agosto,8,TIRA 2.1 X 64 LOOPS  22MM CAJA X 192 BLANCO,ANILLO DOBLE O,6,2751550,32
122056,2024,Agosto,8,TIRA 2.1 X 64 LOOPS  22MM CAJA X 192 BRONCE,ANILLO DOBLE O,1,560000,32
122057,2024,Agosto,8,TIRA 2.1 X 64 LOOPS  22MM CAJA X 192 NEGRO,ANILLO DOBLE O,4,1801900,13
122058,2024,Agosto,8,TIRA 2.1 X 64 LOOPS  22MM CAJA X 192 PLATA,ANILLO DOBLE O,1,504000,25
122059,2024,Agosto,8,TIRA 2.1 X 64 LOOPS  25MM CAJA X 140 BLANCO,ANILLO DOBLE O,5,1983400,74
122077,2024,Agosto,8,TIRA 2.1 X 64 LOOPS  25MM CAJA X 140 BRONCE,ANILLO DOBLE O,0,0,25
122060,2024,Agosto,8,TIRA 2.1 X 64 LOOPS  25MM CAJA X 140 NEGRO,ANILLO DOBLE O,2,738500,75
122061,2024,Agosto,8,TIRA 2.1 X 64 LOOPS  25MM CAJA X 140 PLATA,ANILLO DOBLE O,4,1871100,37
122062,2024,Agosto,8,TIRA 2.1 X 64 LOOPS  28MM CAJA X 96 BLANCO,ANILLO DOBLE O,0,0,57
122063,2024,Agosto,8,TIRA 2.1 X 64 LOOPS  28MM CAJA X 96 NEGRO,ANILLO DOBLE O,0,0,43
122064,2024,Agosto,8,TIRA 2.1 X 64 LOOPS  28MM CAJA X 96 PLATA,ANILLO DOBLE O,1,506000,30
122065,2024,Agosto,8,TIRA 2.1 X 64 LOOPS  32MM CAJA X 96 BLANCO,ANILLO DOBLE O,6,2975400,52
122066,2024,Agosto,8,TIRA 2.1 X 64 LOOPS  32MM CAJA X 96 NEGRO,ANILLO DOBLE O,0,0,57
131008,2024,Agosto,8,VARILLA MEDIA LUNA  10 CM X 100 BLANCO,ANILLO DOBLE O,1,11000,2161
131007,2024,Agosto,8,VARILLA MEDIA LUNA  10 CM X 100 NEGRO,ANILLO DOBLE O,1,11000,1052
131010,2024,Agosto,8,VARILLA MEDIA LUNA  15 CM X 100 BLANCO,ANILLO DOBLE O,0,0,885
131009,2024,Agosto,8,VARILLA MEDIA LUNA  15 CM X 100 NEGRO,ANILLO DOBLE O,0,0,513
131033,2024,Agosto,8,VARILLA MEDIA LUNA  20 CM X 100 BLANCO,ANILLO DOBLE O,0,0,15
131034,2024,Agosto,8,VARILLA MEDIA LUNA  20 CM X 100 NEGRO,ANILLO DOBLE O,0,0,349
131018,2024,Agosto,8,YOYO ORIGINAL CAJA X 50 AZUL,VARIOS,0,0,1130
131019,2024,Agosto,8,YOYO ORIGINAL CAJA X 50 BLANCO,VARIOS,140,8050000,1680
131020,2024,Agosto,8,YOYO ORIGINAL CAJA X 50 NEGRO,VARIOS,2,130500,938
131021,2024,Agosto,8,YOYO ORIGINAL CAJA X 50 ROJO,VARIOS,15,978750,70
131022,2024,Agosto,8,YOYO ORIGINAL CAJA X 50 VERDE,VARIOS,0,0,221
131012,2024,Septiembre,9,ACETATOS CARTA PAQ X 50,VARIOS,0,0,0
113001,2024,Septiembre,9,BOLSILLO CARNET 60 X 90 MM 175 MIC CAJA X 100,LAMINACION,0,0,0
113005,2024,Septiembre,9,BOLSILLO CARTA 225MM X 288MM 125 MIC CAJA X 100,LAMINACION,692,22495000,9768
113006,2024,Septiembre,9,BOLSILLO CARTA 225MM X 288MM 175 MIC CAJA X 100,LAMINACION,127,5723000,1339
113007,2024,Septiembre,9,BOLSILLO CARTA 225MM X 288MM 250 MIC CAJA X 50,LAMINACION,287,10578000,2172
113002,2024,Septiembre,9,BOLSILLO CEDULA 70 X 100 MM 175 MIC CAJA X 100,LAMINACION,336,2052000,8012
113008,2024,Septiembre,9,BOLSILLO OFICIO 225MM X 337MM 125 MIC CAJA X 100,LAMINACION,372,13084300,3462
113003,2024,Septiembre,9,BOLSILLO TARJETA PROPIEDAD 80 X 110 MM 175 MIC CAJA X 100,LAMINACION,410,2840500,5219
121009,2024,Septiembre,9,CARATULA CARTA GRAIN PAQ X 50 AZUL,CARATULA,20,237500,3103
121010,2024,Septiembre,9,CARATULA CARTA GRAIN PAQ X 50 NEGRO,CARATULA,150,1776250,1764
121034,2024,Septiembre,9,CARATULA CARTA STRIPE PAQ X 50 AMARILLO,CARATULA,16,196875,1569
121017,2024,Septiembre,9,CARATULA CARTA STRIPE PAQ X 50 AZUL T-1,CARATULA,20,237500,2075
121018,2024,Septiembre,9,CARATULA CARTA STRIPE PAQ X 50 AZUL T-2,CARATULA,52,617500,125
121019,2024,Septiembre,9,CARATULA CARTA STRIPE PAQ X 50 HUMO,CARATULA,52,614000,2245
121020,2024,Septiembre,9,CARATULA CARTA STRIPE PAQ X 50 LILA,CARATULA,22,259375,1514
121021,2024,Septiembre,9,CARATULA CARTA STRIPE PAQ X 50 NARANJA,CARATULA,7,84375,2260
121022,2024,Septiembre,9,CARATULA CARTA STRIPE PAQ X 50 ROJO,CARATULA,17,199375,2101
121023,2024,Septiembre,9,CARATULA CARTA STRIPE PAQ X 50 TRANSPARENTE,CARATULA,358,4267750,6655
121024,2024,Septiembre,9,CARATULA CARTA STRIPE PAQ X 50 VERDE T-1,CARATULA,5,59375,799
121025,2024,Septiembre,9,CARATULA CARTA STRIPE PAQ X 50 VERDE T-2,CARATULA,12,144375,3878
121032,2024,Septiembre,9,CARATULA LEGAL STRIPE PAQ X 50 TRANSPARENTE,CARATULA,0,0,828
121030,2024,Septiembre,9,CARATULA OFICIO STRIPE PAQ X 50 TRANSPARENTE,CARATULA,379,4666000,325
121031,2024,Septiembre,9,CARATULA OFICIO STRIPE PAQ X 50 VERDE T-2,CARATULA,0,0,0
122009,2024,Septiembre,9,CARRETE  2.1   16 MM X 10500 LOOPS BLANCO,ANILLO DOBLE O,6,1789800,39
122010,2024,Septiembre,9,CARRETE  2.1   16 MM X 10500 LOOPS NEGRO,ANILLO DOBLE O,0,0,23
122011,2024,Septiembre,9,CARRETE  2.1   16 MM X 10500 LOOPS PLATA,ANILLO DOBLE O,0,0,24
122013,2024,Septiembre,9,CARRETE  2.1   19 MM X 7000 LOOPS BLANCO,ANILLO DOBLE O,3,834800,30
122016,2024,Septiembre,9,CARRETE  2.1   19 MM X 7000 LOOPS BRONCE,ANILLO DOBLE O,0,0,21
122014,2024,Septiembre,9,CARRETE  2.1   19 MM X 7000 LOOPS NEGRO,ANILLO DOBLE O,0,0,37
122015,2024,Septiembre,9,CARRETE  2.1   19 MM X 7000 LOOPS PLATA,ANILLO DOBLE O,0,0,17
122017,2024,Septiembre,9,CARRETE  3.1    8 MM X 60000 LOOPS BLANCO,ANILLO DOBLE O,0,0,91
122018,2024,Septiembre,9,CARRETE  3.1    8 MM X 60000 LOOPS NEGRO,ANILLO DOBLE O,18,7849000,51
122019,2024,Septiembre,9,CARRETE  3.1    8 MM X 60000 LOOPS PLATA,ANILLO DOBLE O,0,0,10
122020,2024,Septiembre,9,CARRETE  3.1    9 MM X 43000 LOOPS BLANCO,ANILLO DOBLE O,7,2427800,164
122021,2024,Septiembre,9,CARRETE  3.1    9 MM X 43000 LOOPS BRONCE,ANILLO DOBLE O,0,0,34
122022,2024,Septiembre,9,CARRETE  3.1    9 MM X 43000 LOOPS NEGRO,ANILLO DOBLE O,6,2089500,85
122023,2024,Septiembre,9,CARRETE  3.1    9 MM X 43000 LOOPS PLATA,ANILLO DOBLE O,1,477000,32
122024,2024,Septiembre,9,CARRETE  3.1   11 MM X 32000 LOOPS BLANCO,ANILLO DOBLE O,1,390450,51
122025,2024,Septiembre,9,CARRETE  3.1   11 MM X 32000 LOOPS NEGRO,ANILLO DOBLE O,1,390450,48
122026,2024,Septiembre,9,CARRETE  3.1   12 MM X 24000 LOOPS BLANCO,ANILLO DOBLE O,3,940500,38
122027,2024,Septiembre,9,CARRETE  3.1   12 MM X 24000 LOOPS NEGRO,ANILLO DOBLE O,0,0,42
122028,2024,Septiembre,9,CARRETE  3.1   12 MM X 24000 LOOPS PLATA,ANILLO DOBLE O,1,348500,20
122029,2024,Septiembre,9,CARRETE  3.1   14 MM X 19300 LOOPS BLANCO,ANILLO DOBLE O,3,954000,9
122030,2024,Septiembre,9,CARRETE  3.1   14 MM X 19300 LOOPS NEGRO,ANILLO DOBLE O,2,684000,9
122031,2024,Septiembre,9,CARRETE  3.1   14 MM X 19300 LOOPS PLATA,ANILLO DOBLE O,0,0,5
122081,2024,Septiembre,9,DOBLE O CARTA 2.1    8 MM  CAJA X 100 BLANCO,ANILLO DOBLE O,0,0,441
122082,2024,Septiembre,9,DOBLE O CARTA 2.1    8 MM  CAJA X 100 NEGRO,ANILLO DOBLE O,0,0,162
122083,2024,Septiembre,9,DOBLE O CARTA 2.1    9 MM  CAJA X 100 BLANCO,ANILLO DOBLE O,4,112000,458
122084,2024,Septiembre,9,DOBLE O CARTA 2.1    9 MM  CAJA X 100 NEGRO,ANILLO DOBLE O,3,79800,279
122085,2024,Septiembre,9,DOBLE O CARTA 2.1   12 MM  CAJA X 100 BLANCO,ANILLO DOBLE O,40,1520000,141
122086,2024,Septiembre,9,DOBLE O CARTA 2.1   12 MM  CAJA X 100 NEGRO,ANILLO DOBLE O,3,108300,165
122087,2024,Septiembre,9,DOBLE O CARTA 2.1   14 MM  CAJA X 100 BLANCO,ANILLO DOBLE O,0,0,342
122088,2024,Septiembre,9,DOBLE O CARTA 2.1   14 MM  CAJA X 100 NEGRO,ANILLO DOBLE O,0,0,139
122089,2024,Septiembre,9,DOBLE O CARTA 2.1   16 MM  CAJA X 50 BLANCO,ANILLO DOBLE O,0,0,480
122090,2024,Septiembre,9,DOBLE O CARTA 2.1   16 MM  CAJA X 50 NEGRO,ANILLO DOBLE O,0,0,23
122091,2024,Septiembre,9,DOBLE O CARTA 2.1   19 MM  CAJA X 50 BLANCO,ANILLO DOBLE O,1,39000,171
122112,2024,Septiembre,9,DOBLE O CARTA 2.1   19 MM  CAJA X 50 BRONCE,ANILLO DOBLE O,11,429000,144
122092,2024,Septiembre,9,DOBLE O CARTA 2.1   19 MM  CAJA X 50 NEGRO,ANILLO DOBLE O,1,39000,140
122093,2024,Septiembre,9,DOBLE O CARTA 2.1   22 MM  CAJA X 50 BLANCO,ANILLO DOBLE O,3,144000,172
122094,2024,Septiembre,9,DOBLE O CARTA 2.1   22 MM  CAJA X 50 NEGRO,ANILLO DOBLE O,14,600000,314
122095,2024,Septiembre,9,DOBLE O CARTA 2.1   25 MM  CAJA X 50 BLANCO,ANILLO DOBLE O,0,0,281
122096,2024,Septiembre,9,DOBLE O CARTA 2.1   25 MM  CAJA X 50 NEGRO,ANILLO DOBLE O,2,112000,253
122097,2024,Septiembre,9,DOBLE O CARTA 2.1   28 MM  CAJA X 30 BLANCO,ANILLO DOBLE O,0,0,364
122098,2024,Septiembre,9,DOBLE O CARTA 2.1   28 MM  CAJA X 30 NEGRO,ANILLO DOBLE O,3,186000,337
122099,2024,Septiembre,9,DOBLE O CARTA 2.1   32 MM  CAJA X 30 BLANCO,ANILLO DOBLE O,0,0,442
122100,2024,Septiembre,9,DOBLE O CARTA 2.1   32 MM  CAJA X 30 NEGRO,ANILLO DOBLE O,6,390500,165
122101,2024,Septiembre,9,DOBLE O CARTA 3.1    8 MM   CAJA X 100 BLANCO,ANILLO DOBLE O,0,0,637
122102,2024,Septiembre,9,DOBLE O CARTA 3.1    8 MM  CAJA X 100 NEGRO,ANILLO DOBLE O,0,0,431
122103,2024,Septiembre,9,DOBLE O CARTA 3.1    9 MM  CAJA X 100 BLANCO,ANILLO DOBLE O,0,0,498
122104,2024,Septiembre,9,DOBLE O CARTA 3.1    9 MM  CAJA X 100 NEGRO,ANILLO DOBLE O,10,238000,120
122105,2024,Septiembre,9,DOBLE O CARTA 3.1   11 MM  CAJA X 100 BLANCO,ANILLO DOBLE O,1,34000,408
122106,2024,Septiembre,9,DOBLE O CARTA 3.1   11 MM  CAJA X 100 NEGRO,ANILLO DOBLE O,0,0,156
122108,2024,Septiembre,9,DOBLE O CARTA 3.1   12 MM  CAJA X 100 BLANCO,ANILLO DOBLE O,0,0,699
122107,2024,Septiembre,9,DOBLE O CARTA 3.1   12 MM  CAJA X 100 NEGRO,ANILLO DOBLE O,5,174250,303
122109,2024,Septiembre,9,DOBLE O CARTA 3.1   12 MM  CAJA X 100 PLATA,ANILLO DOBLE O,0,0,158
122110,2024,Septiembre,9,DOBLE O CARTA 3.1   14 MM  CAJA X 100 BLANCO,ANILLO DOBLE O,0,0,355
122111,2024,Septiembre,9,DOBLE O CARTA 3.1   14 MM  CAJA X 100 NEGRO,ANILLO DOBLE O,20,816000,212
112031,2024,Septiembre,9,FOIL S1 (101) 640 MM X 120 MT 12 MIC DORADO,LAMINACION,8,456000,89
112032,2024,Septiembre,9,FOIL S1 (120) 640 MM X 120 MT 12 MIC PLATA,LAMINACION,4,228000,108
112033,2024,Septiembre,9,FOIL S2 (101) 640 MM X 120 MT 12 MIC DORADO,LAMINACION,3,189000,10
112034,2024,Septiembre,9,FOIL S2 (120) 640 MM X 120 MT 12 MIC PLATA,LAMINACION,1,63000,19
112036,2024,Septiembre,9,FOIL S4 (S15) 640 MM X 120 MT 12 MIC PLATA HOLOGRAFICO,LAMINACION,2,160000,73
112035,2024,Septiembre,9,FOIL S4 (SA18) 640 MM X 120 MT 12 MIC DORADO HOLOGRAFICO,LAMINACION,26,1966406,9
111001,2024,Septiembre,9,ROLLO 113 MM X 60 MTS 175 MICRAS,LAMINACION,0,0,1319
111002,2024,Septiembre,9,ROLLO 113 MM X 60 MTS 250 MICRAS,LAMINACION,0,0,144
111003,2024,Septiembre,9,ROLLO 226 MM X 60 MTS 125 MICRAS,LAMINACION,224,8257200,263
111004,2024,Septiembre,9,ROLLO 226 MM X 60 MTS 175 MICRAS,LAMINACION,0,0,178
111005,2024,Septiembre,9,ROLLO 226 MM X 60 MTS 250 MICRAS,LAMINACION,8,600400,95
111007,2024,Septiembre,9,ROLLO 300 MM X 60 MTS 125 MICRAS,LAMINACION,0,0,0
111008,2024,Septiembre,9,ROLLO 300 MM X 60 MTS 250 MICRAS,LAMINACION,5,525000,27
111018,2024,Septiembre,9,ROLLO 350 MM X 60 MTS 250 MICRAS,LAMINACION,16,1840000,211
111010,2024,Septiembre,9,ROLLO 375 MM X 60 MTS 125 MICRAS,LAMINACION,0,0,0
111013,2024,Septiembre,9,ROLLO 375 MM X 75 MTS 75 MICRAS MATTE,PLASTIFICACION,0,0,116
111019,2024,Septiembre,9,ROLLO 540 MM X 60 MTS 125 MICRAS,PLASTIFICACION,0,0,0
111020,2024,Septiembre,9,ROLLO 540 MM X 60 MTS 175 MICRAS,PLASTIFICACION,140,18480000,0
111016,2024,Septiembre,9,ROLLO 680 MM X 60 MTS 125 MICRAS BRILLANTE,PLASTIFICACION,149,22350000,0
112001,2024,Septiembre,9,ROLLO BOPP BRILLANTE 250 MM X 4000 MT 18 MIC,PLASTIFICACION,14,3456110,96
112002,2024,Septiembre,9,ROLLO BOPP BRILLANTE 300 MM X 4000 MT 18 MIC,PLASTIFICACION,13,3859090,146
112003,2024,Septiembre,9,ROLLO BOPP BRILLANTE 330 MM X 200 MT 23 MIC,PLASTIFICACION,14,790000,521
112006,2024,Septiembre,9,ROLLO BOPP BRILLANTE 345 MM X 4000 MT 18 MIC,PLASTIFICACION,26,8716480,139
112026,2024,Septiembre,9,ROLLO BOPP BRILLANTE 400 MM X 4000 MT 18 MIC,PLASTIFICACION,14,5703820,20
112007,2024,Septiembre,9,ROLLO BOPP BRILLANTE 445 MM X 4000 MT 18 MIC,PLASTIFICACION,8,3454430,44
112008,2024,Septiembre,9,ROLLO BOPP BRILLANTE 495 MM X 4000 MT 18 MIC,PLASTIFICACION,40,19392900,45
112028,2024,Septiembre,9,ROLLO BOPP BRILLANTE 595 MM X 4000 MT 18 MIC,PLASTIFICACION,1,651200,77
112009,2024,Septiembre,9,ROLLO BOPP BRILLANTE 695 MM X 4000 MT 18 MIC,PLASTIFICACION,13,7127425,32
112024,2024,Septiembre,9,ROLLO BOPP MATE 200 MM X 4000 MT 18 MIC,PLASTIFICACION,6,1116650,4
112010,2024,Septiembre,9,ROLLO BOPP MATE 250 MM X 4000 MT 18 MIC,PLASTIFICACION,26,5775570,44
112011,2024,Septiembre,9,ROLLO BOPP MATE 300 MM X 4000 MT 18 MIC,PLASTIFICACION,32,8588040,61
112012,2024,Septiembre,9,ROLLO BOPP MATE 330 MM X 200 MT 23 MIC,PLASTIFICACION,19,1080000,514
112021,2024,Septiembre,9,ROLLO BOPP MATE 330 MM X 4000 MT 18 MIC,PLASTIFICACION,0,0,0
112013,2024,Septiembre,9,ROLLO BOPP MATE 330 MM X 500 MT 22 MIC,PLASTIFICACION,2,295000,169
112015,2024,Septiembre,9,ROLLO BOPP MATE 345 MM X 4000 MT 18 MIC,PLASTIFICACION,67,20988305,12
112025,2024,Septiembre,9,ROLLO BOPP MATE 400 MM X 4000 MT 18 MIC,PLASTIFICACION,3,1095800,1
112016,2024,Septiembre,9,ROLLO BOPP MATE 445 MM X 4000 MT 18 MIC,PLASTIFICACION,42,16729615,30
112017,2024,Septiembre,9,ROLLO BOPP MATE 495 MM X 4000 MT 18 MIC,PLASTIFICACION,124,56796748,151
112018,2024,Septiembre,9,ROLLO BOPP MATE 595 MM X 4000 MT 18 MIC,ANILLO DOBLE O,34,18558005,8
112019,2024,Septiembre,9,ROLLO BOPP MATE 695 MM X 4000 MT 18 MIC,ANILLO DOBLE O,17,10373880,28
112020,2024,Septiembre,9,ROLLO HOLOGRAFICO 495 MM X 1500 MT 24 MIC,ANILLO DOBLE O,1,445200,202
112022,2024,Septiembre,9,ROLLO METALIZADO DORADO 495 MM X 1000 MT 22 MIC,ANILLO DOBLE O,3,1183200,95
112023,2024,Septiembre,9,ROLLO METALIZADO PLATA 495 MM X 1000 MT 22 MIC,ANILLO DOBLE O,2,645450,109
112027,2024,Septiembre,9,ROLLO PIEL DURAZNO 495 MM X 200 MT 28 MIC,ANILLO DOBLE O,3,500000,80
112005,2024,Septiembre,9,ROLLO SUPERBONDING BRILLANTE 330 MM X 500 MT 30 MIC,ANILLO DOBLE O,0,0,56
122041,2024,Septiembre,9,TIRA 2.1 X 64 LOOPS  12MM CAJA X 540 BLANCO,ANILLO DOBLE O,1,431650,45
122042,2024,Septiembre,9,TIRA 2.1 X 64 LOOPS  12MM CAJA X 540 NEGRO,ANILLO DOBLE O,6,2790000,60
122043,2024,Septiembre,9,TIRA 2.1 X 64 LOOPS  12MM CAJA X 540 PLATA,ANILLO DOBLE O,0,0,58
122044,2024,Septiembre,9,TIRA 2.1 X 64 LOOPS  14MM CAJA X 384 BLANCO,ANILLO DOBLE O,2,864500,27
122045,2024,Septiembre,9,TIRA 2.1 X 64 LOOPS  14MM CAJA X 384 NEGRO,ANILLO DOBLE O,0,0,60
122046,2024,Septiembre,9,TIRA 2.1 X 64 LOOPS  14MM CAJA X 384 PLATA,ANILLO DOBLE O,0,0,26
122047,2024,Septiembre,9,TIRA 2.1 X 64 LOOPS  16MM CAJA X 308 BLANCO,ANILLO DOBLE O,8,3315200,187
122048,2024,Septiembre,9,TIRA 2.1 X 64 LOOPS  16MM CAJA X 308 BRONCE,ANILLO DOBLE O,5,2343250,52
122049,2024,Septiembre,9,TIRA 2.1 X 64 LOOPS  16MM CAJA X 308 NEGRO,ANILLO DOBLE O,8,3404800,157
122050,2024,Septiembre,9,TIRA 2.1 X 64 LOOPS  16MM CAJA X 308 PLATA,ANILLO DOBLE O,5,2384450,36
122051,2024,Septiembre,9,TIRA 2.1 X 64 LOOPS  19MM CAJA X 252 BLANCO,ANILLO DOBLE O,7,3365200,93
122052,2024,Septiembre,9,TIRA 2.1 X 64 LOOPS  19MM CAJA X 252 BRONCE,ANILLO DOBLE O,1,493000,27
122053,2024,Septiembre,9,TIRA 2.1 X 64 LOOPS  19MM CAJA X 252 NEGRO,ANILLO DOBLE O,1,478800,103
122054,2024,Septiembre,9,TIRA 2.1 X 64 LOOPS  19MM CAJA X 252 PLATA,ANILLO DOBLE O,7,3717800,30
122055,2024,Septiembre,9,TIRA 2.1 X 64 LOOPS  22MM CAJA X 192 BLANCO,ANILLO DOBLE O,0,0,32
122056,2024,Septiembre,9,TIRA 2.1 X 64 LOOPS  22MM CAJA X 192 BRONCE,ANILLO DOBLE O,0,0,32
122057,2024,Septiembre,9,TIRA 2.1 X 64 LOOPS  22MM CAJA X 192 NEGRO,ANILLO DOBLE O,0,0,13
122058,2024,Septiembre,9,TIRA 2.1 X 64 LOOPS  22MM CAJA X 192 PLATA,ANILLO DOBLE O,11,5516000,14
122059,2024,Septiembre,9,TIRA 2.1 X 64 LOOPS  25MM CAJA X 140 BLANCO,ANILLO DOBLE O,0,0,74
122077,2024,Septiembre,9,TIRA 2.1 X 64 LOOPS  25MM CAJA X 140 BRONCE,ANILLO DOBLE O,2,923400,23
122060,2024,Septiembre,9,TIRA 2.1 X 64 LOOPS  25MM CAJA X 140 NEGRO,ANILLO DOBLE O,0,0,75
122061,2024,Septiembre,9,TIRA 2.1 X 64 LOOPS  25MM CAJA X 140 PLATA,ANILLO DOBLE O,1,461700,36
122062,2024,Septiembre,9,TIRA 2.1 X 64 LOOPS  28MM CAJA X 96 BLANCO,ANILLO DOBLE O,0,0,57
122063,2024,Septiembre,9,TIRA 2.1 X 64 LOOPS  28MM CAJA X 96 NEGRO,ANILLO DOBLE O,0,0,43
122064,2024,Septiembre,9,TIRA 2.1 X 64 LOOPS  28MM CAJA X 96 PLATA,ANILLO DOBLE O,0,0,30
122065,2024,Septiembre,9,TIRA 2.1 X 64 LOOPS  32MM CAJA X 96 BLANCO,ANILLO DOBLE O,0,0,52
122066,2024,Septiembre,9,TIRA 2.1 X 64 LOOPS  32MM CAJA X 96 NEGRO,ANILLO DOBLE O,1,443700,56
131008,2024,Septiembre,9,VARILLA MEDIA LUNA  10 CM X 100 BLANCO,ANILLO DOBLE O,60,660000,2101
131007,2024,Septiembre,9,VARILLA MEDIA LUNA  10 CM X 100 NEGRO,ANILLO DOBLE O,0,0,1052
131010,2024,Septiembre,9,VARILLA MEDIA LUNA  15 CM X 100 BLANCO,ANILLO DOBLE O,0,0,885
131009,2024,Septiembre,9,VARILLA MEDIA LUNA  15 CM X 100 NEGRO,ANILLO DOBLE O,0,0,513
131033,2024,Septiembre,9,VARILLA MEDIA LUNA  20 CM X 100 BLANCO,ANILLO DOBLE O,0,0,15
131034,2024,Septiembre,9,VARILLA MEDIA LUNA  20 CM X 100 NEGRO,ANILLO DOBLE O,0,0,349
131018,2024,Septiembre,9,YOYO ORIGINAL CAJA X 50 AZUL,VARIOS,41,2365250,1089
131019,2024,Septiembre,9,YOYO ORIGINAL CAJA X 50 BLANCO,VARIOS,0,0,1680
131020,2024,Septiembre,9,YOYO ORIGINAL CAJA X 50 NEGRO,VARIOS,40,2300000,898
131021,2024,Septiembre,9,YOYO ORIGINAL CAJA X 50 ROJO,VARIOS,42,2430500,28
131022,2024,Septiembre,9,YOYO ORIGINAL CAJA X 50 VERDE,VARIOS,0,0,221
131012,2024,Octubre,10,ACETATOS CARTA PAQ X 50,VARIOS,0,0,0
113001,2024,Octubre,10,BOLSILLO CARNET 60 X 90 MM 175 MIC CAJA X 100,LAMINACION,0,0,0
113005,2024,Octubre,10,BOLSILLO CARTA 225MM X 288MM 125 MIC CAJA X 100,LAMINACION,844,27919500,8924
113006,2024,Octubre,10,BOLSILLO CARTA 225MM X 288MM 175 MIC CAJA X 100,LAMINACION,29,1402500,1310
113007,2024,Octubre,10,BOLSILLO CARTA 225MM X 288MM 250 MIC CAJA X 50,LAMINACION,58,2255000,2114
113002,2024,Octubre,10,BOLSILLO CEDULA 70 X 100 MM 175 MIC CAJA X 100,LAMINACION,118,695500,7944
113008,2024,Octubre,10,BOLSILLO OFICIO 225MM X 337MM 125 MIC CAJA X 100,LAMINACION,395,15085170,3067
113003,2024,Octubre,10,BOLSILLO TARJETA PROPIEDAD 80 X 110 MM 175 MIC CAJA X 100,LAMINACION,91,647800,5128
121009,2024,Octubre,10,CARATULA CARTA GRAIN PAQ X 50 AZUL,CARATULA,40,500000,3063
121010,2024,Octubre,10,CARATULA CARTA GRAIN PAQ X 50 NEGRO,CARATULA,125,1477500,1639
121034,2024,Octubre,10,CARATULA CARTA STRIPE PAQ X 50 AMARILLO,CARATULA,0,0,1569
121017,2024,Octubre,10,CARATULA CARTA STRIPE PAQ X 50 AZUL T-1,CARATULA,23,282500,2052
121018,2024,Octubre,10,CARATULA CARTA STRIPE PAQ X 50 AZUL T-2,CARATULA,91,1060000,34
121019,2024,Octubre,10,CARATULA CARTA STRIPE PAQ X 50 HUMO,CARATULA,84,985000,2161
121020,2024,Octubre,10,CARATULA CARTA STRIPE PAQ X 50 LILA,CARATULA,6,70000,1508
121021,2024,Octubre,10,CARATULA CARTA STRIPE PAQ X 50 NARANJA,CARATULA,11,130000,2249
121022,2024,Octubre,10,CARATULA CARTA STRIPE PAQ X 50 ROJO,CARATULA,12,142500,2089
121023,2024,Octubre,10,CARATULA CARTA STRIPE PAQ X 50 TRANSPARENTE,CARATULA,433,5250500,6222
121024,2024,Octubre,10,CARATULA CARTA STRIPE PAQ X 50 VERDE T-1,CARATULA,14,170000,785
121025,2024,Octubre,10,CARATULA CARTA STRIPE PAQ X 50 VERDE T-2,CARATULA,0,0,3878
121032,2024,Octubre,10,CARATULA LEGAL STRIPE PAQ X 50 TRANSPARENTE,CARATULA,7,465500,821
121030,2024,Octubre,10,CARATULA OFICIO STRIPE PAQ X 50 TRANSPARENTE,CARATULA,92,1228000,233
121031,2024,Octubre,10,CARATULA OFICIO STRIPE PAQ X 50 VERDE T-2,CARATULA,0,0,0
122009,2024,Octubre,10,CARRETE  2.1   16 MM X 10500 LOOPS BLANCO,ANILLO DOBLE O,16,4364600,23
122010,2024,Octubre,10,CARRETE  2.1   16 MM X 10500 LOOPS NEGRO,ANILLO DOBLE O,4,1240300,19
122011,2024,Octubre,10,CARRETE  2.1   16 MM X 10500 LOOPS PLATA,ANILLO DOBLE O,3,1071600,21
122013,2024,Octubre,10,CARRETE  2.1   19 MM X 7000 LOOPS BLANCO,ANILLO DOBLE O,34,8924800,11
122016,2024,Octubre,10,CARRETE  2.1   19 MM X 7000 LOOPS BRONCE,ANILLO DOBLE O,1,330000,20
122014,2024,Octubre,10,CARRETE  2.1   19 MM X 7000 LOOPS NEGRO,ANILLO DOBLE O,47,12205600,0
122015,2024,Octubre,10,CARRETE  2.1   19 MM X 7000 LOOPS PLATA,ANILLO DOBLE O,0,0,17
122017,2024,Octubre,10,CARRETE  3.1    8 MM X 60000 LOOPS BLANCO,ANILLO DOBLE O,0,0,112
122018,2024,Octubre,10,CARRETE  3.1    8 MM X 60000 LOOPS NEGRO,ANILLO DOBLE O,2,893000,49
122019,2024,Octubre,10,CARRETE  3.1    8 MM X 60000 LOOPS PLATA,ANILLO DOBLE O,0,0,10
122020,2024,Octubre,10,CARRETE  3.1    9 MM X 43000 LOOPS BLANCO,ANILLO DOBLE O,7,2447700,208
122021,2024,Octubre,10,CARRETE  3.1    9 MM X 43000 LOOPS BRONCE,ANILLO DOBLE O,1,477000,33
122022,2024,Octubre,10,CARRETE  3.1    9 MM X 43000 LOOPS NEGRO,ANILLO DOBLE O,16,5532200,110
122023,2024,Octubre,10,CARRETE  3.1    9 MM X 43000 LOOPS PLATA,ANILLO DOBLE O,13,5470950,19
122024,2024,Octubre,10,CARRETE  3.1   11 MM X 32000 LOOPS BLANCO,ANILLO DOBLE O,22,8117250,70
122025,2024,Octubre,10,CARRETE  3.1   11 MM X 32000 LOOPS NEGRO,ANILLO DOBLE O,0,0,69
122026,2024,Octubre,10,CARRETE  3.1   12 MM X 24000 LOOPS BLANCO,ANILLO DOBLE O,8,2547900,51
122027,2024,Octubre,10,CARRETE  3.1   12 MM X 24000 LOOPS NEGRO,ANILLO DOBLE O,0,0,63
122028,2024,Octubre,10,CARRETE  3.1   12 MM X 24000 LOOPS PLATA,ANILLO DOBLE O,8,2952000,12
122029,2024,Octubre,10,CARRETE  3.1   14 MM X 19300 LOOPS BLANCO,ANILLO DOBLE O,11,3736800,19
122030,2024,Octubre,10,CARRETE  3.1   14 MM X 19300 LOOPS NEGRO,ANILLO DOBLE O,0,0,29
122031,2024,Octubre,10,CARRETE  3.1   14 MM X 19300 LOOPS PLATA,ANILLO DOBLE O,0,0,5
122081,2024,Octubre,10,DOBLE O CARTA 2.1    8 MM  CAJA X 100 BLANCO,ANILLO DOBLE O,5,130000,436
122082,2024,Octubre,10,DOBLE O CARTA 2.1    8 MM  CAJA X 100 NEGRO,ANILLO DOBLE O,0,0,162
122083,2024,Octubre,10,DOBLE O CARTA 2.1    9 MM  CAJA X 100 BLANCO,ANILLO DOBLE O,71,1820000,387
122084,2024,Octubre,10,DOBLE O CARTA 2.1    9 MM  CAJA X 100 NEGRO,ANILLO DOBLE O,11,277200,269
122085,2024,Octubre,10,DOBLE O CARTA 2.1   12 MM  CAJA X 100 BLANCO,ANILLO DOBLE O,77,2800600,64
122086,2024,Octubre,10,DOBLE O CARTA 2.1   12 MM  CAJA X 100 NEGRO,ANILLO DOBLE O,49,1666300,116
122087,2024,Octubre,10,DOBLE O CARTA 2.1   14 MM  CAJA X 100 BLANCO,ANILLO DOBLE O,40,1728000,302
122088,2024,Octubre,10,DOBLE O CARTA 2.1   14 MM  CAJA X 100 NEGRO,ANILLO DOBLE O,0,0,139
122089,2024,Octubre,10,DOBLE O CARTA 2.1   16 MM  CAJA X 50 BLANCO,ANILLO DOBLE O,39,1106350,441
122090,2024,Octubre,10,DOBLE O CARTA 2.1   16 MM  CAJA X 50 NEGRO,ANILLO DOBLE O,24,636550,0
122091,2024,Octubre,10,DOBLE O CARTA 2.1   19 MM  CAJA X 50 BLANCO,ANILLO DOBLE O,81,2907450,90
122112,2024,Octubre,10,DOBLE O CARTA 2.1   19 MM  CAJA X 50 BRONCE,ANILLO DOBLE O,2,78000,142
122092,2024,Octubre,10,DOBLE O CARTA 2.1   19 MM  CAJA X 50 NEGRO,ANILLO DOBLE O,58,2055300,82
122093,2024,Octubre,10,DOBLE O CARTA 2.1   22 MM  CAJA X 50 BLANCO,ANILLO DOBLE O,11,518400,161
122094,2024,Octubre,10,DOBLE O CARTA 2.1   22 MM  CAJA X 50 NEGRO,ANILLO DOBLE O,24,1003200,291
122095,2024,Octubre,10,DOBLE O CARTA 2.1   25 MM  CAJA X 50 BLANCO,ANILLO DOBLE O,9,504000,272
122096,2024,Octubre,10,DOBLE O CARTA 2.1   25 MM  CAJA X 50 NEGRO,ANILLO DOBLE O,2,112000,251
122097,2024,Octubre,10,DOBLE O CARTA 2.1   28 MM  CAJA X 30 BLANCO,ANILLO DOBLE O,0,0,364
122098,2024,Octubre,10,DOBLE O CARTA 2.1   28 MM  CAJA X 30 NEGRO,ANILLO DOBLE O,2,124000,335
122099,2024,Octubre,10,DOBLE O CARTA 2.1   32 MM  CAJA X 30 BLANCO,ANILLO DOBLE O,22,1420000,420
122100,2024,Octubre,10,DOBLE O CARTA 2.1   32 MM  CAJA X 30 NEGRO,ANILLO DOBLE O,2,142000,163
122101,2024,Octubre,10,DOBLE O CARTA 3.1    8 MM   CAJA X 100 BLANCO,ANILLO DOBLE O,0,0,637
122102,2024,Octubre,10,DOBLE O CARTA 3.1    8 MM  CAJA X 100 NEGRO,ANILLO DOBLE O,0,0,431
122103,2024,Octubre,10,DOBLE O CARTA 3.1    9 MM  CAJA X 100 BLANCO,ANILLO DOBLE O,41,1036000,457
122104,2024,Octubre,10,DOBLE O CARTA 3.1    9 MM  CAJA X 100 NEGRO,ANILLO DOBLE O,62,1694000,18
122105,2024,Octubre,10,DOBLE O CARTA 3.1   11 MM  CAJA X 100 BLANCO,ANILLO DOBLE O,1,34000,407
122106,2024,Octubre,10,DOBLE O CARTA 3.1   11 MM  CAJA X 100 NEGRO,ANILLO DOBLE O,2,68000,124
122108,2024,Octubre,10,DOBLE O CARTA 3.1   12 MM  CAJA X 100 BLANCO,ANILLO DOBLE O,20,738000,679
122107,2024,Octubre,10,DOBLE O CARTA 3.1   12 MM  CAJA X 100 NEGRO,ANILLO DOBLE O,30,1086500,273
122109,2024,Octubre,10,DOBLE O CARTA 3.1   12 MM  CAJA X 100 PLATA,ANILLO DOBLE O,0,0,158
122110,2024,Octubre,10,DOBLE O CARTA 3.1   14 MM  CAJA X 100 BLANCO,ANILLO DOBLE O,10,432000,345
122111,2024,Octubre,10,DOBLE O CARTA 3.1   14 MM  CAJA X 100 NEGRO,ANILLO DOBLE O,50,2400000,162
112031,2024,Octubre,10,FOIL S1 (101) 640 MM X 120 MT 12 MIC DORADO,LAMINACION,5,285000,82
112032,2024,Octubre,10,FOIL S1 (120) 640 MM X 120 MT 12 MIC PLATA,LAMINACION,0,0,106
112033,2024,Octubre,10,FOIL S2 (101) 640 MM X 120 MT 12 MIC DORADO,LAMINACION,0,0,10
112034,2024,Octubre,10,FOIL S2 (120) 640 MM X 120 MT 12 MIC PLATA,LAMINACION,0,0,19
112036,2024,Octubre,10,FOIL S4 (S15) 640 MM X 120 MT 12 MIC PLATA HOLOGRAFICO,LAMINACION,67,4701262,4
112035,2024,Octubre,10,FOIL S4 (SA18) 640 MM X 120 MT 12 MIC DORADO HOLOGRAFICO,LAMINACION,0,0,9
111001,2024,Octubre,10,ROLLO 113 MM X 60 MTS 175 MICRAS,LAMINACION,1,29000,1318
111002,2024,Octubre,10,ROLLO 113 MM X 60 MTS 250 MICRAS,LAMINACION,4,148000,140
111003,2024,Octubre,10,ROLLO 226 MM X 60 MTS 125 MICRAS,LAMINACION,162,6541800,101
111004,2024,Octubre,10,ROLLO 226 MM X 60 MTS 175 MICRAS,LAMINACION,16,948600,162
111005,2024,Octubre,10,ROLLO 226 MM X 60 MTS 250 MICRAS,LAMINACION,6,474000,89
111007,2024,Octubre,10,ROLLO 300 MM X 60 MTS 125 MICRAS,LAMINACION,0,0,0
111008,2024,Octubre,10,ROLLO 300 MM X 60 MTS 250 MICRAS,LAMINACION,17,1533000,10
111018,2024,Octubre,10,ROLLO 350 MM X 60 MTS 250 MICRAS,LAMINACION,4,480000,207
111010,2024,Octubre,10,ROLLO 375 MM X 60 MTS 125 MICRAS,LAMINACION,0,0,0
111013,2024,Octubre,10,ROLLO 375 MM X 75 MTS 75 MICRAS MATTE,PLASTIFICACION,0,0,116
111019,2024,Octubre,10,ROLLO 540 MM X 60 MTS 125 MICRAS,PLASTIFICACION,0,0,0
111020,2024,Octubre,10,ROLLO 540 MM X 60 MTS 175 MICRAS,PLASTIFICACION,0,0,0
111016,2024,Octubre,10,ROLLO 680 MM X 60 MTS 125 MICRAS BRILLANTE,PLASTIFICACION,0,0,0
112001,2024,Octubre,10,ROLLO BOPP BRILLANTE 250 MM X 4000 MT 18 MIC,PLASTIFICACION,13,3239010,83
112002,2024,Octubre,10,ROLLO BOPP BRILLANTE 300 MM X 4000 MT 18 MIC,PLASTIFICACION,10,2891200,136
112003,2024,Octubre,10,ROLLO BOPP BRILLANTE 330 MM X 200 MT 23 MIC,PLASTIFICACION,31,1809100,490
112006,2024,Octubre,10,ROLLO BOPP BRILLANTE 345 MM X 4000 MT 18 MIC,PLASTIFICACION,35,11568290,104
112026,2024,Octubre,10,ROLLO BOPP BRILLANTE 400 MM X 4000 MT 18 MIC,PLASTIFICACION,8,3056320,12
112007,2024,Octubre,10,ROLLO BOPP BRILLANTE 445 MM X 4000 MT 18 MIC,PLASTIFICACION,8,3486210,36
112008,2024,Octubre,10,ROLLO BOPP BRILLANTE 495 MM X 4000 MT 18 MIC,PLASTIFICACION,40,19485950,5
112028,2024,Octubre,10,ROLLO BOPP BRILLANTE 595 MM X 4000 MT 18 MIC,PLASTIFICACION,17,9197875,60
112009,2024,Octubre,10,ROLLO BOPP BRILLANTE 695 MM X 4000 MT 18 MIC,PLASTIFICACION,28,16995520,4
112024,2024,Octubre,10,ROLLO BOPP MATE 200 MM X 4000 MT 18 MIC,PLASTIFICACION,4,716300,0
112010,2024,Octubre,10,ROLLO BOPP MATE 250 MM X 4000 MT 18 MIC,PLASTIFICACION,21,4779100,23
112011,2024,Octubre,10,ROLLO BOPP MATE 300 MM X 4000 MT 18 MIC,PLASTIFICACION,19,5277800,42
112012,2024,Octubre,10,ROLLO BOPP MATE 330 MM X 200 MT 23 MIC,PLASTIFICACION,26,1508000,488
112021,2024,Octubre,10,ROLLO BOPP MATE 330 MM X 4000 MT 18 MIC,PLASTIFICACION,0,0,0
112013,2024,Octubre,10,ROLLO BOPP MATE 330 MM X 500 MT 22 MIC,PLASTIFICACION,8,1125000,161
112015,2024,Octubre,10,ROLLO BOPP MATE 345 MM X 4000 MT 18 MIC,PLASTIFICACION,12,3830150,0
112025,2024,Octubre,10,ROLLO BOPP MATE 400 MM X 4000 MT 18 MIC,PLASTIFICACION,1,358150,0
112016,2024,Octubre,10,ROLLO BOPP MATE 445 MM X 4000 MT 18 MIC,PLASTIFICACION,24,9803390,6
112017,2024,Octubre,10,ROLLO BOPP MATE 495 MM X 4000 MT 18 MIC,PLASTIFICACION,75,33497105,76
112018,2024,Octubre,10,ROLLO BOPP MATE 595 MM X 4000 MT 18 MIC,ANILLO DOBLE O,7,3834270,1
112019,2024,Octubre,10,ROLLO BOPP MATE 695 MM X 4000 MT 18 MIC,ANILLO DOBLE O,27,16854035,1
112020,2024,Octubre,10,ROLLO HOLOGRAFICO 495 MM X 1500 MT 24 MIC,ANILLO DOBLE O,9,3973760,193
112022,2024,Octubre,10,ROLLO METALIZADO DORADO 495 MM X 1000 MT 22 MIC,ANILLO DOBLE O,0,0,95
112023,2024,Octubre,10,ROLLO METALIZADO PLATA 495 MM X 1000 MT 22 MIC,ANILLO DOBLE O,1,333450,108
112027,2024,Octubre,10,ROLLO PIEL DURAZNO 495 MM X 200 MT 28 MIC,ANILLO DOBLE O,7,1109000,73
112005,2024,Octubre,10,ROLLO SUPERBONDING BRILLANTE 330 MM X 500 MT 30 MIC,ANILLO DOBLE O,5,1011681,51
122041,2024,Octubre,10,TIRA 2.1 X 64 LOOPS  12MM CAJA X 540 BLANCO,ANILLO DOBLE O,4,1673250,71
122042,2024,Octubre,10,TIRA 2.1 X 64 LOOPS  12MM CAJA X 540 NEGRO,ANILLO DOBLE O,4,1746000,86
122043,2024,Octubre,10,TIRA 2.1 X 64 LOOPS  12MM CAJA X 540 PLATA,ANILLO DOBLE O,0,0,58
122044,2024,Octubre,10,TIRA 2.1 X 64 LOOPS  14MM CAJA X 384 BLANCO,ANILLO DOBLE O,22,9009000,38
122045,2024,Octubre,10,TIRA 2.1 X 64 LOOPS  14MM CAJA X 384 NEGRO,ANILLO DOBLE O,1,409500,59
122046,2024,Octubre,10,TIRA 2.1 X 64 LOOPS  14MM CAJA X 384 PLATA,ANILLO DOBLE O,0,0,26
122047,2024,Octubre,10,TIRA 2.1 X 64 LOOPS  16MM CAJA X 308 BLANCO,ANILLO DOBLE O,30,12006400,300
122048,2024,Octubre,10,TIRA 2.1 X 64 LOOPS  16MM CAJA X 308 BRONCE,ANILLO DOBLE O,8,3920000,44
122049,2024,Octubre,10,TIRA 2.1 X 64 LOOPS  16MM CAJA X 308 NEGRO,ANILLO DOBLE O,13,5297600,164
122050,2024,Octubre,10,TIRA 2.1 X 64 LOOPS  16MM CAJA X 308 PLATA,ANILLO DOBLE O,8,3920000,28
122051,2024,Octubre,10,TIRA 2.1 X 64 LOOPS  19MM CAJA X 252 BLANCO,ANILLO DOBLE O,40,17968800,197
122052,2024,Octubre,10,TIRA 2.1 X 64 LOOPS  19MM CAJA X 252 BRONCE,ANILLO DOBLE O,1,550000,45
122053,2024,Octubre,10,TIRA 2.1 X 64 LOOPS  19MM CAJA X 252 NEGRO,ANILLO DOBLE O,11,5112000,131
122054,2024,Octubre,10,TIRA 2.1 X 64 LOOPS  19MM CAJA X 252 PLATA,ANILLO DOBLE O,0,0,70
122055,2024,Octubre,10,TIRA 2.1 X 64 LOOPS  22MM CAJA X 192 BLANCO,ANILLO DOBLE O,14,6111850,68
122056,2024,Octubre,10,TIRA 2.1 X 64 LOOPS  22MM CAJA X 192 BRONCE,ANILLO DOBLE O,0,0,32
122057,2024,Octubre,10,TIRA 2.1 X 64 LOOPS  22MM CAJA X 192 NEGRO,ANILLO DOBLE O,6,2629800,67
122058,2024,Octubre,10,TIRA 2.1 X 64 LOOPS  22MM CAJA X 192 PLATA,ANILLO DOBLE O,0,0,34
122059,2024,Octubre,10,TIRA 2.1 X 64 LOOPS  25MM CAJA X 140 BLANCO,ANILLO DOBLE O,9,3502600,65
122077,2024,Octubre,10,TIRA 2.1 X 64 LOOPS  25MM CAJA X 140 BRONCE,ANILLO DOBLE O,1,461700,22
122060,2024,Octubre,10,TIRA 2.1 X 64 LOOPS  25MM CAJA X 140 NEGRO,ANILLO DOBLE O,10,3861300,65
122061,2024,Octubre,10,TIRA 2.1 X 64 LOOPS  25MM CAJA X 140 PLATA,ANILLO DOBLE O,0,0,36
122062,2024,Octubre,10,TIRA 2.1 X 64 LOOPS  28MM CAJA X 96 BLANCO,ANILLO DOBLE O,5,2010250,82
122063,2024,Octubre,10,TIRA 2.1 X 64 LOOPS  28MM CAJA X 96 NEGRO,ANILLO DOBLE O,7,2838000,66
122064,2024,Octubre,10,TIRA 2.1 X 64 LOOPS  28MM CAJA X 96 PLATA,ANILLO DOBLE O,0,0,60
122065,2024,Octubre,10,TIRA 2.1 X 64 LOOPS  32MM CAJA X 96 BLANCO,ANILLO DOBLE O,0,0,82
122066,2024,Octubre,10,TIRA 2.1 X 64 LOOPS  32MM CAJA X 96 NEGRO,ANILLO DOBLE O,3,1357200,53
131008,2024,Octubre,10,VARILLA MEDIA LUNA  10 CM X 100 BLANCO,ANILLO DOBLE O,0,0,2101
131007,2024,Octubre,10,VARILLA MEDIA LUNA  10 CM X 100 NEGRO,ANILLO DOBLE O,51,596700,1001
131010,2024,Octubre,10,VARILLA MEDIA LUNA  15 CM X 100 BLANCO,ANILLO DOBLE O,24,387600,863
131009,2024,Octubre,10,VARILLA MEDIA LUNA  15 CM X 100 NEGRO,ANILLO DOBLE O,0,0,473
131033,2024,Octubre,10,VARILLA MEDIA LUNA  20 CM X 100 BLANCO,ANILLO DOBLE O,0,0,15
131034,2024,Octubre,10,VARILLA MEDIA LUNA  20 CM X 100 NEGRO,ANILLO DOBLE O,0,0,349
131018,2024,Octubre,10,YOYO ORIGINAL CAJA X 50 AZUL,VARIOS,4,261000,1085
131019,2024,Octubre,10,YOYO ORIGINAL CAJA X 50 BLANCO,VARIOS,88,5122000,1592
131020,2024,Octubre,10,YOYO ORIGINAL CAJA X 50 NEGRO,VARIOS,5,326250,893
131021,2024,Octubre,10,YOYO ORIGINAL CAJA X 50 ROJO,VARIOS,2,130500,26
131022,2024,Octubre,10,YOYO ORIGINAL CAJA X 50 VERDE,VARIOS,3,195750,218
131012,2024,Noviembre,11,ACETATOS CARTA PAQ X 50,VARIOS,0,0,0
113001,2024,Noviembre,11,BOLSILLO CARNET 60 X 90 MM 175 MIC CAJA X 100,LAMINACION,0,0,0
113005,2024,Noviembre,11,BOLSILLO CARTA 225MM X 288MM 125 MIC CAJA X 100,LAMINACION,406,14391000,8518
113006,2024,Noviembre,11,BOLSILLO CARTA 225MM X 288MM 175 MIC CAJA X 100,LAMINACION,59,2724400,1263
113007,2024,Noviembre,11,BOLSILLO CARTA 225MM X 288MM 250 MIC CAJA X 50,LAMINACION,148,5663500,1965
113002,2024,Noviembre,11,BOLSILLO CEDULA 70 X 100 MM 175 MIC CAJA X 100,LAMINACION,120,739800,7824
113008,2024,Noviembre,11,BOLSILLO OFICIO 225MM X 337MM 125 MIC CAJA X 100,LAMINACION,245,8930000,2822
113003,2024,Noviembre,11,BOLSILLO TARJETA PROPIEDAD 80 X 110 MM 175 MIC CAJA X 100,LAMINACION,130,924300,4997
121009,2024,Noviembre,11,CARATULA CARTA GRAIN PAQ X 50 AZUL,CARATULA,20,237500,3043
121010,2024,Noviembre,11,CARATULA CARTA GRAIN PAQ X 50 NEGRO,CARATULA,150,1811250,1489
121034,2024,Noviembre,11,CARATULA CARTA STRIPE PAQ X 50 AMARILLO,CARATULA,107,1304375,1462
121017,2024,Noviembre,11,CARATULA CARTA STRIPE PAQ X 50 AZUL T-1,CARATULA,48,586250,2004
121018,2024,Noviembre,11,CARATULA CARTA STRIPE PAQ X 50 AZUL T-2,CARATULA,34,421000,0
121019,2024,Noviembre,11,CARATULA CARTA STRIPE PAQ X 50 HUMO,CARATULA,55,678500,2106
121020,2024,Noviembre,11,CARATULA CARTA STRIPE PAQ X 50 LILA,CARATULA,6,71875,1502
121021,2024,Noviembre,11,CARATULA CARTA STRIPE PAQ X 50 NARANJA,CARATULA,7,84375,2242
121022,2024,Noviembre,11,CARATULA CARTA STRIPE PAQ X 50 ROJO,CARATULA,23,276875,2066
121023,2024,Noviembre,11,CARATULA CARTA STRIPE PAQ X 50 TRANSPARENTE,CARATULA,425,5179750,5797
121024,2024,Noviembre,11,CARATULA CARTA STRIPE PAQ X 50 VERDE T-1,CARATULA,16,191875,769
121025,2024,Noviembre,11,CARATULA CARTA STRIPE PAQ X 50 VERDE T-2,CARATULA,32,395000,3846
121032,2024,Noviembre,11,CARATULA LEGAL STRIPE PAQ X 50 TRANSPARENTE,CARATULA,6,381500,815
121030,2024,Noviembre,11,CARATULA OFICIO STRIPE PAQ X 50 TRANSPARENTE,CARATULA,176,2363000,57
121031,2024,Noviembre,11,CARATULA OFICIO STRIPE PAQ X 50 VERDE T-2,CARATULA,0,0,0
122009,2024,Noviembre,11,CARRETE  2.1   16 MM X 10500 LOOPS BLANCO,ANILLO DOBLE O,9,2684700,14
122010,2024,Noviembre,11,CARRETE  2.1   16 MM X 10500 LOOPS NEGRO,ANILLO DOBLE O,2,596600,17
122011,2024,Noviembre,11,CARRETE  2.1   16 MM X 10500 LOOPS PLATA,ANILLO DOBLE O,0,0,21
122013,2024,Noviembre,11,CARRETE  2.1   19 MM X 7000 LOOPS BLANCO,ANILLO DOBLE O,9,2496600,2
122016,2024,Noviembre,11,CARRETE  2.1   19 MM X 7000 LOOPS BRONCE,ANILLO DOBLE O,3,960000,17
122014,2024,Noviembre,11,CARRETE  2.1   19 MM X 7000 LOOPS NEGRO,ANILLO DOBLE O,0,0,0
122015,2024,Noviembre,11,CARRETE  2.1   19 MM X 7000 LOOPS PLATA,ANILLO DOBLE O,14,4570600,3
122017,2024,Noviembre,11,CARRETE  3.1    8 MM X 60000 LOOPS BLANCO,ANILLO DOBLE O,2,846000,112
122018,2024,Noviembre,11,CARRETE  3.1    8 MM X 60000 LOOPS NEGRO,ANILLO DOBLE O,4,1786000,44
122019,2024,Noviembre,11,CARRETE  3.1    8 MM X 60000 LOOPS PLATA,ANILLO DOBLE O,0,0,10
122020,2024,Noviembre,11,CARRETE  3.1    9 MM X 43000 LOOPS BLANCO,ANILLO DOBLE O,61,22427300,147
122021,2024,Noviembre,11,CARRETE  3.1    9 MM X 43000 LOOPS BRONCE,ANILLO DOBLE O,5,2205450,28
122022,2024,Noviembre,11,CARRETE  3.1    9 MM X 43000 LOOPS NEGRO,ANILLO DOBLE O,5,1830800,105
122023,2024,Noviembre,11,CARRETE  3.1    9 MM X 43000 LOOPS PLATA,ANILLO DOBLE O,1,452000,18
122024,2024,Noviembre,11,CARRETE  3.1   11 MM X 32000 LOOPS BLANCO,ANILLO DOBLE O,44,16676800,26
122025,2024,Noviembre,11,CARRETE  3.1   11 MM X 32000 LOOPS NEGRO,ANILLO DOBLE O,3,1171350,66
122026,2024,Noviembre,11,CARRETE  3.1   12 MM X 24000 LOOPS BLANCO,ANILLO DOBLE O,33,10687500,18
122027,2024,Noviembre,11,CARRETE  3.1   12 MM X 24000 LOOPS NEGRO,ANILLO DOBLE O,0,0,63
122028,2024,Noviembre,11,CARRETE  3.1   12 MM X 24000 LOOPS PLATA,ANILLO DOBLE O,1,389500,11
122029,2024,Noviembre,11,CARRETE  3.1   14 MM X 19300 LOOPS BLANCO,ANILLO DOBLE O,19,6498000,0
122030,2024,Noviembre,11,CARRETE  3.1   14 MM X 19300 LOOPS NEGRO,ANILLO DOBLE O,1,306000,28
122031,2024,Noviembre,11,CARRETE  3.1   14 MM X 19300 LOOPS PLATA,ANILLO DOBLE O,1,366350,4
122081,2024,Noviembre,11,DOBLE O CARTA 2.1    8 MM  CAJA X 100 BLANCO,ANILLO DOBLE O,7,158600,429
122082,2024,Noviembre,11,DOBLE O CARTA 2.1    8 MM  CAJA X 100 NEGRO,ANILLO DOBLE O,3,78000,159
122083,2024,Noviembre,11,DOBLE O CARTA 2.1    9 MM  CAJA X 100 BLANCO,ANILLO DOBLE O,24,625800,363
122084,2024,Noviembre,11,DOBLE O CARTA 2.1    9 MM  CAJA X 100 NEGRO,ANILLO DOBLE O,27,733600,242
122085,2024,Noviembre,11,DOBLE O CARTA 2.1   12 MM  CAJA X 100 BLANCO,ANILLO DOBLE O,36,1339500,18
122086,2024,Noviembre,11,DOBLE O CARTA 2.1   12 MM  CAJA X 100 NEGRO,ANILLO DOBLE O,0,0,126
122087,2024,Noviembre,11,DOBLE O CARTA 2.1   14 MM  CAJA X 100 BLANCO,ANILLO DOBLE O,6,273600,296
122088,2024,Noviembre,11,DOBLE O CARTA 2.1   14 MM  CAJA X 100 NEGRO,ANILLO DOBLE O,11,477600,128
122089,2024,Noviembre,11,DOBLE O CARTA 2.1   16 MM  CAJA X 50 BLANCO,ANILLO DOBLE O,10,268250,431
122090,2024,Noviembre,11,DOBLE O CARTA 2.1   16 MM  CAJA X 50 NEGRO,ANILLO DOBLE O,0,0,0
122091,2024,Noviembre,11,DOBLE O CARTA 2.1   19 MM  CAJA X 50 BLANCO,ANILLO DOBLE O,13,507000,77
122112,2024,Noviembre,11,DOBLE O CARTA 2.1   19 MM  CAJA X 50 BRONCE,ANILLO DOBLE O,2,78000,140
122092,2024,Noviembre,11,DOBLE O CARTA 2.1   19 MM  CAJA X 50 NEGRO,ANILLO DOBLE O,11,429000,71
122093,2024,Noviembre,11,DOBLE O CARTA 2.1   22 MM  CAJA X 50 BLANCO,ANILLO DOBLE O,16,760800,145
122094,2024,Noviembre,11,DOBLE O CARTA 2.1   22 MM  CAJA X 50 NEGRO,ANILLO DOBLE O,6,280800,285
122095,2024,Noviembre,11,DOBLE O CARTA 2.1   25 MM  CAJA X 50 BLANCO,ANILLO DOBLE O,71,3388000,201
122096,2024,Noviembre,11,DOBLE O CARTA 2.1   25 MM  CAJA X 50 NEGRO,ANILLO DOBLE O,3,168000,248
122097,2024,Noviembre,11,DOBLE O CARTA 2.1   28 MM  CAJA X 30 BLANCO,ANILLO DOBLE O,1,62000,363
122098,2024,Noviembre,11,DOBLE O CARTA 2.1   28 MM  CAJA X 30 NEGRO,ANILLO DOBLE O,3,186000,332
122099,2024,Noviembre,11,DOBLE O CARTA 2.1   32 MM  CAJA X 30 BLANCO,ANILLO DOBLE O,0,0,410
122100,2024,Noviembre,11,DOBLE O CARTA 2.1   32 MM  CAJA X 30 NEGRO,ANILLO DOBLE O,5,301750,168
122101,2024,Noviembre,11,DOBLE O CARTA 3.1    8 MM   CAJA X 100 BLANCO,ANILLO DOBLE O,5,110500,632
122102,2024,Noviembre,11,DOBLE O CARTA 3.1    8 MM  CAJA X 100 NEGRO,ANILLO DOBLE O,0,0,431
122103,2024,Noviembre,11,DOBLE O CARTA 3.1    9 MM  CAJA X 100 BLANCO,ANILLO DOBLE O,18,464800,439
122104,2024,Noviembre,11,DOBLE O CARTA 3.1    9 MM  CAJA X 100 NEGRO,ANILLO DOBLE O,58,1563800,0
122105,2024,Noviembre,11,DOBLE O CARTA 3.1   11 MM  CAJA X 100 BLANCO,ANILLO DOBLE O,12,357000,395
122106,2024,Noviembre,11,DOBLE O CARTA 3.1   11 MM  CAJA X 100 NEGRO,ANILLO DOBLE O,45,1479000,109
122108,2024,Noviembre,11,DOBLE O CARTA 3.1   12 MM  CAJA X 100 BLANCO,ANILLO DOBLE O,7,280850,672
122107,2024,Noviembre,11,DOBLE O CARTA 3.1   12 MM  CAJA X 100 NEGRO,ANILLO DOBLE O,3,116850,270
122109,2024,Noviembre,11,DOBLE O CARTA 3.1   12 MM  CAJA X 100 PLATA,ANILLO DOBLE O,1,41000,157
122110,2024,Noviembre,11,DOBLE O CARTA 3.1   14 MM  CAJA X 100 BLANCO,ANILLO DOBLE O,3,136800,342
122111,2024,Noviembre,11,DOBLE O CARTA 3.1   14 MM  CAJA X 100 NEGRO,ANILLO DOBLE O,8,340800,154
112031,2024,Noviembre,11,FOIL S1 (101) 640 MM X 120 MT 12 MIC DORADO,LAMINACION,20,1108650,62
112032,2024,Noviembre,11,FOIL S1 (120) 640 MM X 120 MT 12 MIC PLATA,LAMINACION,4,225150,102
112033,2024,Noviembre,11,FOIL S2 (101) 640 MM X 120 MT 12 MIC DORADO,LAMINACION,0,0,10
112034,2024,Noviembre,11,FOIL S2 (120) 640 MM X 120 MT 12 MIC PLATA,LAMINACION,0,0,19
112036,2024,Noviembre,11,FOIL S4 (S15) 640 MM X 120 MT 12 MIC PLATA HOLOGRAFICO,LAMINACION,2,152000,2
112035,2024,Noviembre,11,FOIL S4 (SA18) 640 MM X 120 MT 12 MIC DORADO HOLOGRAFICO,LAMINACION,0,0,9
111001,2024,Noviembre,11,ROLLO 113 MM X 60 MTS 175 MICRAS,LAMINACION,60,1609500,1258
111002,2024,Noviembre,11,ROLLO 113 MM X 60 MTS 250 MICRAS,LAMINACION,13,483600,127
111003,2024,Noviembre,11,ROLLO 226 MM X 60 MTS 125 MICRAS,LAMINACION,103,4134000,0
111004,2024,Noviembre,11,ROLLO 226 MM X 60 MTS 175 MICRAS,LAMINACION,162,9724000,0
111005,2024,Noviembre,11,ROLLO 226 MM X 60 MTS 250 MICRAS,LAMINACION,6,458200,84
111007,2024,Noviembre,11,ROLLO 300 MM X 60 MTS 125 MICRAS,LAMINACION,0,0,0
111008,2024,Noviembre,11,ROLLO 300 MM X 60 MTS 250 MICRAS,LAMINACION,9,905000,0
111018,2024,Noviembre,11,ROLLO 350 MM X 60 MTS 250 MICRAS,LAMINACION,24,2760000,183
111010,2024,Noviembre,11,ROLLO 375 MM X 60 MTS 125 MICRAS,LAMINACION,0,0,0
111013,2024,Noviembre,11,ROLLO 375 MM X 75 MTS 75 MICRAS MATTE,PLASTIFICACION,2,120000,114
111019,2024,Noviembre,11,ROLLO 540 MM X 60 MTS 125 MICRAS,PLASTIFICACION,0,0,0
111020,2024,Noviembre,11,ROLLO 540 MM X 60 MTS 175 MICRAS,PLASTIFICACION,0,0,0
111016,2024,Noviembre,11,ROLLO 680 MM X 60 MTS 125 MICRAS BRILLANTE,PLASTIFICACION,0,0,0
112001,2024,Noviembre,11,ROLLO BOPP BRILLANTE 250 MM X 4000 MT 18 MIC,PLASTIFICACION,31,7396400,52
112002,2024,Noviembre,11,ROLLO BOPP BRILLANTE 300 MM X 4000 MT 18 MIC,PLASTIFICACION,23,6785090,113
112003,2024,Noviembre,11,ROLLO BOPP BRILLANTE 330 MM X 200 MT 23 MIC,PLASTIFICACION,29,1592101,460
112006,2024,Noviembre,11,ROLLO BOPP BRILLANTE 345 MM X 4000 MT 18 MIC,PLASTIFICACION,55,18602810,50
112026,2024,Noviembre,11,ROLLO BOPP BRILLANTE 400 MM X 4000 MT 18 MIC,PLASTIFICACION,10,4219600,29
112007,2024,Noviembre,11,ROLLO BOPP BRILLANTE 445 MM X 4000 MT 18 MIC,PLASTIFICACION,24,10501230,30
112008,2024,Noviembre,11,ROLLO BOPP BRILLANTE 495 MM X 4000 MT 18 MIC,PLASTIFICACION,65,33205490,151
112028,2024,Noviembre,11,ROLLO BOPP BRILLANTE 595 MM X 4000 MT 18 MIC,PLASTIFICACION,15,8894305,72
112009,2024,Noviembre,11,ROLLO BOPP BRILLANTE 695 MM X 4000 MT 18 MIC,PLASTIFICACION,26,13613900,5
112024,2024,Noviembre,11,ROLLO BOPP MATE 200 MM X 4000 MT 18 MIC,PLASTIFICACION,10,1803850,84
112010,2024,Noviembre,11,ROLLO BOPP MATE 250 MM X 4000 MT 18 MIC,PLASTIFICACION,26,5879860,96
112011,2024,Noviembre,11,ROLLO BOPP MATE 300 MM X 4000 MT 18 MIC,PLASTIFICACION,20,5540540,102
112012,2024,Noviembre,11,ROLLO BOPP MATE 330 MM X 200 MT 23 MIC,PLASTIFICACION,10,522001,479
112021,2024,Noviembre,11,ROLLO BOPP MATE 330 MM X 4000 MT 18 MIC,PLASTIFICACION,21,6378010,59
112013,2024,Noviembre,11,ROLLO BOPP MATE 330 MM X 500 MT 22 MIC,PLASTIFICACION,0,0,161
112015,2024,Noviembre,11,ROLLO BOPP MATE 345 MM X 4000 MT 18 MIC,PLASTIFICACION,72,22822310,8
112025,2024,Noviembre,11,ROLLO BOPP MATE 400 MM X 4000 MT 18 MIC,PLASTIFICACION,23,8515370,22
112016,2024,Noviembre,11,ROLLO BOPP MATE 445 MM X 4000 MT 18 MIC,PLASTIFICACION,23,9591050,3
112017,2024,Noviembre,11,ROLLO BOPP MATE 495 MM X 4000 MT 18 MIC,PLASTIFICACION,135,62027680,43
112018,2024,Noviembre,11,ROLLO BOPP MATE 595 MM X 4000 MT 18 MIC,ANILLO DOBLE O,43,18212890,3
112019,2024,Noviembre,11,ROLLO BOPP MATE 695 MM X 4000 MT 18 MIC,ANILLO DOBLE O,19,9628750,40
112020,2024,Noviembre,11,ROLLO HOLOGRAFICO 495 MM X 1500 MT 24 MIC,ANILLO DOBLE O,4,1833600,189
112022,2024,Noviembre,11,ROLLO METALIZADO DORADO 495 MM X 1000 MT 22 MIC,ANILLO DOBLE O,3,1183200,92
112023,2024,Noviembre,11,ROLLO METALIZADO PLATA 495 MM X 1000 MT 22 MIC,ANILLO DOBLE O,2,563100,106
112027,2024,Noviembre,11,ROLLO PIEL DURAZNO 495 MM X 200 MT 28 MIC,ANILLO DOBLE O,13,2084067,60
112005,2024,Noviembre,11,ROLLO SUPERBONDING BRILLANTE 330 MM X 500 MT 30 MIC,ANILLO DOBLE O,0,0,51
122041,2024,Noviembre,11,TIRA 2.1 X 64 LOOPS  12MM CAJA X 540 BLANCO,ANILLO DOBLE O,16,7143000,55
122042,2024,Noviembre,11,TIRA 2.1 X 64 LOOPS  12MM CAJA X 540 NEGRO,ANILLO DOBLE O,3,1386500,83
122043,2024,Noviembre,11,TIRA 2.1 X 64 LOOPS  12MM CAJA X 540 PLATA,ANILLO DOBLE O,1,474300,57
122044,2024,Noviembre,11,TIRA 2.1 X 64 LOOPS  14MM CAJA X 384 BLANCO,ANILLO DOBLE O,8,3412500,30
122045,2024,Noviembre,11,TIRA 2.1 X 64 LOOPS  14MM CAJA X 384 NEGRO,ANILLO DOBLE O,3,1205750,56
122046,2024,Noviembre,11,TIRA 2.1 X 64 LOOPS  14MM CAJA X 384 PLATA,ANILLO DOBLE O,1,444550,25
122047,2024,Noviembre,11,TIRA 2.1 X 64 LOOPS  16MM CAJA X 308 BLANCO,ANILLO DOBLE O,26,10864000,274
122048,2024,Noviembre,11,TIRA 2.1 X 64 LOOPS  16MM CAJA X 308 BRONCE,ANILLO DOBLE O,0,0,44
122049,2024,Noviembre,11,TIRA 2.1 X 64 LOOPS  16MM CAJA X 308 NEGRO,ANILLO DOBLE O,4,1680000,160
122050,2024,Noviembre,11,TIRA 2.1 X 64 LOOPS  16MM CAJA X 308 PLATA,ANILLO DOBLE O,0,0,28
122051,2024,Noviembre,11,TIRA 2.1 X 64 LOOPS  19MM CAJA X 252 BLANCO,ANILLO DOBLE O,35,16077600,162
122052,2024,Noviembre,11,TIRA 2.1 X 64 LOOPS  19MM CAJA X 252 BRONCE,ANILLO DOBLE O,7,3695000,39
122053,2024,Noviembre,11,TIRA 2.1 X 64 LOOPS  19MM CAJA X 252 NEGRO,ANILLO DOBLE O,33,15184800,99
122054,2024,Noviembre,11,TIRA 2.1 X 64 LOOPS  19MM CAJA X 252 PLATA,ANILLO DOBLE O,8,4263000,62
122055,2024,Noviembre,11,TIRA 2.1 X 64 LOOPS  22MM CAJA X 192 BLANCO,ANILLO DOBLE O,13,5901105,55
122056,2024,Noviembre,11,TIRA 2.1 X 64 LOOPS  22MM CAJA X 192 BRONCE,ANILLO DOBLE O,1,532000,31
122057,2024,Noviembre,11,TIRA 2.1 X 64 LOOPS  22MM CAJA X 192 NEGRO,ANILLO DOBLE O,2,925300,65
122058,2024,Noviembre,11,TIRA 2.1 X 64 LOOPS  22MM CAJA X 192 PLATA,ANILLO DOBLE O,0,0,34
122059,2024,Noviembre,11,TIRA 2.1 X 64 LOOPS  25MM CAJA X 140 BLANCO,ANILLO DOBLE O,5,1835700,60
122077,2024,Noviembre,11,TIRA 2.1 X 64 LOOPS  25MM CAJA X 140 BRONCE,ANILLO DOBLE O,4,1846800,18
122060,2024,Noviembre,11,TIRA 2.1 X 64 LOOPS  25MM CAJA X 140 NEGRO,ANILLO DOBLE O,1,379800,65
122061,2024,Noviembre,11,TIRA 2.1 X 64 LOOPS  25MM CAJA X 140 PLATA,ANILLO DOBLE O,1,413100,35
122062,2024,Noviembre,11,TIRA 2.1 X 64 LOOPS  28MM CAJA X 96 BLANCO,ANILLO DOBLE O,1,402050,81
122063,2024,Noviembre,11,TIRA 2.1 X 64 LOOPS  28MM CAJA X 96 NEGRO,ANILLO DOBLE O,9,3807650,57
122064,2024,Noviembre,11,TIRA 2.1 X 64 LOOPS  28MM CAJA X 96 PLATA,ANILLO DOBLE O,0,0,60
122065,2024,Noviembre,11,TIRA 2.1 X 64 LOOPS  32MM CAJA X 96 BLANCO,ANILLO DOBLE O,1,443700,81
122066,2024,Noviembre,11,TIRA 2.1 X 64 LOOPS  32MM CAJA X 96 NEGRO,ANILLO DOBLE O,11,4932900,42
131008,2024,Noviembre,11,VARILLA MEDIA LUNA  10 CM X 100 BLANCO,ANILLO DOBLE O,30,351000,2071
131007,2024,Noviembre,11,VARILLA MEDIA LUNA  10 CM X 100 NEGRO,ANILLO DOBLE O,100,1170000,901
131010,2024,Noviembre,11,VARILLA MEDIA LUNA  15 CM X 100 BLANCO,ANILLO DOBLE O,72,1122000,791
131009,2024,Noviembre,11,VARILLA MEDIA LUNA  15 CM X 100 NEGRO,ANILLO DOBLE O,167,2544900,346
131033,2024,Noviembre,11,VARILLA MEDIA LUNA  20 CM X 100 BLANCO,ANILLO DOBLE O,0,0,15
131034,2024,Noviembre,11,VARILLA MEDIA LUNA  20 CM X 100 NEGRO,ANILLO DOBLE O,10,199500,339
131018,2024,Noviembre,11,YOYO ORIGINAL CAJA X 50 AZUL,VARIOS,36,2191500,1049
131019,2024,Noviembre,11,YOYO ORIGINAL CAJA X 50 BLANCO,VARIOS,23,1345750,1569
131020,2024,Noviembre,11,YOYO ORIGINAL CAJA X 50 NEGRO,VARIOS,6,391500,887
131021,2024,Noviembre,11,YOYO ORIGINAL CAJA X 50 ROJO,VARIOS,2,130500,24
131022,2024,Noviembre,11,YOYO ORIGINAL CAJA X 50 VERDE,VARIOS,0,0,218
131012,2024,Diciembre,12,ACETATOS CARTA PAQ X 50,VARIOS,0,0,0
113001,2024,Diciembre,12,BOLSILLO CARNET 60 X 90 MM 175 MIC CAJA X 100,LAMINACION,0,0,0
113005,2024,Diciembre,12,BOLSILLO CARTA 225MM X 288MM 125 MIC CAJA X 100,LAMINACION,733,23442000,7785
113006,2024,Diciembre,12,BOLSILLO CARTA 225MM X 288MM 175 MIC CAJA X 100,LAMINACION,34,1633000,1229
113007,2024,Diciembre,12,BOLSILLO CARTA 225MM X 288MM 250 MIC CAJA X 50,LAMINACION,213,7384000,1752
113002,2024,Diciembre,12,BOLSILLO CEDULA 70 X 100 MM 175 MIC CAJA X 100,LAMINACION,304,1586000,7520
113008,2024,Diciembre,12,BOLSILLO OFICIO 225MM X 337MM 125 MIC CAJA X 100,LAMINACION,317,10505300,2505
113003,2024,Diciembre,12,BOLSILLO TARJETA PROPIEDAD 80 X 110 MM 175 MIC CAJA X 100,LAMINACION,172,1264000,4825
121009,2024,Diciembre,12,CARATULA CARTA GRAIN PAQ X 50 AZUL,CARATULA,0,0,3043
121010,2024,Diciembre,12,CARATULA CARTA GRAIN PAQ X 50 NEGRO,CARATULA,20,230000,1469
121034,2024,Diciembre,12,CARATULA CARTA STRIPE PAQ X 50 AMARILLO,CARATULA,50,650000,1412
121017,2024,Diciembre,12,CARATULA CARTA STRIPE PAQ X 50 AZUL T-1,CARATULA,170,2030000,1834
121018,2024,Diciembre,12,CARATULA CARTA STRIPE PAQ X 50 AZUL T-2,CARATULA,0,0,0
121019,2024,Diciembre,12,CARATULA CARTA STRIPE PAQ X 50 HUMO,CARATULA,310,3275000,1796
121020,2024,Diciembre,12,CARATULA CARTA STRIPE PAQ X 50 LILA,CARATULA,230,2455000,1272
121021,2024,Diciembre,12,CARATULA CARTA STRIPE PAQ X 50 NARANJA,CARATULA,21,242500,2221
121022,2024,Diciembre,12,CARATULA CARTA STRIPE PAQ X 50 ROJO,CARATULA,21,242500,2045
121023,2024,Diciembre,12,CARATULA CARTA STRIPE PAQ X 50 TRANSPARENTE,CARATULA,612,6765000,5185
121024,2024,Diciembre,12,CARATULA CARTA STRIPE PAQ X 50 VERDE T-1,CARATULA,10,115000,759
121025,2024,Diciembre,12,CARATULA CARTA STRIPE PAQ X 50 VERDE T-2,CARATULA,21,247500,3825
121032,2024,Diciembre,12,CARATULA LEGAL STRIPE PAQ X 50 TRANSPARENTE,CARATULA,5,339500,810
121030,2024,Diciembre,12,CARATULA OFICIO STRIPE PAQ X 50 TRANSPARENTE,CARATULA,24,316000,33
121031,2024,Diciembre,12,CARATULA OFICIO STRIPE PAQ X 50 VERDE T-2,CARATULA,0,0,0
122009,2024,Diciembre,12,CARRETE  2.1   16 MM X 10500 LOOPS BLANCO,ANILLO DOBLE O,11,3281300,3
122010,2024,Diciembre,12,CARRETE  2.1   16 MM X 10500 LOOPS NEGRO,ANILLO DOBLE O,2,628000,15
122011,2024,Diciembre,12,CARRETE  2.1   16 MM X 10500 LOOPS PLATA,ANILLO DOBLE O,0,0,21
122013,2024,Diciembre,12,CARRETE  2.1   19 MM X 7000 LOOPS BLANCO,ANILLO DOBLE O,2,554800,0
122016,2024,Diciembre,12,CARRETE  2.1   19 MM X 7000 LOOPS BRONCE,ANILLO DOBLE O,2,680550,15
122014,2024,Diciembre,12,CARRETE  2.1   19 MM X 7000 LOOPS NEGRO,ANILLO DOBLE O,0,0,0
122015,2024,Diciembre,12,CARRETE  2.1   19 MM X 7000 LOOPS PLATA,ANILLO DOBLE O,3,942300,0
122017,2024,Diciembre,12,CARRETE  3.1    8 MM X 60000 LOOPS BLANCO,ANILLO DOBLE O,15,6627000,97
122018,2024,Diciembre,12,CARRETE  3.1    8 MM X 60000 LOOPS NEGRO,ANILLO DOBLE O,9,3501500,35
122019,2024,Diciembre,12,CARRETE  3.1    8 MM X 60000 LOOPS PLATA,ANILLO DOBLE O,6,3383900,4
122020,2024,Diciembre,12,CARRETE  3.1    9 MM X 43000 LOOPS BLANCO,ANILLO DOBLE O,52,19263200,95
122021,2024,Diciembre,12,CARRETE  3.1    9 MM X 43000 LOOPS BRONCE,ANILLO DOBLE O,3,1298600,25
122022,2024,Diciembre,12,CARRETE  3.1    9 MM X 43000 LOOPS NEGRO,ANILLO DOBLE O,28,10427600,77
122023,2024,Diciembre,12,CARRETE  3.1    9 MM X 43000 LOOPS PLATA,ANILLO DOBLE O,3,1264050,15
122024,2024,Diciembre,12,CARRETE  3.1   11 MM X 32000 LOOPS BLANCO,ANILLO DOBLE O,20,7541850,7
122025,2024,Diciembre,12,CARRETE  3.1   11 MM X 32000 LOOPS NEGRO,ANILLO DOBLE O,3,1150800,63
122026,2024,Diciembre,12,CARRETE  3.1   12 MM X 24000 LOOPS BLANCO,ANILLO DOBLE O,14,4358000,4
122027,2024,Diciembre,12,CARRETE  3.1   12 MM X 24000 LOOPS NEGRO,ANILLO DOBLE O,5,1560300,58
122028,2024,Diciembre,12,CARRETE  3.1   12 MM X 24000 LOOPS PLATA,ANILLO DOBLE O,3,1168500,8
122029,2024,Diciembre,12,CARRETE  3.1   14 MM X 19300 LOOPS BLANCO,ANILLO DOBLE O,0,0,0
122030,2024,Diciembre,12,CARRETE  3.1   14 MM X 19300 LOOPS NEGRO,ANILLO DOBLE O,1,306000,27
122031,2024,Diciembre,12,CARRETE  3.1   14 MM X 19300 LOOPS PLATA,ANILLO DOBLE O,0,0,4
122081,2024,Diciembre,12,DOBLE O CARTA 2.1    8 MM  CAJA X 100 BLANCO,ANILLO DOBLE O,0,0,429
122082,2024,Diciembre,12,DOBLE O CARTA 2.1    8 MM  CAJA X 100 NEGRO,ANILLO DOBLE O,8,208000,151
122083,2024,Diciembre,12,DOBLE O CARTA 2.1    9 MM  CAJA X 100 BLANCO,ANILLO DOBLE O,15,378000,348
122084,2024,Diciembre,12,DOBLE O CARTA 2.1    9 MM  CAJA X 100 NEGRO,ANILLO DOBLE O,6,168000,236
122085,2024,Diciembre,12,DOBLE O CARTA 2.1   12 MM  CAJA X 100 BLANCO,ANILLO DOBLE O,11,418000,7
122086,2024,Diciembre,12,DOBLE O CARTA 2.1   12 MM  CAJA X 100 NEGRO,ANILLO DOBLE O,0,0,126
122087,2024,Diciembre,12,DOBLE O CARTA 2.1   14 MM  CAJA X 100 BLANCO,ANILLO DOBLE O,6,288000,290
122088,2024,Diciembre,12,DOBLE O CARTA 2.1   14 MM  CAJA X 100 NEGRO,ANILLO DOBLE O,0,0,128
122089,2024,Diciembre,12,DOBLE O CARTA 2.1   16 MM  CAJA X 50 BLANCO,ANILLO DOBLE O,22,638000,409
122090,2024,Diciembre,12,DOBLE O CARTA 2.1   16 MM  CAJA X 50 NEGRO,ANILLO DOBLE O,0,0,0
122091,2024,Diciembre,12,DOBLE O CARTA 2.1   19 MM  CAJA X 50 BLANCO,ANILLO DOBLE O,25,916500,52
122112,2024,Diciembre,12,DOBLE O CARTA 2.1   19 MM  CAJA X 50 BRONCE,ANILLO DOBLE O,9,351000,131
122092,2024,Diciembre,12,DOBLE O CARTA 2.1   19 MM  CAJA X 50 NEGRO,ANILLO DOBLE O,42,1462500,29
122093,2024,Diciembre,12,DOBLE O CARTA 2.1   22 MM  CAJA X 50 BLANCO,ANILLO DOBLE O,15,648000,130
122094,2024,Diciembre,12,DOBLE O CARTA 2.1   22 MM  CAJA X 50 NEGRO,ANILLO DOBLE O,40,1704000,245
122095,2024,Diciembre,12,DOBLE O CARTA 2.1   25 MM  CAJA X 50 BLANCO,ANILLO DOBLE O,4,224000,197
122096,2024,Diciembre,12,DOBLE O CARTA 2.1   25 MM  CAJA X 50 NEGRO,ANILLO DOBLE O,1,56000,249
122097,2024,Diciembre,12,DOBLE O CARTA 2.1   28 MM  CAJA X 30 BLANCO,ANILLO DOBLE O,5,310000,358
122098,2024,Diciembre,12,DOBLE O CARTA 2.1   28 MM  CAJA X 30 NEGRO,ANILLO DOBLE O,2,124000,330
122099,2024,Diciembre,12,DOBLE O CARTA 2.1   32 MM  CAJA X 30 BLANCO,ANILLO DOBLE O,2,142000,408
122100,2024,Diciembre,12,DOBLE O CARTA 2.1   32 MM  CAJA X 30 NEGRO,ANILLO DOBLE O,3,213000,165
122101,2024,Diciembre,12,DOBLE O CARTA 3.1    8 MM   CAJA X 100 BLANCO,ANILLO DOBLE O,10,221000,622
122102,2024,Diciembre,12,DOBLE O CARTA 3.1    8 MM  CAJA X 100 NEGRO,ANILLO DOBLE O,20,481000,411
122103,2024,Diciembre,12,DOBLE O CARTA 3.1    9 MM  CAJA X 100 BLANCO,ANILLO DOBLE O,3,84000,436
122104,2024,Diciembre,12,DOBLE O CARTA 3.1    9 MM  CAJA X 100 NEGRO,ANILLO DOBLE O,0,0,0
122105,2024,Diciembre,12,DOBLE O CARTA 3.1   11 MM  CAJA X 100 BLANCO,ANILLO DOBLE O,20,646000,377
122106,2024,Diciembre,12,DOBLE O CARTA 3.1   11 MM  CAJA X 100 NEGRO,ANILLO DOBLE O,35,1139000,74
122108,2024,Diciembre,12,DOBLE O CARTA 3.1   12 MM  CAJA X 100 BLANCO,ANILLO DOBLE O,0,0,672
122107,2024,Diciembre,12,DOBLE O CARTA 3.1   12 MM  CAJA X 100 NEGRO,ANILLO DOBLE O,4,164000,268
122109,2024,Diciembre,12,DOBLE O CARTA 3.1   12 MM  CAJA X 100 PLATA,ANILLO DOBLE O,0,0,157
122110,2024,Diciembre,12,DOBLE O CARTA 3.1   14 MM  CAJA X 100 BLANCO,ANILLO DOBLE O,10,456000,332
122111,2024,Diciembre,12,DOBLE O CARTA 3.1   14 MM  CAJA X 100 NEGRO,ANILLO DOBLE O,2,96000,152
112031,2024,Diciembre,12,FOIL S1 (101) 640 MM X 120 MT 12 MIC DORADO,LAMINACION,11,604200,51
112032,2024,Diciembre,12,FOIL S1 (120) 640 MM X 120 MT 12 MIC PLATA,LAMINACION,3,165300,99
112033,2024,Diciembre,12,FOIL S2 (101) 640 MM X 120 MT 12 MIC DORADO,LAMINACION,0,0,10
112034,2024,Diciembre,12,FOIL S2 (120) 640 MM X 120 MT 12 MIC PLATA,LAMINACION,0,0,19
112036,2024,Diciembre,12,FOIL S4 (S15) 640 MM X 120 MT 12 MIC PLATA HOLOGRAFICO,LAMINACION,0,0,2
112035,2024,Diciembre,12,FOIL S4 (SA18) 640 MM X 120 MT 12 MIC DORADO HOLOGRAFICO,LAMINACION,1,80000,8
111001,2024,Diciembre,12,ROLLO 113 MM X 60 MTS 175 MICRAS,LAMINACION,0,0,1258
111002,2024,Diciembre,12,ROLLO 113 MM X 60 MTS 250 MICRAS,LAMINACION,6,210600,121
111003,2024,Diciembre,12,ROLLO 226 MM X 60 MTS 125 MICRAS,LAMINACION,0,0,0
111004,2024,Diciembre,12,ROLLO 226 MM X 60 MTS 175 MICRAS,LAMINACION,0,0,0
111005,2024,Diciembre,12,ROLLO 226 MM X 60 MTS 250 MICRAS,LAMINACION,6,442400,78
111007,2024,Diciembre,12,ROLLO 300 MM X 60 MTS 125 MICRAS,LAMINACION,0,0,0
111008,2024,Diciembre,12,ROLLO 300 MM X 60 MTS 250 MICRAS,LAMINACION,0,0,0
111018,2024,Diciembre,12,ROLLO 350 MM X 60 MTS 250 MICRAS,LAMINACION,7,840000,176
111010,2024,Diciembre,12,ROLLO 375 MM X 60 MTS 125 MICRAS,LAMINACION,0,0,0
111013,2024,Diciembre,12,ROLLO 375 MM X 75 MTS 75 MICRAS MATTE,PLASTIFICACION,0,0,114
111019,2024,Diciembre,12,ROLLO 540 MM X 60 MTS 125 MICRAS,PLASTIFICACION,0,0,0
111020,2024,Diciembre,12,ROLLO 540 MM X 60 MTS 175 MICRAS,PLASTIFICACION,0,0,0
111016,2024,Diciembre,12,ROLLO 680 MM X 60 MTS 125 MICRAS BRILLANTE,PLASTIFICACION,0,0,0
112001,2024,Diciembre,12,ROLLO BOPP BRILLANTE 250 MM X 4000 MT 18 MIC,PLASTIFICACION,8,2136370,98
112002,2024,Diciembre,12,ROLLO BOPP BRILLANTE 300 MM X 4000 MT 18 MIC,PLASTIFICACION,21,6170395,146
112003,2024,Diciembre,12,ROLLO BOPP BRILLANTE 330 MM X 200 MT 23 MIC,PLASTIFICACION,8,479200,452
112006,2024,Diciembre,12,ROLLO BOPP BRILLANTE 345 MM X 4000 MT 18 MIC,PLASTIFICACION,50,17211410,140
112026,2024,Diciembre,12,ROLLO BOPP BRILLANTE 400 MM X 4000 MT 18 MIC,PLASTIFICACION,7,2994730,22
112007,2024,Diciembre,12,ROLLO BOPP BRILLANTE 445 MM X 4000 MT 18 MIC,PLASTIFICACION,8,3666910,22
112008,2024,Diciembre,12,ROLLO BOPP BRILLANTE 495 MM X 4000 MT 18 MIC,PLASTIFICACION,37,18632620,288
112028,2024,Diciembre,12,ROLLO BOPP BRILLANTE 595 MM X 4000 MT 18 MIC,PLASTIFICACION,21,10167640,52
112009,2024,Diciembre,12,ROLLO BOPP BRILLANTE 695 MM X 4000 MT 18 MIC,PLASTIFICACION,24,16403415,32
112024,2024,Diciembre,12,ROLLO BOPP MATE 200 MM X 4000 MT 18 MIC,PLASTIFICACION,3,556700,81
112010,2024,Diciembre,12,ROLLO BOPP MATE 250 MM X 4000 MT 18 MIC,PLASTIFICACION,15,3584535,153
112011,2024,Diciembre,12,ROLLO BOPP MATE 300 MM X 4000 MT 18 MIC,PLASTIFICACION,14,4029130,160
112012,2024,Diciembre,12,ROLLO BOPP MATE 330 MM X 200 MT 23 MIC,PLASTIFICACION,14,819000,465
112021,2024,Diciembre,12,ROLLO BOPP MATE 330 MM X 4000 MT 18 MIC,PLASTIFICACION,3,885450,56
112013,2024,Diciembre,12,ROLLO BOPP MATE 330 MM X 500 MT 22 MIC,PLASTIFICACION,1,150000,160
112015,2024,Diciembre,12,ROLLO BOPP MATE 345 MM X 4000 MT 18 MIC,PLASTIFICACION,39,13334435,41
112025,2024,Diciembre,12,ROLLO BOPP MATE 400 MM X 4000 MT 18 MIC,PLASTIFICACION,6,2333570,18
112016,2024,Diciembre,12,ROLLO BOPP MATE 445 MM X 4000 MT 18 MIC,PLASTIFICACION,3,1344600,0
112017,2024,Diciembre,12,ROLLO BOPP MATE 495 MM X 4000 MT 18 MIC,PLASTIFICACION,83,39469030,160
112018,2024,Diciembre,12,ROLLO BOPP MATE 595 MM X 4000 MT 18 MIC,ANILLO DOBLE O,16,8952395,15
112019,2024,Diciembre,12,ROLLO BOPP MATE 695 MM X 4000 MT 18 MIC,ANILLO DOBLE O,11,6380670,74
112020,2024,Diciembre,12,ROLLO HOLOGRAFICO 495 MM X 1500 MT 24 MIC,ANILLO DOBLE O,1,483600,188
112022,2024,Diciembre,12,ROLLO METALIZADO DORADO 495 MM X 1000 MT 22 MIC,ANILLO DOBLE O,0,0,92
112023,2024,Diciembre,12,ROLLO METALIZADO PLATA 495 MM X 1000 MT 22 MIC,ANILLO DOBLE O,1,315900,105
112027,2024,Diciembre,12,ROLLO PIEL DURAZNO 495 MM X 200 MT 28 MIC,ANILLO DOBLE O,5,793000,55
112005,2024,Diciembre,12,ROLLO SUPERBONDING BRILLANTE 330 MM X 500 MT 30 MIC,ANILLO DOBLE O,1,201681,50
122041,2024,Diciembre,12,TIRA 2.1 X 64 LOOPS  12MM CAJA X 540 BLANCO,ANILLO DOBLE O,24,10961000,32
122042,2024,Diciembre,12,TIRA 2.1 X 64 LOOPS  12MM CAJA X 540 NEGRO,ANILLO DOBLE O,0,0,83
122043,2024,Diciembre,12,TIRA 2.1 X 64 LOOPS  12MM CAJA X 540 PLATA,ANILLO DOBLE O,1,530100,56
122044,2024,Diciembre,12,TIRA 2.1 X 64 LOOPS  14MM CAJA X 384 BLANCO,ANILLO DOBLE O,26,10920000,4
122045,2024,Diciembre,12,TIRA 2.1 X 64 LOOPS  14MM CAJA X 384 NEGRO,ANILLO DOBLE O,6,2434250,50
122046,2024,Diciembre,12,TIRA 2.1 X 64 LOOPS  14MM CAJA X 384 PLATA,ANILLO DOBLE O,6,3180000,19
122047,2024,Diciembre,12,TIRA 2.1 X 64 LOOPS  16MM CAJA X 308 BLANCO,ANILLO DOBLE O,69,28515200,205
122048,2024,Diciembre,12,TIRA 2.1 X 64 LOOPS  16MM CAJA X 308 BRONCE,ANILLO DOBLE O,1,463500,43
122049,2024,Diciembre,12,TIRA 2.1 X 64 LOOPS  16MM CAJA X 308 NEGRO,ANILLO DOBLE O,8,3292800,152
122050,2024,Diciembre,12,TIRA 2.1 X 64 LOOPS  16MM CAJA X 308 PLATA,ANILLO DOBLE O,3,1416250,25
122051,2024,Diciembre,12,TIRA 2.1 X 64 LOOPS  19MM CAJA X 252 BLANCO,ANILLO DOBLE O,65,30213360,99
122052,2024,Diciembre,12,TIRA 2.1 X 64 LOOPS  19MM CAJA X 252 BRONCE,ANILLO DOBLE O,8,4259000,31
122053,2024,Diciembre,12,TIRA 2.1 X 64 LOOPS  19MM CAJA X 252 NEGRO,ANILLO DOBLE O,22,10208400,77
122054,2024,Diciembre,12,TIRA 2.1 X 64 LOOPS  19MM CAJA X 252 PLATA,ANILLO DOBLE O,11,5742000,51
122055,2024,Diciembre,12,TIRA 2.1 X 64 LOOPS  22MM CAJA X 192 BLANCO,ANILLO DOBLE O,8,3581410,52
122056,2024,Diciembre,12,TIRA 2.1 X 64 LOOPS  22MM CAJA X 192 BRONCE,ANILLO DOBLE O,1,560000,30
122057,2024,Diciembre,12,TIRA 2.1 X 64 LOOPS  22MM CAJA X 192 NEGRO,ANILLO DOBLE O,4,1801900,61
122058,2024,Diciembre,12,TIRA 2.1 X 64 LOOPS  22MM CAJA X 192 PLATA,ANILLO DOBLE O,2,1008000,32
122059,2024,Diciembre,12,TIRA 2.1 X 64 LOOPS  25MM CAJA X 140 BLANCO,ANILLO DOBLE O,3,1160500,57
122077,2024,Diciembre,12,TIRA 2.1 X 64 LOOPS  25MM CAJA X 140 BRONCE,ANILLO DOBLE O,1,437400,17
122060,2024,Diciembre,12,TIRA 2.1 X 64 LOOPS  25MM CAJA X 140 NEGRO,ANILLO DOBLE O,0,0,65
122061,2024,Diciembre,12,TIRA 2.1 X 64 LOOPS  25MM CAJA X 140 PLATA,ANILLO DOBLE O,2,874800,33
122062,2024,Diciembre,12,TIRA 2.1 X 64 LOOPS  28MM CAJA X 96 BLANCO,ANILLO DOBLE O,4,1797400,77
122063,2024,Diciembre,12,TIRA 2.1 X 64 LOOPS  28MM CAJA X 96 NEGRO,ANILLO DOBLE O,0,0,57
122064,2024,Diciembre,12,TIRA 2.1 X 64 LOOPS  28MM CAJA X 96 PLATA,ANILLO DOBLE O,0,0,60
122065,2024,Diciembre,12,TIRA 2.1 X 64 LOOPS  32MM CAJA X 96 BLANCO,ANILLO DOBLE O,1,495900,80
122066,2024,Diciembre,12,TIRA 2.1 X 64 LOOPS  32MM CAJA X 96 NEGRO,ANILLO DOBLE O,2,887400,40
131008,2024,Diciembre,12,VARILLA MEDIA LUNA  10 CM X 100 BLANCO,ANILLO DOBLE O,10,130000,2061
131007,2024,Diciembre,12,VARILLA MEDIA LUNA  10 CM X 100 NEGRO,ANILLO DOBLE O,0,0,901
131010,2024,Diciembre,12,VARILLA MEDIA LUNA  15 CM X 100 BLANCO,ANILLO DOBLE O,171,2698600,620
131009,2024,Diciembre,12,VARILLA MEDIA LUNA  15 CM X 100 NEGRO,ANILLO DOBLE O,5,85000,341
131033,2024,Diciembre,12,VARILLA MEDIA LUNA  20 CM X 100 BLANCO,ANILLO DOBLE O,14,294000,1
131034,2024,Diciembre,12,VARILLA MEDIA LUNA  20 CM X 100 NEGRO,ANILLO DOBLE O,34,666500,305
131018,2024,Diciembre,12,YOYO ORIGINAL CAJA X 50 AZUL,VARIOS,4,261000,1045
131019,2024,Diciembre,12,YOYO ORIGINAL CAJA X 50 BLANCO,VARIOS,44,2561000,1525
131020,2024,Diciembre,12,YOYO ORIGINAL CAJA X 50 NEGRO,VARIOS,1,65250,886
131021,2024,Diciembre,12,YOYO ORIGINAL CAJA X 50 ROJO,VARIOS,0,0,24
131022,2024,Diciembre,12,YOYO ORIGINAL CAJA X 50 VERDE,VARIOS,0,0,218
131012,2025,Enero,1,ACETATOS CARTA PAQ X 50,VARIOS,396,2900000,84
113001,2025,Enero,1,BOLSILLO CARNET 60 X 90 MM 175 MIC CAJA X 100,LAMINACION,77,382250,2923
113005,2025,Enero,1,BOLSILLO CARTA 225MM X 288MM 125 MIC CAJA X 100,LAMINACION,376,13548600,8909
113006,2025,Enero,1,BOLSILLO CARTA 225MM X 288MM 175 MIC CAJA X 100,LAMINACION,42,1938000,1187
113007,2025,Enero,1,BOLSILLO CARTA 225MM X 288MM 250 MIC CAJA X 50,LAMINACION,75,2808500,3177
113002,2025,Enero,1,BOLSILLO CEDULA 70 X 100 MM 175 MIC CAJA X 100,LAMINACION,294,1729000,7226
113008,2025,Enero,1,BOLSILLO OFICIO 225MM X 337MM 125 MIC CAJA X 100,LAMINACION,316,12599000,3189
113003,2025,Enero,1,BOLSILLO TARJETA PROPIEDAD 80 X 110 MM 175 MIC CAJA X 100,LAMINACION,350,2489290,4475
121009,2025,Enero,1,CARATULA CARTA GRAIN PAQ X 50 AZUL,CARATULA,31,368750,3012
121010,2025,Enero,1,CARATULA CARTA GRAIN PAQ X 50 NEGRO,CARATULA,1121,12689500,348
121034,2025,Enero,1,CARATULA CARTA STRIPE PAQ X 50 AMARILLO,CARATULA,161,1863125,1251
121017,2025,Enero,1,CARATULA CARTA STRIPE PAQ X 50 AZUL T-1,CARATULA,392,4569625,1442
121018,2025,Enero,1,CARATULA CARTA STRIPE PAQ X 50 AZUL T-2,CARATULA,0,0,0
121019,2025,Enero,1,CARATULA CARTA STRIPE PAQ X 50 HUMO,CARATULA,800,8768750,996
121020,2025,Enero,1,CARATULA CARTA STRIPE PAQ X 50 LILA,CARATULA,151,1753125,1121
121021,2025,Enero,1,CARATULA CARTA STRIPE PAQ X 50 NARANJA,CARATULA,159,1853125,2062
121022,2025,Enero,1,CARATULA CARTA STRIPE PAQ X 50 ROJO,CARATULA,263,3102125,1782
121023,2025,Enero,1,CARATULA CARTA STRIPE PAQ X 50 TRANSPARENTE,CARATULA,4188,46362000,997
121024,2025,Enero,1,CARATULA CARTA STRIPE PAQ X 50 VERDE T-1,CARATULA,140,1609625,619
121025,2025,Enero,1,CARATULA CARTA STRIPE PAQ X 50 VERDE T-2,CARATULA,180,2100625,3645
121032,2025,Enero,1,CARATULA LEGAL STRIPE PAQ X 50 TRANSPARENTE,CARATULA,21,1414000,789
121030,2025,Enero,1,CARATULA OFICIO STRIPE PAQ X 50 TRANSPARENTE,CARATULA,33,457000,0
121031,2025,Enero,1,CARATULA OFICIO STRIPE PAQ X 50 VERDE T-2,CARATULA,0,0,0
122009,2025,Enero,1,CARRETE  2.1   16 MM X 10500 LOOPS BLANCO,ANILLO DOBLE O,0,0,3
122010,2025,Enero,1,CARRETE  2.1   16 MM X 10500 LOOPS NEGRO,ANILLO DOBLE O,0,0,15
122011,2025,Enero,1,CARRETE  2.1   16 MM X 10500 LOOPS PLATA,ANILLO DOBLE O,0,0,21
122013,2025,Enero,1,CARRETE  2.1   19 MM X 7000 LOOPS BLANCO,ANILLO DOBLE O,0,0,0
122016,2025,Enero,1,CARRETE  2.1   19 MM X 7000 LOOPS BRONCE,ANILLO DOBLE O,5,1657750,12
122014,2025,Enero,1,CARRETE  2.1   19 MM X 7000 LOOPS NEGRO,ANILLO DOBLE O,0,0,0
122015,2025,Enero,1,CARRETE  2.1   19 MM X 7000 LOOPS PLATA,ANILLO DOBLE O,0,0,0
122017,2025,Enero,1,CARRETE  3.1    8 MM X 60000 LOOPS BLANCO,ANILLO DOBLE O,7,3125500,90
122018,2025,Enero,1,CARRETE  3.1    8 MM X 60000 LOOPS NEGRO,ANILLO DOBLE O,1,446500,34
122019,2025,Enero,1,CARRETE  3.1    8 MM X 60000 LOOPS PLATA,ANILLO DOBLE O,3,1710000,1
122020,2025,Enero,1,CARRETE  3.1    9 MM X 43000 LOOPS BLANCO,ANILLO DOBLE O,32,12027170,64
122021,2025,Enero,1,CARRETE  3.1    9 MM X 43000 LOOPS BRONCE,ANILLO DOBLE O,0,0,25
122022,2025,Enero,1,CARRETE  3.1    9 MM X 43000 LOOPS NEGRO,ANILLO DOBLE O,8,2945200,69
122023,2025,Enero,1,CARRETE  3.1    9 MM X 43000 LOOPS PLATA,ANILLO DOBLE O,0,0,15
122024,2025,Enero,1,CARRETE  3.1   11 MM X 32000 LOOPS BLANCO,ANILLO DOBLE O,7,2692050,2
122025,2025,Enero,1,CARRETE  3.1   11 MM X 32000 LOOPS NEGRO,ANILLO DOBLE O,1,390450,62
122026,2025,Enero,1,CARRETE  3.1   12 MM X 24000 LOOPS BLANCO,ANILLO DOBLE O,4,1299600,0
122027,2025,Enero,1,CARRETE  3.1   12 MM X 24000 LOOPS NEGRO,ANILLO DOBLE O,2,632700,59
122028,2025,Enero,1,CARRETE  3.1   12 MM X 24000 LOOPS PLATA,ANILLO DOBLE O,3,1169500,5
122029,2025,Enero,1,CARRETE  3.1   14 MM X 19300 LOOPS BLANCO,ANILLO DOBLE O,0,0,0
122030,2025,Enero,1,CARRETE  3.1   14 MM X 19300 LOOPS NEGRO,ANILLO DOBLE O,4,1368000,23
122031,2025,Enero,1,CARRETE  3.1   14 MM X 19300 LOOPS PLATA,ANILLO DOBLE O,0,0,4
122081,2025,Enero,1,DOBLE O CARTA 2.1    8 MM  CAJA X 100 BLANCO,ANILLO DOBLE O,5,110500,424
122082,2025,Enero,1,DOBLE O CARTA 2.1    8 MM  CAJA X 100 NEGRO,ANILLO DOBLE O,0,0,151
122083,2025,Enero,1,DOBLE O CARTA 2.1    9 MM  CAJA X 100 BLANCO,ANILLO DOBLE O,10,280000,338
122084,2025,Enero,1,DOBLE O CARTA 2.1    9 MM  CAJA X 100 NEGRO,ANILLO DOBLE O,15,380800,221
122085,2025,Enero,1,DOBLE O CARTA 2.1   12 MM  CAJA X 100 BLANCO,ANILLO DOBLE O,7,266000,0
122086,2025,Enero,1,DOBLE O CARTA 2.1   12 MM  CAJA X 100 NEGRO,ANILLO DOBLE O,20,682100,106
122087,2025,Enero,1,DOBLE O CARTA 2.1   14 MM  CAJA X 100 BLANCO,ANILLO DOBLE O,9,432000,281
122088,2025,Enero,1,DOBLE O CARTA 2.1   14 MM  CAJA X 100 NEGRO,ANILLO DOBLE O,15,652800,113
122089,2025,Enero,1,DOBLE O CARTA 2.1   16 MM  CAJA X 50 BLANCO,ANILLO DOBLE O,30,812000,379
122090,2025,Enero,1,DOBLE O CARTA 2.1   16 MM  CAJA X 50 NEGRO,ANILLO DOBLE O,0,0,0
122091,2025,Enero,1,DOBLE O CARTA 2.1   19 MM  CAJA X 50 BLANCO,ANILLO DOBLE O,52,1794000,0
122112,2025,Enero,1,DOBLE O CARTA 2.1   19 MM  CAJA X 50 BRONCE,ANILLO DOBLE O,18,663000,113
122092,2025,Enero,1,DOBLE O CARTA 2.1   19 MM  CAJA X 50 NEGRO,ANILLO DOBLE O,29,969150,0
122093,2025,Enero,1,DOBLE O CARTA 2.1   22 MM  CAJA X 50 BLANCO,ANILLO DOBLE O,12,576000,118
122094,2025,Enero,1,DOBLE O CARTA 2.1   22 MM  CAJA X 50 NEGRO,ANILLO DOBLE O,9,398400,236
122095,2025,Enero,1,DOBLE O CARTA 2.1   25 MM  CAJA X 50 BLANCO,ANILLO DOBLE O,64,3080000,133
122096,2025,Enero,1,DOBLE O CARTA 2.1   25 MM  CAJA X 50 NEGRO,ANILLO DOBLE O,1,56000,248
122097,2025,Enero,1,DOBLE O CARTA 2.1   28 MM  CAJA X 30 BLANCO,ANILLO DOBLE O,1,62000,357
122098,2025,Enero,1,DOBLE O CARTA 2.1   28 MM  CAJA X 30 NEGRO,ANILLO DOBLE O,0,0,330
122099,2025,Enero,1,DOBLE O CARTA 2.1   32 MM  CAJA X 30 BLANCO,ANILLO DOBLE O,3,213000,405
122100,2025,Enero,1,DOBLE O CARTA 2.1   32 MM  CAJA X 30 NEGRO,ANILLO DOBLE O,8,532500,157
122101,2025,Enero,1,DOBLE O CARTA 3.1    8 MM   CAJA X 100 BLANCO,ANILLO DOBLE O,0,0,622
122102,2025,Enero,1,DOBLE O CARTA 3.1    8 MM  CAJA X 100 NEGRO,ANILLO DOBLE O,4,104000,407
122103,2025,Enero,1,DOBLE O CARTA 3.1    9 MM  CAJA X 100 BLANCO,ANILLO DOBLE O,1,28000,435
122104,2025,Enero,1,DOBLE O CARTA 3.1    9 MM  CAJA X 100 NEGRO,ANILLO DOBLE O,0,0,0
122105,2025,Enero,1,DOBLE O CARTA 3.1   11 MM  CAJA X 100 BLANCO,ANILLO DOBLE O,5,144500,372
122106,2025,Enero,1,DOBLE O CARTA 3.1   11 MM  CAJA X 100 NEGRO,ANILLO DOBLE O,32,935000,42
122108,2025,Enero,1,DOBLE O CARTA 3.1   12 MM  CAJA X 100 BLANCO,ANILLO DOBLE O,0,0,672
122107,2025,Enero,1,DOBLE O CARTA 3.1   12 MM  CAJA X 100 NEGRO,ANILLO DOBLE O,21,799500,247
122109,2025,Enero,1,DOBLE O CARTA 3.1   12 MM  CAJA X 100 PLATA,ANILLO DOBLE O,1,41000,156
122110,2025,Enero,1,DOBLE O CARTA 3.1   14 MM  CAJA X 100 BLANCO,ANILLO DOBLE O,1,48000,331
122111,2025,Enero,1,DOBLE O CARTA 3.1   14 MM  CAJA X 100 NEGRO,ANILLO DOBLE O,14,600000,138
112031,2025,Enero,1,FOIL S1 (101) 640 MM X 120 MT 12 MIC DORADO,LAMINACION,14,798000,37
112032,2025,Enero,1,FOIL S1 (120) 640 MM X 120 MT 12 MIC PLATA,LAMINACION,0,0,99
112033,2025,Enero,1,FOIL S2 (101) 640 MM X 120 MT 12 MIC DORADO,LAMINACION,2,126000,8
112034,2025,Enero,1,FOIL S2 (120) 640 MM X 120 MT 12 MIC PLATA,LAMINACION,0,0,19
112036,2025,Enero,1,FOIL S4 (S15) 640 MM X 120 MT 12 MIC PLATA HOLOGRAFICO,LAMINACION,1,80000,1
112035,2025,Enero,1,FOIL S4 (SA18) 640 MM X 120 MT 12 MIC DORADO HOLOGRAFICO,LAMINACION,0,0,8
111001,2025,Enero,1,ROLLO 113 MM X 60 MTS 175 MICRAS,LAMINACION,53,1491800,1205
111002,2025,Enero,1,ROLLO 113 MM X 60 MTS 250 MICRAS,LAMINACION,12,442800,109
111003,2025,Enero,1,ROLLO 226 MM X 60 MTS 125 MICRAS,LAMINACION,790,28028400,170
111004,2025,Enero,1,ROLLO 226 MM X 60 MTS 175 MICRAS,LAMINACION,0,0,0
111005,2025,Enero,1,ROLLO 226 MM X 60 MTS 250 MICRAS,LAMINACION,3,237000,75
111007,2025,Enero,1,ROLLO 300 MM X 60 MTS 125 MICRAS,LAMINACION,29,1486000,451
111008,2025,Enero,1,ROLLO 300 MM X 60 MTS 250 MICRAS,LAMINACION,28,2628000,272
111018,2025,Enero,1,ROLLO 350 MM X 60 MTS 250 MICRAS,LAMINACION,4,480000,172
111010,2025,Enero,1,ROLLO 375 MM X 60 MTS 125 MICRAS,LAMINACION,0,0,300
111013,2025,Enero,1,ROLLO 375 MM X 75 MTS 75 MICRAS MATTE,PLASTIFICACION,0,0,114
111019,2025,Enero,1,ROLLO 540 MM X 60 MTS 125 MICRAS,PLASTIFICACION,48,4924800,252
111020,2025,Enero,1,ROLLO 540 MM X 60 MTS 175 MICRAS,PLASTIFICACION,48,7022400,252
111016,2025,Enero,1,ROLLO 680 MM X 60 MTS 125 MICRAS BRILLANTE,PLASTIFICACION,44,7018000,256
112001,2025,Enero,1,ROLLO BOPP BRILLANTE 250 MM X 4000 MT 18 MIC,PLASTIFICACION,11,2847377,87
112002,2025,Enero,1,ROLLO BOPP BRILLANTE 300 MM X 4000 MT 18 MIC,PLASTIFICACION,9,2692749,137
112003,2025,Enero,1,ROLLO BOPP BRILLANTE 330 MM X 200 MT 23 MIC,PLASTIFICACION,34,1950000,418
112006,2025,Enero,1,ROLLO BOPP BRILLANTE 345 MM X 4000 MT 18 MIC,PLASTIFICACION,23,8170417,118
112026,2025,Enero,1,ROLLO BOPP BRILLANTE 400 MM X 4000 MT 18 MIC,PLASTIFICACION,1,402390,21
112007,2025,Enero,1,ROLLO BOPP BRILLANTE 445 MM X 4000 MT 18 MIC,PLASTIFICACION,9,4063191,13
112008,2025,Enero,1,ROLLO BOPP BRILLANTE 495 MM X 4000 MT 18 MIC,PLASTIFICACION,34,17241745,254
112028,2025,Enero,1,ROLLO BOPP BRILLANTE 595 MM X 4000 MT 18 MIC,PLASTIFICACION,0,0,52
112009,2025,Enero,1,ROLLO BOPP BRILLANTE 695 MM X 4000 MT 18 MIC,PLASTIFICACION,19,13287160,13
112024,2025,Enero,1,ROLLO BOPP MATE 200 MM X 4000 MT 18 MIC,PLASTIFICACION,1,201300,80
112010,2025,Enero,1,ROLLO BOPP MATE 250 MM X 4000 MT 18 MIC,PLASTIFICACION,12,2931090,141
112011,2025,Enero,1,ROLLO BOPP MATE 300 MM X 4000 MT 18 MIC,PLASTIFICACION,7,2033240,153
112012,2025,Enero,1,ROLLO BOPP MATE 330 MM X 200 MT 23 MIC,PLASTIFICACION,17,986000,448
112021,2025,Enero,1,ROLLO BOPP MATE 330 MM X 4000 MT 18 MIC,PLASTIFICACION,8,2625180,48
112013,2025,Enero,1,ROLLO BOPP MATE 330 MM X 500 MT 22 MIC,PLASTIFICACION,3,450000,157
112015,2025,Enero,1,ROLLO BOPP MATE 345 MM X 4000 MT 18 MIC,PLASTIFICACION,12,4176770,29
112025,2025,Enero,1,ROLLO BOPP MATE 400 MM X 4000 MT 18 MIC,PLASTIFICACION,4,1518750,14
112016,2025,Enero,1,ROLLO BOPP MATE 445 MM X 4000 MT 18 MIC,PLASTIFICACION,0,0,0
112017,2025,Enero,1,ROLLO BOPP MATE 495 MM X 4000 MT 18 MIC,PLASTIFICACION,66,31597390,94
112018,2025,Enero,1,ROLLO BOPP MATE 595 MM X 4000 MT 18 MIC,ANILLO DOBLE O,11,6348880,6
112019,2025,Enero,1,ROLLO BOPP MATE 695 MM X 4000 MT 18 MIC,ANILLO DOBLE O,7,4746390,67
112020,2025,Enero,1,ROLLO HOLOGRAFICO 495 MM X 1500 MT 24 MIC,ANILLO DOBLE O,1,462365,187
112022,2025,Enero,1,ROLLO METALIZADO DORADO 495 MM X 1000 MT 22 MIC,ANILLO DOBLE O,0,0,92
112023,2025,Enero,1,ROLLO METALIZADO PLATA 495 MM X 1000 MT 22 MIC,ANILLO DOBLE O,3,1000350,102
112027,2025,Enero,1,ROLLO PIEL DURAZNO 495 MM X 200 MT 28 MIC,ANILLO DOBLE O,2,329567,53
112005,2025,Enero,1,ROLLO SUPERBONDING BRILLANTE 330 MM X 500 MT 30 MIC,ANILLO DOBLE O,4,810000,46
122041,2025,Enero,1,TIRA 2.1 X 64 LOOPS  12MM CAJA X 540 BLANCO,ANILLO DOBLE O,4,1800000,28
122042,2025,Enero,1,TIRA 2.1 X 64 LOOPS  12MM CAJA X 540 NEGRO,ANILLO DOBLE O,3,1382250,80
122043,2025,Enero,1,TIRA 2.1 X 64 LOOPS  12MM CAJA X 540 PLATA,ANILLO DOBLE O,0,0,56
122044,2025,Enero,1,TIRA 2.1 X 64 LOOPS  14MM CAJA X 384 BLANCO,ANILLO DOBLE O,1,432250,3
122045,2025,Enero,1,TIRA 2.1 X 64 LOOPS  14MM CAJA X 384 NEGRO,ANILLO DOBLE O,7,2912000,43
122046,2025,Enero,1,TIRA 2.1 X 64 LOOPS  14MM CAJA X 384 PLATA,ANILLO DOBLE O,2,1060000,19
122047,2025,Enero,1,TIRA 2.1 X 64 LOOPS  16MM CAJA X 308 BLANCO,ANILLO DOBLE O,14,5644800,191
122048,2025,Enero,1,TIRA 2.1 X 64 LOOPS  16MM CAJA X 308 BRONCE,ANILLO DOBLE O,4,1933500,39
122049,2025,Enero,1,TIRA 2.1 X 64 LOOPS  16MM CAJA X 308 NEGRO,ANILLO DOBLE O,11,4480000,141
122050,2025,Enero,1,TIRA 2.1 X 64 LOOPS  16MM CAJA X 308 PLATA,ANILLO DOBLE O,3,1470000,22
122051,2025,Enero,1,TIRA 2.1 X 64 LOOPS  19MM CAJA X 252 BLANCO,ANILLO DOBLE O,22,10281600,77
122052,2025,Enero,1,TIRA 2.1 X 64 LOOPS  19MM CAJA X 252 BRONCE,ANILLO DOBLE O,2,1073000,29
122053,2025,Enero,1,TIRA 2.1 X 64 LOOPS  19MM CAJA X 252 NEGRO,ANILLO DOBLE O,12,5342400,67
122054,2025,Enero,1,TIRA 2.1 X 64 LOOPS  19MM CAJA X 252 PLATA,ANILLO DOBLE O,6,3294400,45
122055,2025,Enero,1,TIRA 2.1 X 64 LOOPS  22MM CAJA X 192 BLANCO,ANILLO DOBLE O,7,3141150,45
122056,2025,Enero,1,TIRA 2.1 X 64 LOOPS  22MM CAJA X 192 BRONCE,ANILLO DOBLE O,0,0,30
122057,2025,Enero,1,TIRA 2.1 X 64 LOOPS  22MM CAJA X 192 NEGRO,ANILLO DOBLE O,3,1339250,58
122058,2025,Enero,1,TIRA 2.1 X 64 LOOPS  22MM CAJA X 192 PLATA,ANILLO DOBLE O,1,532000,31
122059,2025,Enero,1,TIRA 2.1 X 64 LOOPS  25MM CAJA X 140 BLANCO,ANILLO DOBLE O,1,400900,56
122077,2025,Enero,1,TIRA 2.1 X 64 LOOPS  25MM CAJA X 140 BRONCE,ANILLO DOBLE O,0,0,17
122060,2025,Enero,1,TIRA 2.1 X 64 LOOPS  25MM CAJA X 140 NEGRO,ANILLO DOBLE O,4,1519200,61
122061,2025,Enero,1,TIRA 2.1 X 64 LOOPS  25MM CAJA X 140 PLATA,ANILLO DOBLE O,0,0,33
122062,2025,Enero,1,TIRA 2.1 X 64 LOOPS  28MM CAJA X 96 BLANCO,ANILLO DOBLE O,0,0,77
122063,2025,Enero,1,TIRA 2.1 X 64 LOOPS  28MM CAJA X 96 NEGRO,ANILLO DOBLE O,8,3500200,49
122064,2025,Enero,1,TIRA 2.1 X 64 LOOPS  28MM CAJA X 96 PLATA,ANILLO DOBLE O,0,0,60
122065,2025,Enero,1,TIRA 2.1 X 64 LOOPS  32MM CAJA X 96 BLANCO,ANILLO DOBLE O,0,0,80
122066,2025,Enero,1,TIRA 2.1 X 64 LOOPS  32MM CAJA X 96 NEGRO,ANILLO DOBLE O,1,495900,39
131008,2025,Enero,1,VARILLA MEDIA LUNA  10 CM X 100 BLANCO,ANILLO DOBLE O,10,128000,2051
131007,2025,Enero,1,VARILLA MEDIA LUNA  10 CM X 100 NEGRO,ANILLO DOBLE O,77,898000,824
131010,2025,Enero,1,VARILLA MEDIA LUNA  15 CM X 100 BLANCO,ANILLO DOBLE O,56,794750,564
131009,2025,Enero,1,VARILLA MEDIA LUNA  15 CM X 100 NEGRO,ANILLO DOBLE O,1,14000,390
131033,2025,Enero,1,VARILLA MEDIA LUNA  20 CM X 100 BLANCO,ANILLO DOBLE O,1,17000,0
131034,2025,Enero,1,VARILLA MEDIA LUNA  20 CM X 100 NEGRO,ANILLO DOBLE O,1,17000,304
131018,2025,Enero,1,YOYO ORIGINAL CAJA X 50 AZUL,VARIOS,2,130500,1043
131019,2025,Enero,1,YOYO ORIGINAL CAJA X 50 BLANCO,VARIOS,2,130500,1523
131020,2025,Enero,1,YOYO ORIGINAL CAJA X 50 NEGRO,VARIOS,0,0,886
131021,2025,Enero,1,YOYO ORIGINAL CAJA X 50 ROJO,VARIOS,0,0,24
131022,2025,Enero,1,YOYO ORIGINAL CAJA X 50 VERDE,VARIOS,0,0,218
131012,2025,Febrero,2,ACETATOS CARTA PAQ X 50,VARIOS,80,796000,4
113001,2025,Febrero,2,BOLSILLO CARNET 60 X 90 MM 175 MIC CAJA X 100,LAMINACION,29,148500,2894
113005,2025,Febrero,2,BOLSILLO CARTA 225MM X 288MM 125 MIC CAJA X 100,LAMINACION,746,25845100,8163
113006,2025,Febrero,2,BOLSILLO CARTA 225MM X 288MM 175 MIC CAJA X 100,LAMINACION,152,6498000,1035
113007,2025,Febrero,2,BOLSILLO CARTA 225MM X 288MM 250 MIC CAJA X 50,LAMINACION,346,12908850,2831
113002,2025,Febrero,2,BOLSILLO CEDULA 70 X 100 MM 175 MIC CAJA X 100,LAMINACION,543,3194750,6683
113008,2025,Febrero,2,BOLSILLO OFICIO 225MM X 337MM 125 MIC CAJA X 100,LAMINACION,415,15961450,2875
113003,2025,Febrero,2,BOLSILLO TARJETA PROPIEDAD 80 X 110 MM 175 MIC CAJA X 100,LAMINACION,317,2271250,4158
121009,2025,Febrero,2,CARATULA CARTA GRAIN PAQ X 50 AZUL,CARATULA,0,0,3012
121010,2025,Febrero,2,CARATULA CARTA GRAIN PAQ X 50 NEGRO,CARATULA,346,4091875,2
121034,2025,Febrero,2,CARATULA CARTA STRIPE PAQ X 50 AMARILLO,CARATULA,70,839000,1181
121017,2025,Febrero,2,CARATULA CARTA STRIPE PAQ X 50 AZUL T-1,CARATULA,573,6251500,869
121018,2025,Febrero,2,CARATULA CARTA STRIPE PAQ X 50 AZUL T-2,CARATULA,0,0,0
121019,2025,Febrero,2,CARATULA CARTA STRIPE PAQ X 50 HUMO,CARATULA,397,4366500,599
121020,2025,Febrero,2,CARATULA CARTA STRIPE PAQ X 50 LILA,CARATULA,301,3276500,820
121021,2025,Febrero,2,CARATULA CARTA STRIPE PAQ X 50 NARANJA,CARATULA,324,3554000,1738
121022,2025,Febrero,2,CARATULA CARTA STRIPE PAQ X 50 ROJO,CARATULA,106,1249000,1676
121023,2025,Febrero,2,CARATULA CARTA STRIPE PAQ X 50 TRANSPARENTE,CARATULA,997,11699000,0
121024,2025,Febrero,2,CARATULA CARTA STRIPE PAQ X 50 VERDE T-1,CARATULA,370,3979000,249
121025,2025,Febrero,2,CARATULA CARTA STRIPE PAQ X 50 VERDE T-2,CARATULA,70,844000,3575
121032,2025,Febrero,2,CARATULA LEGAL STRIPE PAQ X 50 TRANSPARENTE,CARATULA,8,560000,781
121030,2025,Febrero,2,CARATULA OFICIO STRIPE PAQ X 50 TRANSPARENTE,CARATULA,0,0,0
121031,2025,Febrero,2,CARATULA OFICIO STRIPE PAQ X 50 VERDE T-2,CARATULA,0,0,0
122009,2025,Febrero,2,CARRETE  2.1   16 MM X 10500 LOOPS BLANCO,ANILLO DOBLE O,0,0,3
122010,2025,Febrero,2,CARRETE  2.1   16 MM X 10500 LOOPS NEGRO,ANILLO DOBLE O,1,314000,14
122011,2025,Febrero,2,CARRETE  2.1   16 MM X 10500 LOOPS PLATA,ANILLO DOBLE O,1,357200,20
122013,2025,Febrero,2,CARRETE  2.1   19 MM X 7000 LOOPS BLANCO,ANILLO DOBLE O,0,0,0
122016,2025,Febrero,2,CARRETE  2.1   19 MM X 7000 LOOPS BRONCE,ANILLO DOBLE O,1,331550,11
122014,2025,Febrero,2,CARRETE  2.1   19 MM X 7000 LOOPS NEGRO,ANILLO DOBLE O,0,0,0
122015,2025,Febrero,2,CARRETE  2.1   19 MM X 7000 LOOPS PLATA,ANILLO DOBLE O,0,0,0
122017,2025,Febrero,2,CARRETE  3.1    8 MM X 60000 LOOPS BLANCO,ANILLO DOBLE O,4,1645000,89
122018,2025,Febrero,2,CARRETE  3.1    8 MM X 60000 LOOPS NEGRO,ANILLO DOBLE O,0,0,34
122019,2025,Febrero,2,CARRETE  3.1    8 MM X 60000 LOOPS PLATA,ANILLO DOBLE O,0,0,1
122020,2025,Febrero,2,CARRETE  3.1    9 MM X 43000 LOOPS BLANCO,ANILLO DOBLE O,21,7565980,43
122021,2025,Febrero,2,CARRETE  3.1    9 MM X 43000 LOOPS BRONCE,ANILLO DOBLE O,0,0,25
122022,2025,Febrero,2,CARRETE  3.1    9 MM X 43000 LOOPS NEGRO,ANILLO DOBLE O,6,2129300,63
122023,2025,Febrero,2,CARRETE  3.1    9 MM X 43000 LOOPS PLATA,ANILLO DOBLE O,0,0,15
122024,2025,Febrero,2,CARRETE  3.1   11 MM X 32000 LOOPS BLANCO,ANILLO DOBLE O,1,365790,1
122025,2025,Febrero,2,CARRETE  3.1   11 MM X 32000 LOOPS NEGRO,ANILLO DOBLE O,1,349350,61
122026,2025,Febrero,2,CARRETE  3.1   12 MM X 24000 LOOPS BLANCO,ANILLO DOBLE O,0,0,0
122027,2025,Febrero,2,CARRETE  3.1   12 MM X 24000 LOOPS NEGRO,ANILLO DOBLE O,1,324900,58
122028,2025,Febrero,2,CARRETE  3.1   12 MM X 24000 LOOPS PLATA,ANILLO DOBLE O,0,0,5
122029,2025,Febrero,2,CARRETE  3.1   14 MM X 19300 LOOPS BLANCO,ANILLO DOBLE O,0,0,0
122030,2025,Febrero,2,CARRETE  3.1   14 MM X 19300 LOOPS NEGRO,ANILLO DOBLE O,2,720000,21
122031,2025,Febrero,2,CARRETE  3.1   14 MM X 19300 LOOPS PLATA,ANILLO DOBLE O,1,431000,3
122081,2025,Febrero,2,DOBLE O CARTA 2.1    8 MM  CAJA X 100 BLANCO,ANILLO DOBLE O,1,26000,423
122082,2025,Febrero,2,DOBLE O CARTA 2.1    8 MM  CAJA X 100 NEGRO,ANILLO DOBLE O,0,0,151
122083,2025,Febrero,2,DOBLE O CARTA 2.1    9 MM  CAJA X 100 BLANCO,ANILLO DOBLE O,3,84000,335
122084,2025,Febrero,2,DOBLE O CARTA 2.1    9 MM  CAJA X 100 NEGRO,ANILLO DOBLE O,5,131600,216
122085,2025,Febrero,2,DOBLE O CARTA 2.1   12 MM  CAJA X 100 BLANCO,ANILLO DOBLE O,0,0,0
122086,2025,Febrero,2,DOBLE O CARTA 2.1   12 MM  CAJA X 100 NEGRO,ANILLO DOBLE O,80,2618200,26
122087,2025,Febrero,2,DOBLE O CARTA 2.1   14 MM  CAJA X 100 BLANCO,ANILLO DOBLE O,22,912000,259
122088,2025,Febrero,2,DOBLE O CARTA 2.1   14 MM  CAJA X 100 NEGRO,ANILLO DOBLE O,34,1423200,80
122089,2025,Febrero,2,DOBLE O CARTA 2.1   16 MM  CAJA X 50 BLANCO,ANILLO DOBLE O,28,725000,351
122090,2025,Febrero,2,DOBLE O CARTA 2.1   16 MM  CAJA X 50 NEGRO,ANILLO DOBLE O,0,0,0
122091,2025,Febrero,2,DOBLE O CARTA 2.1   19 MM  CAJA X 50 BLANCO,ANILLO DOBLE O,0,0,0
122112,2025,Febrero,2,DOBLE O CARTA 2.1   19 MM  CAJA X 50 BRONCE,ANILLO DOBLE O,26,936000,87
122092,2025,Febrero,2,DOBLE O CARTA 2.1   19 MM  CAJA X 50 NEGRO,ANILLO DOBLE O,0,0,0
122093,2025,Febrero,2,DOBLE O CARTA 2.1   22 MM  CAJA X 50 BLANCO,ANILLO DOBLE O,5,240000,113
122094,2025,Febrero,2,DOBLE O CARTA 2.1   22 MM  CAJA X 50 NEGRO,ANILLO DOBLE O,45,1852800,191
122095,2025,Febrero,2,DOBLE O CARTA 2.1   25 MM  CAJA X 50 BLANCO,ANILLO DOBLE O,0,0,133
122096,2025,Febrero,2,DOBLE O CARTA 2.1   25 MM  CAJA X 50 NEGRO,ANILLO DOBLE O,11,560000,237
122097,2025,Febrero,2,DOBLE O CARTA 2.1   28 MM  CAJA X 30 BLANCO,ANILLO DOBLE O,2,124000,355
122098,2025,Febrero,2,DOBLE O CARTA 2.1   28 MM  CAJA X 30 NEGRO,ANILLO DOBLE O,1,55800,329
122099,2025,Febrero,2,DOBLE O CARTA 2.1   32 MM  CAJA X 30 BLANCO,ANILLO DOBLE O,0,0,405
122100,2025,Febrero,2,DOBLE O CARTA 2.1   32 MM  CAJA X 30 NEGRO,ANILLO DOBLE O,8,493450,149
122101,2025,Febrero,2,DOBLE O CARTA 3.1    8 MM   CAJA X 100 BLANCO,ANILLO DOBLE O,4,104000,618
122102,2025,Febrero,2,DOBLE O CARTA 3.1    8 MM  CAJA X 100 NEGRO,ANILLO DOBLE O,3,78000,404
122103,2025,Febrero,2,DOBLE O CARTA 3.1    9 MM  CAJA X 100 BLANCO,ANILLO DOBLE O,4,112000,431
122104,2025,Febrero,2,DOBLE O CARTA 3.1    9 MM  CAJA X 100 NEGRO,ANILLO DOBLE O,0,0,0
122105,2025,Febrero,2,DOBLE O CARTA 3.1   11 MM  CAJA X 100 BLANCO,ANILLO DOBLE O,2,68000,370
122106,2025,Febrero,2,DOBLE O CARTA 3.1   11 MM  CAJA X 100 NEGRO,ANILLO DOBLE O,14,414800,28
122108,2025,Febrero,2,DOBLE O CARTA 3.1   12 MM  CAJA X 100 BLANCO,ANILLO DOBLE O,1,41000,671
122107,2025,Febrero,2,DOBLE O CARTA 3.1   12 MM  CAJA X 100 NEGRO,ANILLO DOBLE O,18,651900,229
122109,2025,Febrero,2,DOBLE O CARTA 3.1   12 MM  CAJA X 100 PLATA,ANILLO DOBLE O,1,41000,155
122110,2025,Febrero,2,DOBLE O CARTA 3.1   14 MM  CAJA X 100 BLANCO,ANILLO DOBLE O,3,144000,328
122111,2025,Febrero,2,DOBLE O CARTA 3.1   14 MM  CAJA X 100 NEGRO,ANILLO DOBLE O,53,2191200,85
112031,2025,Febrero,2,FOIL S1 (101) 640 MM X 120 MT 12 MIC DORADO,LAMINACION,27,1439250,10
112032,2025,Febrero,2,FOIL S1 (120) 640 MM X 120 MT 12 MIC PLATA,LAMINACION,3,165300,96
112033,2025,Febrero,2,FOIL S2 (101) 640 MM X 120 MT 12 MIC DORADO,LAMINACION,21,1233100,986
112034,2025,Febrero,2,FOIL S2 (120) 640 MM X 120 MT 12 MIC PLATA,LAMINACION,8,436600,510
112036,2025,Febrero,2,FOIL S4 (S15) 640 MM X 120 MT 12 MIC PLATA HOLOGRAFICO,LAMINACION,1,65550,99
112035,2025,Febrero,2,FOIL S4 (SA18) 640 MM X 120 MT 12 MIC DORADO HOLOGRAFICO,LAMINACION,1,65550,106
111001,2025,Febrero,2,ROLLO 113 MM X 60 MTS 175 MICRAS,LAMINACION,45,1299200,1160
111002,2025,Febrero,2,ROLLO 113 MM X 60 MTS 250 MICRAS,LAMINACION,14,550400,95
111003,2025,Febrero,2,ROLLO 226 MM X 60 MTS 125 MICRAS,LAMINACION,72,3018200,314
111004,2025,Febrero,2,ROLLO 226 MM X 60 MTS 175 MICRAS,LAMINACION,17,1047200,135
111005,2025,Febrero,2,ROLLO 226 MM X 60 MTS 250 MICRAS,LAMINACION,31,2470800,44
111007,2025,Febrero,2,ROLLO 300 MM X 60 MTS 125 MICRAS,LAMINACION,10,613800,441
111008,2025,Febrero,2,ROLLO 300 MM X 60 MTS 250 MICRAS,LAMINACION,7,764750,265
111018,2025,Febrero,2,ROLLO 350 MM X 60 MTS 250 MICRAS,LAMINACION,4,520000,168
111010,2025,Febrero,2,ROLLO 375 MM X 60 MTS 125 MICRAS,LAMINACION,0,0,300
111013,2025,Febrero,2,ROLLO 375 MM X 75 MTS 75 MICRAS MATTE,PLASTIFICACION,0,0,114
111019,2025,Febrero,2,ROLLO 540 MM X 60 MTS 125 MICRAS,PLASTIFICACION,0,0,252
111020,2025,Febrero,2,ROLLO 540 MM X 60 MTS 175 MICRAS,PLASTIFICACION,0,0,252
111016,2025,Febrero,2,ROLLO 680 MM X 60 MTS 125 MICRAS BRILLANTE,PLASTIFICACION,5,761500,251
112001,2025,Febrero,2,ROLLO BOPP BRILLANTE 250 MM X 4000 MT 18 MIC,PLASTIFICACION,10,2540760,77
112002,2025,Febrero,2,ROLLO BOPP BRILLANTE 300 MM X 4000 MT 18 MIC,PLASTIFICACION,19,5628160,118
112003,2025,Febrero,2,ROLLO BOPP BRILLANTE 330 MM X 200 MT 23 MIC,PLASTIFICACION,18,1019100,400
112006,2025,Febrero,2,ROLLO BOPP BRILLANTE 345 MM X 4000 MT 18 MIC,PLASTIFICACION,23,7961550,95
112026,2025,Febrero,2,ROLLO BOPP BRILLANTE 400 MM X 4000 MT 18 MIC,PLASTIFICACION,6,2476850,15
112007,2025,Febrero,2,ROLLO BOPP BRILLANTE 445 MM X 4000 MT 18 MIC,PLASTIFICACION,7,3219150,6
112008,2025,Febrero,2,ROLLO BOPP BRILLANTE 495 MM X 4000 MT 18 MIC,PLASTIFICACION,48,23862730,206
112028,2025,Febrero,2,ROLLO BOPP BRILLANTE 595 MM X 4000 MT 18 MIC,PLASTIFICACION,0,0,52
112009,2025,Febrero,2,ROLLO BOPP BRILLANTE 695 MM X 4000 MT 18 MIC,PLASTIFICACION,10,6825420,3
112024,2025,Febrero,2,ROLLO BOPP MATE 200 MM X 4000 MT 18 MIC,PLASTIFICACION,19,3552691,61
112010,2025,Febrero,2,ROLLO BOPP MATE 250 MM X 4000 MT 18 MIC,PLASTIFICACION,27,6333984,114
112011,2025,Febrero,2,ROLLO BOPP MATE 300 MM X 4000 MT 18 MIC,PLASTIFICACION,29,8385262,124
112012,2025,Febrero,2,ROLLO BOPP MATE 330 MM X 200 MT 23 MIC,PLASTIFICACION,23,1316100,425
112021,2025,Febrero,2,ROLLO BOPP MATE 330 MM X 4000 MT 18 MIC,PLASTIFICACION,13,4177088,35
112013,2025,Febrero,2,ROLLO BOPP MATE 330 MM X 500 MT 22 MIC,PLASTIFICACION,1,135000,156
112015,2025,Febrero,2,ROLLO BOPP MATE 345 MM X 4000 MT 18 MIC,PLASTIFICACION,29,9839250,0
112025,2025,Febrero,2,ROLLO BOPP MATE 400 MM X 4000 MT 18 MIC,PLASTIFICACION,9,3717400,5
112016,2025,Febrero,2,ROLLO BOPP MATE 445 MM X 4000 MT 18 MIC,PLASTIFICACION,0,0,0
112017,2025,Febrero,2,ROLLO BOPP MATE 495 MM X 4000 MT 18 MIC,PLASTIFICACION,88,42133633,6
112018,2025,Febrero,2,ROLLO BOPP MATE 595 MM X 4000 MT 18 MIC,ANILLO DOBLE O,2,1022460,4
112019,2025,Febrero,2,ROLLO BOPP MATE 695 MM X 4000 MT 18 MIC,ANILLO DOBLE O,15,10204080,52
112020,2025,Febrero,2,ROLLO HOLOGRAFICO 495 MM X 1500 MT 24 MIC,ANILLO DOBLE O,2,889390,185
112022,2025,Febrero,2,ROLLO METALIZADO DORADO 495 MM X 1000 MT 22 MIC,ANILLO DOBLE O,1,391680,91
112023,2025,Febrero,2,ROLLO METALIZADO PLATA 495 MM X 1000 MT 22 MIC,ANILLO DOBLE O,1,333450,101
112027,2025,Febrero,2,ROLLO PIEL DURAZNO 495 MM X 200 MT 28 MIC,ANILLO DOBLE O,3,493000,50
112005,2025,Febrero,2,ROLLO SUPERBONDING BRILLANTE 330 MM X 500 MT 30 MIC,ANILLO DOBLE O,4,810000,42
122041,2025,Febrero,2,TIRA 2.1 X 64 LOOPS  12MM CAJA X 540 BLANCO,ANILLO DOBLE O,1,460750,27
122042,2025,Febrero,2,TIRA 2.1 X 64 LOOPS  12MM CAJA X 540 NEGRO,ANILLO DOBLE O,2,921500,78
122043,2025,Febrero,2,TIRA 2.1 X 64 LOOPS  12MM CAJA X 540 PLATA,ANILLO DOBLE O,0,0,56
122044,2025,Febrero,2,TIRA 2.1 X 64 LOOPS  14MM CAJA X 384 BLANCO,ANILLO DOBLE O,2,864500,1
122045,2025,Febrero,2,TIRA 2.1 X 64 LOOPS  14MM CAJA X 384 NEGRO,ANILLO DOBLE O,23,9486750,20
122046,2025,Febrero,2,TIRA 2.1 X 64 LOOPS  14MM CAJA X 384 PLATA,ANILLO DOBLE O,1,496850,18
122047,2025,Febrero,2,TIRA 2.1 X 64 LOOPS  16MM CAJA X 308 BLANCO,ANILLO DOBLE O,16,6585600,175
122048,2025,Febrero,2,TIRA 2.1 X 64 LOOPS  16MM CAJA X 308 BRONCE,ANILLO DOBLE O,1,489250,38
122049,2025,Febrero,2,TIRA 2.1 X 64 LOOPS  16MM CAJA X 308 NEGRO,ANILLO DOBLE O,1,425600,140
122050,2025,Febrero,2,TIRA 2.1 X 64 LOOPS  16MM CAJA X 308 PLATA,ANILLO DOBLE O,1,489250,21
122051,2025,Febrero,2,TIRA 2.1 X 64 LOOPS  19MM CAJA X 252 BLANCO,ANILLO DOBLE O,48,21394800,29
122052,2025,Febrero,2,TIRA 2.1 X 64 LOOPS  19MM CAJA X 252 BRONCE,ANILLO DOBLE O,0,0,29
122053,2025,Febrero,2,TIRA 2.1 X 64 LOOPS  19MM CAJA X 252 NEGRO,ANILLO DOBLE O,16,7384800,51
122054,2025,Febrero,2,TIRA 2.1 X 64 LOOPS  19MM CAJA X 252 PLATA,ANILLO DOBLE O,3,1537000,42
122055,2025,Febrero,2,TIRA 2.1 X 64 LOOPS  22MM CAJA X 192 BLANCO,ANILLO DOBLE O,17,6818000,28
122056,2025,Febrero,2,TIRA 2.1 X 64 LOOPS  22MM CAJA X 192 BRONCE,ANILLO DOBLE O,0,0,30
122057,2025,Febrero,2,TIRA 2.1 X 64 LOOPS  22MM CAJA X 192 NEGRO,ANILLO DOBLE O,10,4429800,48
122058,2025,Febrero,2,TIRA 2.1 X 64 LOOPS  22MM CAJA X 192 PLATA,ANILLO DOBLE O,0,0,31
122059,2025,Febrero,2,TIRA 2.1 X 64 LOOPS  25MM CAJA X 140 BLANCO,ANILLO DOBLE O,2,759600,54
122077,2025,Febrero,2,TIRA 2.1 X 64 LOOPS  25MM CAJA X 140 BRONCE,ANILLO DOBLE O,0,0,17
122060,2025,Febrero,2,TIRA 2.1 X 64 LOOPS  25MM CAJA X 140 NEGRO,ANILLO DOBLE O,9,3520900,52
122061,2025,Febrero,2,TIRA 2.1 X 64 LOOPS  25MM CAJA X 140 PLATA,ANILLO DOBLE O,0,0,33
122062,2025,Febrero,2,TIRA 2.1 X 64 LOOPS  28MM CAJA X 96 BLANCO,ANILLO DOBLE O,0,0,77
122063,2025,Febrero,2,TIRA 2.1 X 64 LOOPS  28MM CAJA X 96 NEGRO,ANILLO DOBLE O,0,0,49
122064,2025,Febrero,2,TIRA 2.1 X 64 LOOPS  28MM CAJA X 96 PLATA,ANILLO DOBLE O,4,2067200,60
122065,2025,Febrero,2,TIRA 2.1 X 64 LOOPS  32MM CAJA X 96 BLANCO,ANILLO DOBLE O,0,0,80
122066,2025,Febrero,2,TIRA 2.1 X 64 LOOPS  32MM CAJA X 96 NEGRO,ANILLO DOBLE O,0,0,39
131008,2025,Febrero,2,VARILLA MEDIA LUNA  10 CM X 100 BLANCO,ANILLO DOBLE O,0,0,2051
131007,2025,Febrero,2,VARILLA MEDIA LUNA  10 CM X 100 NEGRO,ANILLO DOBLE O,0,0,824
131010,2025,Febrero,2,VARILLA MEDIA LUNA  15 CM X 100 BLANCO,ANILLO DOBLE O,0,0,564
131009,2025,Febrero,2,VARILLA MEDIA LUNA  15 CM X 100 NEGRO,ANILLO DOBLE O,0,0,390
131033,2025,Febrero,2,VARILLA MEDIA LUNA  20 CM X 100 BLANCO,ANILLO DOBLE O,0,0,0
131034,2025,Febrero,2,VARILLA MEDIA LUNA  20 CM X 100 NEGRO,ANILLO DOBLE O,0,0,304
131018,2025,Febrero,2,YOYO ORIGINAL CAJA X 50 AZUL,VARIOS,60,3450000,983
131019,2025,Febrero,2,YOYO ORIGINAL CAJA X 50 BLANCO,VARIOS,140,8050000,1383
131020,2025,Febrero,2,YOYO ORIGINAL CAJA X 50 NEGRO,VARIOS,6,391500,880
131021,2025,Febrero,2,YOYO ORIGINAL CAJA X 50 ROJO,VARIOS,9,585250,15
131022,2025,Febrero,2,YOYO ORIGINAL CAJA X 50 VERDE,VARIOS,8,520000,210
131012,2025,Marzo,3,ACETATOS CARTA PAQ X 50,VARIOS,4,42000,0
113001,2025,Marzo,3,BOLSILLO CARNET 60 X 90 MM 175 MIC CAJA X 100,LAMINACION,0,0,2894
113005,2025,Marzo,3,BOLSILLO CARTA 225MM X 288MM 125 MIC CAJA X 100,LAMINACION,457,16497000,7705
113006,2025,Marzo,3,BOLSILLO CARTA 225MM X 288MM 175 MIC CAJA X 100,LAMINACION,52,2473500,983
113007,2025,Marzo,3,BOLSILLO CARTA 225MM X 288MM 250 MIC CAJA X 50,LAMINACION,105,3956500,2726
113002,2025,Marzo,3,BOLSILLO CEDULA 70 X 100 MM 175 MIC CAJA X 100,LAMINACION,515,3022500,6166
113008,2025,Marzo,3,BOLSILLO OFICIO 225MM X 337MM 125 MIC CAJA X 100,LAMINACION,88,3483000,2787
113003,2025,Marzo,3,BOLSILLO TARJETA PROPIEDAD 80 X 110 MM 175 MIC CAJA X 100,LAMINACION,235,1682700,3923
121009,2025,Marzo,3,CARATULA CARTA GRAIN PAQ X 50 AZUL,CARATULA,13,162500,2999
121010,2025,Marzo,3,CARATULA CARTA GRAIN PAQ X 50 NEGRO,CARATULA,0,0,2
121034,2025,Marzo,3,CARATULA CARTA STRIPE PAQ X 50 AMARILLO,CARATULA,44,540000,1137
121017,2025,Marzo,3,CARATULA CARTA STRIPE PAQ X 50 AZUL T-1,CARATULA,94,1145000,775
121018,2025,Marzo,3,CARATULA CARTA STRIPE PAQ X 50 AZUL T-2,CARATULA,0,0,0
121019,2025,Marzo,3,CARATULA CARTA STRIPE PAQ X 50 HUMO,CARATULA,117,1452500,482
121020,2025,Marzo,3,CARATULA CARTA STRIPE PAQ X 50 LILA,CARATULA,63,773750,757
121021,2025,Marzo,3,CARATULA CARTA STRIPE PAQ X 50 NARANJA,CARATULA,57,697500,1681
121022,2025,Marzo,3,CARATULA CARTA STRIPE PAQ X 50 ROJO,CARATULA,116,1381250,1560
121023,2025,Marzo,3,CARATULA CARTA STRIPE PAQ X 50 TRANSPARENTE,CARATULA,0,0,0
121024,2025,Marzo,3,CARATULA CARTA STRIPE PAQ X 50 VERDE T-1,CARATULA,18,217500,231
121025,2025,Marzo,3,CARATULA CARTA STRIPE PAQ X 50 VERDE T-2,CARATULA,115,1406250,3460
121032,2025,Marzo,3,CARATULA LEGAL STRIPE PAQ X 50 TRANSPARENTE,CARATULA,5,325500,776
121030,2025,Marzo,3,CARATULA OFICIO STRIPE PAQ X 50 TRANSPARENTE,CARATULA,0,0,0
121031,2025,Marzo,3,CARATULA OFICIO STRIPE PAQ X 50 VERDE T-2,CARATULA,0,0,0
122009,2025,Marzo,3,CARRETE  2.1   16 MM X 10500 LOOPS BLANCO,ANILLO DOBLE O,1,298300,2
122010,2025,Marzo,3,CARRETE  2.1   16 MM X 10500 LOOPS NEGRO,ANILLO DOBLE O,2,612300,12
122011,2025,Marzo,3,CARRETE  2.1   16 MM X 10500 LOOPS PLATA,ANILLO DOBLE O,1,357200,19
122013,2025,Marzo,3,CARRETE  2.1   19 MM X 7000 LOOPS BLANCO,ANILLO DOBLE O,0,0,0
122016,2025,Marzo,3,CARRETE  2.1   19 MM X 7000 LOOPS BRONCE,ANILLO DOBLE O,1,349000,10
122014,2025,Marzo,3,CARRETE  2.1   19 MM X 7000 LOOPS NEGRO,ANILLO DOBLE O,0,0,0
122015,2025,Marzo,3,CARRETE  2.1   19 MM X 7000 LOOPS PLATA,ANILLO DOBLE O,0,0,0
122017,2025,Marzo,3,CARRETE  3.1    8 MM X 60000 LOOPS BLANCO,ANILLO DOBLE O,0,0,89
122018,2025,Marzo,3,CARRETE  3.1    8 MM X 60000 LOOPS NEGRO,ANILLO DOBLE O,0,0,34
122019,2025,Marzo,3,CARRETE  3.1    8 MM X 60000 LOOPS PLATA,ANILLO DOBLE O,0,0,1
122020,2025,Marzo,3,CARRETE  3.1    9 MM X 43000 LOOPS BLANCO,ANILLO DOBLE O,15,5392900,25
122021,2025,Marzo,3,CARRETE  3.1    9 MM X 43000 LOOPS BRONCE,ANILLO DOBLE O,0,0,25
122022,2025,Marzo,3,CARRETE  3.1    9 MM X 43000 LOOPS NEGRO,ANILLO DOBLE O,0,0,66
122023,2025,Marzo,3,CARRETE  3.1    9 MM X 43000 LOOPS PLATA,ANILLO DOBLE O,0,0,15
122024,2025,Marzo,3,CARRETE  3.1   11 MM X 32000 LOOPS BLANCO,ANILLO DOBLE O,0,0,1
122025,2025,Marzo,3,CARRETE  3.1   11 MM X 32000 LOOPS NEGRO,ANILLO DOBLE O,0,0,61
122026,2025,Marzo,3,CARRETE  3.1   12 MM X 24000 LOOPS BLANCO,ANILLO DOBLE O,0,0,0
122027,2025,Marzo,3,CARRETE  3.1   12 MM X 24000 LOOPS NEGRO,ANILLO DOBLE O,0,0,58
122028,2025,Marzo,3,CARRETE  3.1   12 MM X 24000 LOOPS PLATA,ANILLO DOBLE O,0,0,5
122029,2025,Marzo,3,CARRETE  3.1   14 MM X 19300 LOOPS BLANCO,ANILLO DOBLE O,0,0,0
122030,2025,Marzo,3,CARRETE  3.1   14 MM X 19300 LOOPS NEGRO,ANILLO DOBLE O,0,0,21
122031,2025,Marzo,3,CARRETE  3.1   14 MM X 19300 LOOPS PLATA,ANILLO DOBLE O,0,0,3
122081,2025,Marzo,3,DOBLE O CARTA 2.1    8 MM  CAJA X 100 BLANCO,ANILLO DOBLE O,0,0,423
122082,2025,Marzo,3,DOBLE O CARTA 2.1    8 MM  CAJA X 100 NEGRO,ANILLO DOBLE O,5,130000,146
122083,2025,Marzo,3,DOBLE O CARTA 2.1    9 MM  CAJA X 100 BLANCO,ANILLO DOBLE O,0,0,335
122084,2025,Marzo,3,DOBLE O CARTA 2.1    9 MM  CAJA X 100 NEGRO,ANILLO DOBLE O,1,28000,215
122085,2025,Marzo,3,DOBLE O CARTA 2.1   12 MM  CAJA X 100 BLANCO,ANILLO DOBLE O,0,0,0
122086,2025,Marzo,3,DOBLE O CARTA 2.1   12 MM  CAJA X 100 NEGRO,ANILLO DOBLE O,1,38000,25
122087,2025,Marzo,3,DOBLE O CARTA 2.1   14 MM  CAJA X 100 BLANCO,ANILLO DOBLE O,35,1548000,224
122088,2025,Marzo,3,DOBLE O CARTA 2.1   14 MM  CAJA X 100 NEGRO,ANILLO DOBLE O,2,96000,78
122089,2025,Marzo,3,DOBLE O CARTA 2.1   16 MM  CAJA X 50 BLANCO,ANILLO DOBLE O,32,797500,319
122090,2025,Marzo,3,DOBLE O CARTA 2.1   16 MM  CAJA X 50 NEGRO,ANILLO DOBLE O,0,0,0
122091,2025,Marzo,3,DOBLE O CARTA 2.1   19 MM  CAJA X 50 BLANCO,ANILLO DOBLE O,0,0,0
122112,2025,Marzo,3,DOBLE O CARTA 2.1   19 MM  CAJA X 50 BRONCE,ANILLO DOBLE O,3,109200,84
122092,2025,Marzo,3,DOBLE O CARTA 2.1   19 MM  CAJA X 50 NEGRO,ANILLO DOBLE O,0,0,0
122093,2025,Marzo,3,DOBLE O CARTA 2.1   22 MM  CAJA X 50 BLANCO,ANILLO DOBLE O,3,144000,110
122094,2025,Marzo,3,DOBLE O CARTA 2.1   22 MM  CAJA X 50 NEGRO,ANILLO DOBLE O,6,288000,185
122095,2025,Marzo,3,DOBLE O CARTA 2.1   25 MM  CAJA X 50 BLANCO,ANILLO DOBLE O,2,112000,131
122096,2025,Marzo,3,DOBLE O CARTA 2.1   25 MM  CAJA X 50 NEGRO,ANILLO DOBLE O,0,0,237
122097,2025,Marzo,3,DOBLE O CARTA 2.1   28 MM  CAJA X 30 BLANCO,ANILLO DOBLE O,2,124000,353
122098,2025,Marzo,3,DOBLE O CARTA 2.1   28 MM  CAJA X 30 NEGRO,ANILLO DOBLE O,1,62000,328
122099,2025,Marzo,3,DOBLE O CARTA 2.1   32 MM  CAJA X 30 BLANCO,ANILLO DOBLE O,1,71000,404
122100,2025,Marzo,3,DOBLE O CARTA 2.1   32 MM  CAJA X 30 NEGRO,ANILLO DOBLE O,5,301750,144
122101,2025,Marzo,3,DOBLE O CARTA 3.1    8 MM   CAJA X 100 BLANCO,ANILLO DOBLE O,0,0,618
122102,2025,Marzo,3,DOBLE O CARTA 3.1    8 MM  CAJA X 100 NEGRO,ANILLO DOBLE O,8,208000,396
122103,2025,Marzo,3,DOBLE O CARTA 3.1    9 MM  CAJA X 100 BLANCO,ANILLO DOBLE O,1,28000,430
122104,2025,Marzo,3,DOBLE O CARTA 3.1    9 MM  CAJA X 100 NEGRO,ANILLO DOBLE O,0,0,0
122105,2025,Marzo,3,DOBLE O CARTA 3.1   11 MM  CAJA X 100 BLANCO,ANILLO DOBLE O,12,408000,358
122106,2025,Marzo,3,DOBLE O CARTA 3.1   11 MM  CAJA X 100 NEGRO,ANILLO DOBLE O,0,0,28
122108,2025,Marzo,3,DOBLE O CARTA 3.1   12 MM  CAJA X 100 BLANCO,ANILLO DOBLE O,2,82000,669
122107,2025,Marzo,3,DOBLE O CARTA 3.1   12 MM  CAJA X 100 NEGRO,ANILLO DOBLE O,1,41000,228
122109,2025,Marzo,3,DOBLE O CARTA 3.1   12 MM  CAJA X 100 PLATA,ANILLO DOBLE O,0,0,154
122110,2025,Marzo,3,DOBLE O CARTA 3.1   14 MM  CAJA X 100 BLANCO,ANILLO DOBLE O,0,0,328
122111,2025,Marzo,3,DOBLE O CARTA 3.1   14 MM  CAJA X 100 NEGRO,ANILLO DOBLE O,1,48000,84
112031,2025,Marzo,3,FOIL S1 (101) 640 MM X 120 MT 12 MIC DORADO,LAMINACION,0,0,9
112032,2025,Marzo,3,FOIL S1 (120) 640 MM X 120 MT 12 MIC PLATA,LAMINACION,0,0,96
112033,2025,Marzo,3,FOIL S2 (101) 640 MM X 120 MT 12 MIC DORADO,LAMINACION,1,59000,986
112034,2025,Marzo,3,FOIL S2 (120) 640 MM X 120 MT 12 MIC PLATA,LAMINACION,110,5890000,400
112036,2025,Marzo,3,FOIL S4 (S15) 640 MM X 120 MT 12 MIC PLATA HOLOGRAFICO,LAMINACION,3,207000,96
112035,2025,Marzo,3,FOIL S4 (SA18) 640 MM X 120 MT 12 MIC DORADO HOLOGRAFICO,LAMINACION,0,0,106
111001,2025,Marzo,3,ROLLO 113 MM X 60 MTS 175 MICRAS,LAMINACION,28,825600,1132
111002,2025,Marzo,3,ROLLO 113 MM X 60 MTS 250 MICRAS,LAMINACION,6,232200,81
111003,2025,Marzo,3,ROLLO 226 MM X 60 MTS 125 MICRAS,LAMINACION,197,7676000,117
111004,2025,Marzo,3,ROLLO 226 MM X 60 MTS 175 MICRAS,LAMINACION,10,612000,125
111005,2025,Marzo,3,ROLLO 226 MM X 60 MTS 250 MICRAS,LAMINACION,30,2202000,14
111007,2025,Marzo,3,ROLLO 300 MM X 60 MTS 125 MICRAS,LAMINACION,1,62000,440
111008,2025,Marzo,3,ROLLO 300 MM X 60 MTS 250 MICRAS,LAMINACION,2,230000,263
111018,2025,Marzo,3,ROLLO 350 MM X 60 MTS 250 MICRAS,LAMINACION,4,494000,164
111010,2025,Marzo,3,ROLLO 375 MM X 60 MTS 125 MICRAS,LAMINACION,1,75000,299
111013,2025,Marzo,3,ROLLO 375 MM X 75 MTS 75 MICRAS MATTE,PLASTIFICACION,0,0,114
111019,2025,Marzo,3,ROLLO 540 MM X 60 MTS 125 MICRAS,PLASTIFICACION,0,0,252
111020,2025,Marzo,3,ROLLO 540 MM X 60 MTS 175 MICRAS,PLASTIFICACION,0,0,252
111016,2025,Marzo,3,ROLLO 680 MM X 60 MTS 125 MICRAS BRILLANTE,PLASTIFICACION,0,0,251
112001,2025,Marzo,3,ROLLO BOPP BRILLANTE 250 MM X 4000 MT 18 MIC,PLASTIFICACION,8,2000130,69
112002,2025,Marzo,3,ROLLO BOPP BRILLANTE 300 MM X 4000 MT 18 MIC,PLASTIFICACION,10,2990040,106
112003,2025,Marzo,3,ROLLO BOPP BRILLANTE 330 MM X 200 MT 23 MIC,PLASTIFICACION,45,2564200,345
112006,2025,Marzo,3,ROLLO BOPP BRILLANTE 345 MM X 4000 MT 18 MIC,PLASTIFICACION,18,6221180,78
112026,2025,Marzo,3,ROLLO BOPP BRILLANTE 400 MM X 4000 MT 18 MIC,PLASTIFICACION,2,824790,13
112007,2025,Marzo,3,ROLLO BOPP BRILLANTE 445 MM X 4000 MT 18 MIC,PLASTIFICACION,3,1357160,3
112008,2025,Marzo,3,ROLLO BOPP BRILLANTE 495 MM X 4000 MT 18 MIC,PLASTIFICACION,36,17977680,170
112028,2025,Marzo,3,ROLLO BOPP BRILLANTE 595 MM X 4000 MT 18 MIC,PLASTIFICACION,5,2895750,47
112009,2025,Marzo,3,ROLLO BOPP BRILLANTE 695 MM X 4000 MT 18 MIC,PLASTIFICACION,0,0,3
112024,2025,Marzo,3,ROLLO BOPP MATE 200 MM X 4000 MT 18 MIC,PLASTIFICACION,6,1147020,55
112010,2025,Marzo,3,ROLLO BOPP MATE 250 MM X 4000 MT 18 MIC,PLASTIFICACION,16,3819060,98
112011,2025,Marzo,3,ROLLO BOPP MATE 300 MM X 4000 MT 18 MIC,PLASTIFICACION,24,6833450,101
112012,2025,Marzo,3,ROLLO BOPP MATE 330 MM X 200 MT 23 MIC,PLASTIFICACION,19,944202,416
112021,2025,Marzo,3,ROLLO BOPP MATE 330 MM X 4000 MT 18 MIC,PLASTIFICACION,12,3897760,23
112013,2025,Marzo,3,ROLLO BOPP MATE 330 MM X 500 MT 22 MIC,PLASTIFICACION,1,150000,155
112015,2025,Marzo,3,ROLLO BOPP MATE 345 MM X 4000 MT 18 MIC,PLASTIFICACION,0,0,0
112025,2025,Marzo,3,ROLLO BOPP MATE 400 MM X 4000 MT 18 MIC,PLASTIFICACION,2,735000,3
112016,2025,Marzo,3,ROLLO BOPP MATE 445 MM X 4000 MT 18 MIC,PLASTIFICACION,0,0,0
112017,2025,Marzo,3,ROLLO BOPP MATE 495 MM X 4000 MT 18 MIC,PLASTIFICACION,5,2275000,1
112018,2025,Marzo,3,ROLLO BOPP MATE 595 MM X 4000 MT 18 MIC,ANILLO DOBLE O,2,1007700,2
112019,2025,Marzo,3,ROLLO BOPP MATE 695 MM X 4000 MT 18 MIC,ANILLO DOBLE O,8,5507100,44
112020,2025,Marzo,3,ROLLO HOLOGRAFICO 495 MM X 1500 MT 24 MIC,ANILLO DOBLE O,0,0,185
112022,2025,Marzo,3,ROLLO METALIZADO DORADO 495 MM X 1000 MT 22 MIC,ANILLO DOBLE O,0,0,91
112023,2025,Marzo,3,ROLLO METALIZADO PLATA 495 MM X 1000 MT 22 MIC,ANILLO DOBLE O,6,1985412,95
112027,2025,Marzo,3,ROLLO PIEL DURAZNO 495 MM X 200 MT 28 MIC,ANILLO DOBLE O,2,336134,48
112005,2025,Marzo,3,ROLLO SUPERBONDING BRILLANTE 330 MM X 500 MT 30 MIC,ANILLO DOBLE O,1,201681,41
122041,2025,Marzo,3,TIRA 2.1 X 64 LOOPS  12MM CAJA X 540 BLANCO,ANILLO DOBLE O,7,3128250,20
122042,2025,Marzo,3,TIRA 2.1 X 64 LOOPS  12MM CAJA X 540 NEGRO,ANILLO DOBLE O,3,1382250,75
122043,2025,Marzo,3,TIRA 2.1 X 64 LOOPS  12MM CAJA X 540 PLATA,ANILLO DOBLE O,0,0,56
122044,2025,Marzo,3,TIRA 2.1 X 64 LOOPS  14MM CAJA X 384 BLANCO,ANILLO DOBLE O,1,432250,0
122045,2025,Marzo,3,TIRA 2.1 X 64 LOOPS  14MM CAJA X 384 NEGRO,ANILLO DOBLE O,1,409500,19
122046,2025,Marzo,3,TIRA 2.1 X 64 LOOPS  14MM CAJA X 384 PLATA,ANILLO DOBLE O,13,6459050,5
122047,2025,Marzo,3,TIRA 2.1 X 64 LOOPS  16MM CAJA X 308 BLANCO,ANILLO DOBLE O,24,10035200,153
122048,2025,Marzo,3,TIRA 2.1 X 64 LOOPS  16MM CAJA X 308 BRONCE,ANILLO DOBLE O,6,2940000,32
122049,2025,Marzo,3,TIRA 2.1 X 64 LOOPS  16MM CAJA X 308 NEGRO,ANILLO DOBLE O,7,2844800,133
122050,2025,Marzo,3,TIRA 2.1 X 64 LOOPS  16MM CAJA X 308 PLATA,ANILLO DOBLE O,0,0,22
122051,2025,Marzo,3,TIRA 2.1 X 64 LOOPS  19MM CAJA X 252 BLANCO,ANILLO DOBLE O,17,7980800,12
122052,2025,Marzo,3,TIRA 2.1 X 64 LOOPS  19MM CAJA X 252 BRONCE,ANILLO DOBLE O,1,551000,28
122053,2025,Marzo,3,TIRA 2.1 X 64 LOOPS  19MM CAJA X 252 NEGRO,ANILLO DOBLE O,6,2822400,44
122054,2025,Marzo,3,TIRA 2.1 X 64 LOOPS  19MM CAJA X 252 PLATA,ANILLO DOBLE O,2,1102000,39
122055,2025,Marzo,3,TIRA 2.1 X 64 LOOPS  22MM CAJA X 192 BLANCO,ANILLO DOBLE O,4,1801900,24
122056,2025,Marzo,3,TIRA 2.1 X 64 LOOPS  22MM CAJA X 192 BRONCE,ANILLO DOBLE O,0,0,30
122057,2025,Marzo,3,TIRA 2.1 X 64 LOOPS  22MM CAJA X 192 NEGRO,ANILLO DOBLE O,27,11900950,21
122058,2025,Marzo,3,TIRA 2.1 X 64 LOOPS  22MM CAJA X 192 PLATA,ANILLO DOBLE O,2,952000,29
122059,2025,Marzo,3,TIRA 2.1 X 64 LOOPS  25MM CAJA X 140 BLANCO,ANILLO DOBLE O,0,0,54
122077,2025,Marzo,3,TIRA 2.1 X 64 LOOPS  25MM CAJA X 140 BRONCE,ANILLO DOBLE O,0,0,17
122060,2025,Marzo,3,TIRA 2.1 X 64 LOOPS  25MM CAJA X 140 NEGRO,ANILLO DOBLE O,2,801800,50
122061,2025,Marzo,3,TIRA 2.1 X 64 LOOPS  25MM CAJA X 140 PLATA,ANILLO DOBLE O,0,0,33
122062,2025,Marzo,3,TIRA 2.1 X 64 LOOPS  28MM CAJA X 96 BLANCO,ANILLO DOBLE O,0,0,77
122063,2025,Marzo,3,TIRA 2.1 X 64 LOOPS  28MM CAJA X 96 NEGRO,ANILLO DOBLE O,0,0,49
122064,2025,Marzo,3,TIRA 2.1 X 64 LOOPS  28MM CAJA X 96 PLATA,ANILLO DOBLE O,0,0,60
122065,2025,Marzo,3,TIRA 2.1 X 64 LOOPS  32MM CAJA X 96 BLANCO,ANILLO DOBLE O,0,0,80
122066,2025,Marzo,3,TIRA 2.1 X 64 LOOPS  32MM CAJA X 96 NEGRO,ANILLO DOBLE O,2,991800,37
131008,2025,Marzo,3,VARILLA MEDIA LUNA  10 CM X 100 BLANCO,ANILLO DOBLE O,0,0,2051
131007,2025,Marzo,3,VARILLA MEDIA LUNA  10 CM X 100 NEGRO,ANILLO DOBLE O,0,0,824
131010,2025,Marzo,3,VARILLA MEDIA LUNA  15 CM X 100 BLANCO,ANILLO DOBLE O,0,0,564
131009,2025,Marzo,3,VARILLA MEDIA LUNA  15 CM X 100 NEGRO,ANILLO DOBLE O,0,0,390
131033,2025,Marzo,3,VARILLA MEDIA LUNA  20 CM X 100 BLANCO,ANILLO DOBLE O,0,0,0
131034,2025,Marzo,3,VARILLA MEDIA LUNA  20 CM X 100 NEGRO,ANILLO DOBLE O,0,0,304
131018,2025,Marzo,3,YOYO ORIGINAL CAJA X 50 AZUL,VARIOS,0,0,983
131019,2025,Marzo,3,YOYO ORIGINAL CAJA X 50 BLANCO,VARIOS,26,1541500,1357
131020,2025,Marzo,3,YOYO ORIGINAL CAJA X 50 NEGRO,VARIOS,1,65250,879
131021,2025,Marzo,3,YOYO ORIGINAL CAJA X 50 ROJO,VARIOS,11,640250,4
131022,2025,Marzo,3,YOYO ORIGINAL CAJA X 50 VERDE,VARIOS,10,575000,200
131012,2025,Abril,4,ACETATOS CARTA PAQ X 50,VARIOS,0,0,0
113001,2025,Abril,4,BOLSILLO CARNET 60 X 90 MM 175 MIC CAJA X 100,LAMINACION,50,247500,2844
113005,2025,Abril,4,BOLSILLO CARTA 225MM X 288MM 125 MIC CAJA X 100,LAMINACION,953,28560000,6752
113006,2025,Abril,4,BOLSILLO CARTA 225MM X 288MM 175 MIC CAJA X 100,LAMINACION,400,15995450,583
113007,2025,Abril,4,BOLSILLO CARTA 225MM X 288MM 250 MIC CAJA X 50,LAMINACION,241,8701000,2485
113002,2025,Abril,4,BOLSILLO CEDULA 70 X 100 MM 175 MIC CAJA X 100,LAMINACION,120,702650,6046
113008,2025,Abril,4,BOLSILLO OFICIO 225MM X 337MM 125 MIC CAJA X 100,LAMINACION,518,18473550,2269
113003,2025,Abril,4,BOLSILLO TARJETA PROPIEDAD 80 X 110 MM 175 MIC CAJA X 100,LAMINACION,282,2046100,3641
121009,2025,Abril,4,CARATULA CARTA GRAIN PAQ X 50 AZUL,CARATULA,43,512500,2956
121010,2025,Abril,4,CARATULA CARTA GRAIN PAQ X 50 NEGRO,CARATULA,0,0,2
121034,2025,Abril,4,CARATULA CARTA STRIPE PAQ X 50 AMARILLO,CARATULA,32,390000,1105
121017,2025,Abril,4,CARATULA CARTA STRIPE PAQ X 50 AZUL T-1,CARATULA,79,942500,696
121018,2025,Abril,4,CARATULA CARTA STRIPE PAQ X 50 AZUL T-2,CARATULA,0,0,0
121019,2025,Abril,4,CARATULA CARTA STRIPE PAQ X 50 HUMO,CARATULA,242,2600000,240
121020,2025,Abril,4,CARATULA CARTA STRIPE PAQ X 50 LILA,CARATULA,122,1320000,635
121021,2025,Abril,4,CARATULA CARTA STRIPE PAQ X 50 NARANJA,CARATULA,21,257500,1660
121022,2025,Abril,4,CARATULA CARTA STRIPE PAQ X 50 ROJO,CARATULA,29,352500,1531
121023,2025,Abril,4,CARATULA CARTA STRIPE PAQ X 50 TRANSPARENTE,CARATULA,0,0,0
121024,2025,Abril,4,CARATULA CARTA STRIPE PAQ X 50 VERDE T-1,CARATULA,32,390000,199
121025,2025,Abril,4,CARATULA CARTA STRIPE PAQ X 50 VERDE T-2,CARATULA,222,2370000,3238
121032,2025,Abril,4,CARATULA LEGAL STRIPE PAQ X 50 TRANSPARENTE,CARATULA,8,532000,768
121030,2025,Abril,4,CARATULA OFICIO STRIPE PAQ X 50 TRANSPARENTE,CARATULA,0,0,0
121031,2025,Abril,4,CARATULA OFICIO STRIPE PAQ X 50 VERDE T-2,CARATULA,0,0,0
122009,2025,Abril,4,CARRETE  2.1   16 MM X 10500 LOOPS BLANCO,ANILLO DOBLE O,0,0,2
122010,2025,Abril,4,CARRETE  2.1   16 MM X 10500 LOOPS NEGRO,ANILLO DOBLE O,0,0,12
122011,2025,Abril,4,CARRETE  2.1   16 MM X 10500 LOOPS PLATA,ANILLO DOBLE O,0,0,19
122013,2025,Abril,4,CARRETE  2.1   19 MM X 7000 LOOPS BLANCO,ANILLO DOBLE O,0,0,0
122016,2025,Abril,4,CARRETE  2.1   19 MM X 7000 LOOPS BRONCE,ANILLO DOBLE O,0,0,10
122014,2025,Abril,4,CARRETE  2.1   19 MM X 7000 LOOPS NEGRO,ANILLO DOBLE O,0,0,0
122015,2025,Abril,4,CARRETE  2.1   19 MM X 7000 LOOPS PLATA,ANILLO DOBLE O,0,0,0
122017,2025,Abril,4,CARRETE  3.1    8 MM X 60000 LOOPS BLANCO,ANILLO DOBLE O,1,446500,88
122018,2025,Abril,4,CARRETE  3.1    8 MM X 60000 LOOPS NEGRO,ANILLO DOBLE O,0,0,34
122019,2025,Abril,4,CARRETE  3.1    8 MM X 60000 LOOPS PLATA,ANILLO DOBLE O,0,0,1
122020,2025,Abril,4,CARRETE  3.1    9 MM X 43000 LOOPS BLANCO,ANILLO DOBLE O,3,1134300,22
122021,2025,Abril,4,CARRETE  3.1    9 MM X 43000 LOOPS BRONCE,ANILLO DOBLE O,0,0,25
122022,2025,Abril,4,CARRETE  3.1    9 MM X 43000 LOOPS NEGRO,ANILLO DOBLE O,0,0,66
122023,2025,Abril,4,CARRETE  3.1    9 MM X 43000 LOOPS PLATA,ANILLO DOBLE O,0,0,15
122024,2025,Abril,4,CARRETE  3.1   11 MM X 32000 LOOPS BLANCO,ANILLO DOBLE O,0,0,1
122025,2025,Abril,4,CARRETE  3.1   11 MM X 32000 LOOPS NEGRO,ANILLO DOBLE O,7,2609850,54
122026,2025,Abril,4,CARRETE  3.1   12 MM X 24000 LOOPS BLANCO,ANILLO DOBLE O,0,0,0
122027,2025,Abril,4,CARRETE  3.1   12 MM X 24000 LOOPS NEGRO,ANILLO DOBLE O,2,615600,56
122028,2025,Abril,4,CARRETE  3.1   12 MM X 24000 LOOPS PLATA,ANILLO DOBLE O,2,779000,3
122029,2025,Abril,4,CARRETE  3.1   14 MM X 19300 LOOPS BLANCO,ANILLO DOBLE O,0,0,0
122030,2025,Abril,4,CARRETE  3.1   14 MM X 19300 LOOPS NEGRO,ANILLO DOBLE O,0,0,21
122031,2025,Abril,4,CARRETE  3.1   14 MM X 19300 LOOPS PLATA,ANILLO DOBLE O,0,0,3
122081,2025,Abril,4,DOBLE O CARTA 2.1    8 MM  CAJA X 100 BLANCO,ANILLO DOBLE O,0,0,423
122082,2025,Abril,4,DOBLE O CARTA 2.1    8 MM  CAJA X 100 NEGRO,ANILLO DOBLE O,0,0,146
122083,2025,Abril,4,DOBLE O CARTA 2.1    9 MM  CAJA X 100 BLANCO,ANILLO DOBLE O,0,0,335
122084,2025,Abril,4,DOBLE O CARTA 2.1    9 MM  CAJA X 100 NEGRO,ANILLO DOBLE O,12,308000,203
122085,2025,Abril,4,DOBLE O CARTA 2.1   12 MM  CAJA X 100 BLANCO,ANILLO DOBLE O,0,0,0
122086,2025,Abril,4,DOBLE O CARTA 2.1   12 MM  CAJA X 100 NEGRO,ANILLO DOBLE O,25,864500,0
122087,2025,Abril,4,DOBLE O CARTA 2.1   14 MM  CAJA X 100 BLANCO,ANILLO DOBLE O,0,0,224
122088,2025,Abril,4,DOBLE O CARTA 2.1   14 MM  CAJA X 100 NEGRO,ANILLO DOBLE O,20,816000,58
122089,2025,Abril,4,DOBLE O CARTA 2.1   16 MM  CAJA X 50 BLANCO,ANILLO DOBLE O,32,826500,287
122090,2025,Abril,4,DOBLE O CARTA 2.1   16 MM  CAJA X 50 NEGRO,ANILLO DOBLE O,0,0,0
122091,2025,Abril,4,DOBLE O CARTA 2.1   19 MM  CAJA X 50 BLANCO,ANILLO DOBLE O,0,0,0
122112,2025,Abril,4,DOBLE O CARTA 2.1   19 MM  CAJA X 50 BRONCE,ANILLO DOBLE O,22,780000,62
122092,2025,Abril,4,DOBLE O CARTA 2.1   19 MM  CAJA X 50 NEGRO,ANILLO DOBLE O,0,0,0
122093,2025,Abril,4,DOBLE O CARTA 2.1   22 MM  CAJA X 50 BLANCO,ANILLO DOBLE O,2,96000,108
122094,2025,Abril,4,DOBLE O CARTA 2.1   22 MM  CAJA X 50 NEGRO,ANILLO DOBLE O,30,1272000,155
122095,2025,Abril,4,DOBLE O CARTA 2.1   25 MM  CAJA X 50 BLANCO,ANILLO DOBLE O,1,56000,130
122096,2025,Abril,4,DOBLE O CARTA 2.1   25 MM  CAJA X 50 NEGRO,ANILLO DOBLE O,11,532000,226
122097,2025,Abril,4,DOBLE O CARTA 2.1   28 MM  CAJA X 30 BLANCO,ANILLO DOBLE O,1,62000,352
122098,2025,Abril,4,DOBLE O CARTA 2.1   28 MM  CAJA X 30 NEGRO,ANILLO DOBLE O,7,434000,321
122099,2025,Abril,4,DOBLE O CARTA 2.1   32 MM  CAJA X 30 BLANCO,ANILLO DOBLE O,1,71000,403
122100,2025,Abril,4,DOBLE O CARTA 2.1   32 MM  CAJA X 30 NEGRO,ANILLO DOBLE O,1,71000,143
122101,2025,Abril,4,DOBLE O CARTA 3.1    8 MM   CAJA X 100 BLANCO,ANILLO DOBLE O,0,0,618
122102,2025,Abril,4,DOBLE O CARTA 3.1    8 MM  CAJA X 100 NEGRO,ANILLO DOBLE O,0,0,396
122103,2025,Abril,4,DOBLE O CARTA 3.1    9 MM  CAJA X 100 BLANCO,ANILLO DOBLE O,2,56000,428
122104,2025,Abril,4,DOBLE O CARTA 3.1    9 MM  CAJA X 100 NEGRO,ANILLO DOBLE O,0,0,0
122105,2025,Abril,4,DOBLE O CARTA 3.1   11 MM  CAJA X 100 BLANCO,ANILLO DOBLE O,0,0,358
122106,2025,Abril,4,DOBLE O CARTA 3.1   11 MM  CAJA X 100 NEGRO,ANILLO DOBLE O,6,193800,22
122108,2025,Abril,4,DOBLE O CARTA 3.1   12 MM  CAJA X 100 BLANCO,ANILLO DOBLE O,0,0,669
122107,2025,Abril,4,DOBLE O CARTA 3.1   12 MM  CAJA X 100 NEGRO,ANILLO DOBLE O,11,451000,217
122109,2025,Abril,4,DOBLE O CARTA 3.1   12 MM  CAJA X 100 PLATA,ANILLO DOBLE O,0,0,154
122110,2025,Abril,4,DOBLE O CARTA 3.1   14 MM  CAJA X 100 BLANCO,ANILLO DOBLE O,2,96000,326
122111,2025,Abril,4,DOBLE O CARTA 3.1   14 MM  CAJA X 100 NEGRO,ANILLO DOBLE O,10,408000,74
112031,2025,Abril,4,FOIL S1 (101) 640 MM X 120 MT 12 MIC DORADO,LAMINACION,9,484500,0
112032,2025,Abril,4,FOIL S1 (120) 640 MM X 120 MT 12 MIC PLATA,LAMINACION,4,205200,92
112033,2025,Abril,4,FOIL S2 (101) 640 MM X 120 MT 12 MIC DORADO,LAMINACION,39,2253800,947
112034,2025,Abril,4,FOIL S2 (120) 640 MM X 120 MT 12 MIC PLATA,LAMINACION,5,295000,395
112036,2025,Abril,4,FOIL S4 (S15) 640 MM X 120 MT 12 MIC PLATA HOLOGRAFICO,LAMINACION,0,0,96
112035,2025,Abril,4,FOIL S4 (SA18) 640 MM X 120 MT 12 MIC DORADO HOLOGRAFICO,LAMINACION,0,0,106
111001,2025,Abril,4,ROLLO 113 MM X 60 MTS 175 MICRAS,LAMINACION,0,0,1148
111002,2025,Abril,4,ROLLO 113 MM X 60 MTS 250 MICRAS,LAMINACION,0,0,81
111003,2025,Abril,4,ROLLO 226 MM X 60 MTS 125 MICRAS,LAMINACION,26,1085600,91
111004,2025,Abril,4,ROLLO 226 MM X 60 MTS 175 MICRAS,LAMINACION,0,0,125
111005,2025,Abril,4,ROLLO 226 MM X 60 MTS 250 MICRAS,LAMINACION,3,261000,11
111007,2025,Abril,4,ROLLO 300 MM X 60 MTS 125 MICRAS,LAMINACION,1,56000,439
111008,2025,Abril,4,ROLLO 300 MM X 60 MTS 250 MICRAS,LAMINACION,1,115000,262
111018,2025,Abril,4,ROLLO 350 MM X 60 MTS 250 MICRAS,LAMINACION,1,117000,163
111010,2025,Abril,4,ROLLO 375 MM X 60 MTS 125 MICRAS,LAMINACION,0,0,299
111013,2025,Abril,4,ROLLO 375 MM X 75 MTS 75 MICRAS MATTE,PLASTIFICACION,0,0,114
111019,2025,Abril,4,ROLLO 540 MM X 60 MTS 125 MICRAS,PLASTIFICACION,0,0,252
111020,2025,Abril,4,ROLLO 540 MM X 60 MTS 175 MICRAS,PLASTIFICACION,0,0,252
111016,2025,Abril,4,ROLLO 680 MM X 60 MTS 125 MICRAS BRILLANTE,PLASTIFICACION,0,0,251
112001,2025,Abril,4,ROLLO BOPP BRILLANTE 250 MM X 4000 MT 18 MIC,PLASTIFICACION,22,5581060,47
112002,2025,Abril,4,ROLLO BOPP BRILLANTE 300 MM X 4000 MT 18 MIC,PLASTIFICACION,12,3639960,94
112003,2025,Abril,4,ROLLO BOPP BRILLANTE 330 MM X 200 MT 23 MIC,PLASTIFICACION,13,732000,333
112006,2025,Abril,4,ROLLO BOPP BRILLANTE 345 MM X 4000 MT 18 MIC,PLASTIFICACION,40,13522146,181
112026,2025,Abril,4,ROLLO BOPP BRILLANTE 400 MM X 4000 MT 18 MIC,PLASTIFICACION,15,6077200,74
112007,2025,Abril,4,ROLLO BOPP BRILLANTE 445 MM X 4000 MT 18 MIC,PLASTIFICACION,25,11064130,40
112008,2025,Abril,4,ROLLO BOPP BRILLANTE 495 MM X 4000 MT 18 MIC,PLASTIFICACION,44,22226510,127
112028,2025,Abril,4,ROLLO BOPP BRILLANTE 595 MM X 4000 MT 18 MIC,PLASTIFICACION,8,3768260,79
112009,2025,Abril,4,ROLLO BOPP BRILLANTE 695 MM X 4000 MT 18 MIC,PLASTIFICACION,46,31097660,3
112024,2025,Abril,4,ROLLO BOPP MATE 200 MM X 4000 MT 18 MIC,PLASTIFICACION,5,884500,50
112010,2025,Abril,4,ROLLO BOPP MATE 250 MM X 4000 MT 18 MIC,PLASTIFICACION,18,4246800,152
112011,2025,Abril,4,ROLLO BOPP MATE 300 MM X 4000 MT 18 MIC,PLASTIFICACION,20,5581830,156
112012,2025,Abril,4,ROLLO BOPP MATE 330 MM X 200 MT 23 MIC,PLASTIFICACION,19,1073000,398
112021,2025,Abril,4,ROLLO BOPP MATE 330 MM X 4000 MT 18 MIC,PLASTIFICACION,16,4973365,7
112013,2025,Abril,4,ROLLO BOPP MATE 330 MM X 500 MT 22 MIC,PLASTIFICACION,0,0,155
112015,2025,Abril,4,ROLLO BOPP MATE 345 MM X 4000 MT 18 MIC,PLASTIFICACION,28,9148925,49
112025,2025,Abril,4,ROLLO BOPP MATE 400 MM X 4000 MT 18 MIC,PLASTIFICACION,10,3570805,53
112016,2025,Abril,4,ROLLO BOPP MATE 445 MM X 4000 MT 18 MIC,PLASTIFICACION,25,10331468,64
112017,2025,Abril,4,ROLLO BOPP MATE 495 MM X 4000 MT 18 MIC,PLASTIFICACION,57,26761165,115
112018,2025,Abril,4,ROLLO BOPP MATE 595 MM X 4000 MT 18 MIC,ANILLO DOBLE O,4,2277100,26
112019,2025,Abril,4,ROLLO BOPP MATE 695 MM X 4000 MT 18 MIC,ANILLO DOBLE O,30,19116385,50
112020,2025,Abril,4,ROLLO HOLOGRAFICO 495 MM X 1500 MT 24 MIC,ANILLO DOBLE O,2,916835,183
112022,2025,Abril,4,ROLLO METALIZADO DORADO 495 MM X 1000 MT 22 MIC,ANILLO DOBLE O,0,0,91
112023,2025,Abril,4,ROLLO METALIZADO PLATA 495 MM X 1000 MT 22 MIC,ANILLO DOBLE O,2,649350,99
112027,2025,Abril,4,ROLLO PIEL DURAZNO 495 MM X 200 MT 28 MIC,ANILLO DOBLE O,1,161500,47
112005,2025,Abril,4,ROLLO SUPERBONDING BRILLANTE 330 MM X 500 MT 30 MIC,ANILLO DOBLE O,0,0,41
122041,2025,Abril,4,TIRA 2.1 X 64 LOOPS  12MM CAJA X 540 BLANCO,ANILLO DOBLE O,3,1333750,17
122042,2025,Abril,4,TIRA 2.1 X 64 LOOPS  12MM CAJA X 540 NEGRO,ANILLO DOBLE O,3,1333750,72
122043,2025,Abril,4,TIRA 2.1 X 64 LOOPS  12MM CAJA X 540 PLATA,ANILLO DOBLE O,0,0,56
122044,2025,Abril,4,TIRA 2.1 X 64 LOOPS  14MM CAJA X 384 BLANCO,ANILLO DOBLE O,0,0,0
122045,2025,Abril,4,TIRA 2.1 X 64 LOOPS  14MM CAJA X 384 NEGRO,ANILLO DOBLE O,10,3640000,9
122046,2025,Abril,4,TIRA 2.1 X 64 LOOPS  14MM CAJA X 384 PLATA,ANILLO DOBLE O,0,0,5
122047,2025,Abril,4,TIRA 2.1 X 64 LOOPS  16MM CAJA X 308 BLANCO,ANILLO DOBLE O,20,8489600,133
122048,2025,Abril,4,TIRA 2.1 X 64 LOOPS  16MM CAJA X 308 BRONCE,ANILLO DOBLE O,0,0,32
122049,2025,Abril,4,TIRA 2.1 X 64 LOOPS  16MM CAJA X 308 NEGRO,ANILLO DOBLE O,2,851200,131
122050,2025,Abril,4,TIRA 2.1 X 64 LOOPS  16MM CAJA X 308 PLATA,ANILLO DOBLE O,0,0,22
122051,2025,Abril,4,TIRA 2.1 X 64 LOOPS  19MM CAJA X 252 BLANCO,ANILLO DOBLE O,9,4258800,3
122052,2025,Abril,4,TIRA 2.1 X 64 LOOPS  19MM CAJA X 252 BRONCE,ANILLO DOBLE O,0,0,28
122053,2025,Abril,4,TIRA 2.1 X 64 LOOPS  19MM CAJA X 252 NEGRO,ANILLO DOBLE O,9,4233600,35
122054,2025,Abril,4,TIRA 2.1 X 64 LOOPS  19MM CAJA X 252 PLATA,ANILLO DOBLE O,0,0,39
122055,2025,Abril,4,TIRA 2.1 X 64 LOOPS  22MM CAJA X 192 BLANCO,ANILLO DOBLE O,1,462650,23
122056,2025,Abril,4,TIRA 2.1 X 64 LOOPS  22MM CAJA X 192 BRONCE,ANILLO DOBLE O,0,0,30
122057,2025,Abril,4,TIRA 2.1 X 64 LOOPS  22MM CAJA X 192 NEGRO,ANILLO DOBLE O,11,4838300,10
122058,2025,Abril,4,TIRA 2.1 X 64 LOOPS  22MM CAJA X 192 PLATA,ANILLO DOBLE O,0,0,29
122059,2025,Abril,4,TIRA 2.1 X 64 LOOPS  25MM CAJA X 140 BLANCO,ANILLO DOBLE O,2,717400,52
122077,2025,Abril,4,TIRA 2.1 X 64 LOOPS  25MM CAJA X 140 BRONCE,ANILLO DOBLE O,0,0,17
122060,2025,Abril,4,TIRA 2.1 X 64 LOOPS  25MM CAJA X 140 NEGRO,ANILLO DOBLE O,0,0,50
122061,2025,Abril,4,TIRA 2.1 X 64 LOOPS  25MM CAJA X 140 PLATA,ANILLO DOBLE O,0,0,33
122062,2025,Abril,4,TIRA 2.1 X 64 LOOPS  28MM CAJA X 96 BLANCO,ANILLO DOBLE O,0,0,77
122063,2025,Abril,4,TIRA 2.1 X 64 LOOPS  28MM CAJA X 96 NEGRO,ANILLO DOBLE O,0,0,49
122064,2025,Abril,4,TIRA 2.1 X 64 LOOPS  28MM CAJA X 96 PLATA,ANILLO DOBLE O,0,0,60
122065,2025,Abril,4,TIRA 2.1 X 64 LOOPS  32MM CAJA X 96 BLANCO,ANILLO DOBLE O,1,443700,79
122066,2025,Abril,4,TIRA 2.1 X 64 LOOPS  32MM CAJA X 96 NEGRO,ANILLO DOBLE O,0,0,37
131008,2025,Abril,4,VARILLA MEDIA LUNA  10 CM X 100 BLANCO,ANILLO DOBLE O,0,0,2051
131007,2025,Abril,4,VARILLA MEDIA LUNA  10 CM X 100 NEGRO,ANILLO DOBLE O,0,0,824
131010,2025,Abril,4,VARILLA MEDIA LUNA  15 CM X 100 BLANCO,ANILLO DOBLE O,0,0,564
131009,2025,Abril,4,VARILLA MEDIA LUNA  15 CM X 100 NEGRO,ANILLO DOBLE O,0,0,390
131033,2025,Abril,4,VARILLA MEDIA LUNA  20 CM X 100 BLANCO,ANILLO DOBLE O,0,0,0
131034,2025,Abril,4,VARILLA MEDIA LUNA  20 CM X 100 NEGRO,ANILLO DOBLE O,0,0,304
131018,2025,Abril,4,YOYO ORIGINAL CAJA X 50 AZUL,VARIOS,10,652500,973
131019,2025,Abril,4,YOYO ORIGINAL CAJA X 50 BLANCO,VARIOS,12,783000,1345
131020,2025,Abril,4,YOYO ORIGINAL CAJA X 50 NEGRO,VARIOS,5,326250,874
131021,2025,Abril,4,YOYO ORIGINAL CAJA X 50 ROJO,VARIOS,0,0,4
131022,2025,Abril,4,YOYO ORIGINAL CAJA X 50 VERDE,VARIOS,0,0,200
131012,2025,Mayo,5,ACETATOS CARTA PAQ X 50,VARIOS,0,0,0
113001,2025,Mayo,5,BOLSILLO CARNET 60 X 90 MM 175 MIC CAJA X 100,LAMINACION,3,16500,2841
113005,2025,Mayo,5,BOLSILLO CARTA 225MM X 288MM 125 MIC CAJA X 100,LAMINACION,771,22930000,5981
113006,2025,Mayo,5,BOLSILLO CARTA 225MM X 288MM 175 MIC CAJA X 100,LAMINACION,112,4706000,471
113007,2025,Mayo,5,BOLSILLO CARTA 225MM X 288MM 250 MIC CAJA X 50,LAMINACION,250,8826000,2235
113002,2025,Mayo,5,BOLSILLO CEDULA 70 X 100 MM 175 MIC CAJA X 100,LAMINACION,205,1199250,5841
113008,2025,Mayo,5,BOLSILLO OFICIO 225MM X 337MM 125 MIC CAJA X 100,LAMINACION,284,10224000,1985
113003,2025,Mayo,5,BOLSILLO TARJETA PROPIEDAD 80 X 110 MM 175 MIC CAJA X 100,LAMINACION,160,1137600,3481
121009,2025,Mayo,5,CARATULA CARTA GRAIN PAQ X 50 AZUL,CARATULA,16,196550,2940
121010,2025,Mayo,5,CARATULA CARTA GRAIN PAQ X 50 NEGRO,CARATULA,0,0,2
121034,2025,Mayo,5,CARATULA CARTA STRIPE PAQ X 50 AMARILLO,CARATULA,30,407400,1075
121017,2025,Mayo,5,CARATULA CARTA STRIPE PAQ X 50 AZUL T-1,CARATULA,337,3917400,359
121018,2025,Mayo,5,CARATULA CARTA STRIPE PAQ X 50 AZUL T-2,CARATULA,529,6144800,2471
121019,2025,Mayo,5,CARATULA CARTA STRIPE PAQ X 50 HUMO,CARATULA,663,7622800,1577
121020,2025,Mayo,5,CARATULA CARTA STRIPE PAQ X 50 LILA,CARATULA,51,621000,584
121021,2025,Mayo,5,CARATULA CARTA STRIPE PAQ X 50 NARANJA,CARATULA,204,2290000,1456
121022,2025,Mayo,5,CARATULA CARTA STRIPE PAQ X 50 ROJO,CARATULA,88,1091300,1443
121023,2025,Mayo,5,CARATULA CARTA STRIPE PAQ X 50 TRANSPARENTE,CARATULA,3698,42472700,11302
121024,2025,Mayo,5,CARATULA CARTA STRIPE PAQ X 50 VERDE T-1,CARATULA,121,1384000,78
121025,2025,Mayo,5,CARATULA CARTA STRIPE PAQ X 50 VERDE T-2,CARATULA,345,3926300,2893
121032,2025,Mayo,5,CARATULA LEGAL STRIPE PAQ X 50 TRANSPARENTE,CARATULA,6,399000,762
121030,2025,Mayo,5,CARATULA OFICIO STRIPE PAQ X 50 TRANSPARENTE,CARATULA,1628,21616000,2172
121031,2025,Mayo,5,CARATULA OFICIO STRIPE PAQ X 50 VERDE T-2,CARATULA,0,0,0
122009,2025,Mayo,5,CARRETE  2.1   16 MM X 10500 LOOPS BLANCO,ANILLO DOBLE O,0,0,2
122010,2025,Mayo,5,CARRETE  2.1   16 MM X 10500 LOOPS NEGRO,ANILLO DOBLE O,1,298300,11
122011,2025,Mayo,5,CARRETE  2.1   16 MM X 10500 LOOPS PLATA,ANILLO DOBLE O,0,0,19
122013,2025,Mayo,5,CARRETE  2.1   19 MM X 7000 LOOPS BLANCO,ANILLO DOBLE O,0,0,0
122016,2025,Mayo,5,CARRETE  2.1   19 MM X 7000 LOOPS BRONCE,ANILLO DOBLE O,0,0,10
122014,2025,Mayo,5,CARRETE  2.1   19 MM X 7000 LOOPS NEGRO,ANILLO DOBLE O,0,0,0
122015,2025,Mayo,5,CARRETE  2.1   19 MM X 7000 LOOPS PLATA,ANILLO DOBLE O,0,0,0
122017,2025,Mayo,5,CARRETE  3.1    8 MM X 60000 LOOPS BLANCO,ANILLO DOBLE O,6,2679000,82
122018,2025,Mayo,5,CARRETE  3.1    8 MM X 60000 LOOPS NEGRO,ANILLO DOBLE O,0,0,34
122019,2025,Mayo,5,CARRETE  3.1    8 MM X 60000 LOOPS PLATA,ANILLO DOBLE O,0,0,1
122020,2025,Mayo,5,CARRETE  3.1    9 MM X 43000 LOOPS BLANCO,ANILLO DOBLE O,0,0,22
122021,2025,Mayo,5,CARRETE  3.1    9 MM X 43000 LOOPS BRONCE,ANILLO DOBLE O,0,0,25
122022,2025,Mayo,5,CARRETE  3.1    9 MM X 43000 LOOPS NEGRO,ANILLO DOBLE O,2,716400,64
122023,2025,Mayo,5,CARRETE  3.1    9 MM X 43000 LOOPS PLATA,ANILLO DOBLE O,0,0,15
122024,2025,Mayo,5,CARRETE  3.1   11 MM X 32000 LOOPS BLANCO,ANILLO DOBLE O,0,0,1
122025,2025,Mayo,5,CARRETE  3.1   11 MM X 32000 LOOPS NEGRO,ANILLO DOBLE O,0,0,54
122026,2025,Mayo,5,CARRETE  3.1   12 MM X 24000 LOOPS BLANCO,ANILLO DOBLE O,0,0,0
122027,2025,Mayo,5,CARRETE  3.1   12 MM X 24000 LOOPS NEGRO,ANILLO DOBLE O,0,0,56
122028,2025,Mayo,5,CARRETE  3.1   12 MM X 24000 LOOPS PLATA,ANILLO DOBLE O,0,0,3
122029,2025,Mayo,5,CARRETE  3.1   14 MM X 19300 LOOPS BLANCO,ANILLO DOBLE O,0,0,0
122030,2025,Mayo,5,CARRETE  3.1   14 MM X 19300 LOOPS NEGRO,ANILLO DOBLE O,0,0,21
122031,2025,Mayo,5,CARRETE  3.1   14 MM X 19300 LOOPS PLATA,ANILLO DOBLE O,0,0,3
122081,2025,Mayo,5,DOBLE O CARTA 2.1    8 MM  CAJA X 100 BLANCO,ANILLO DOBLE O,6,156000,417
122082,2025,Mayo,5,DOBLE O CARTA 2.1    8 MM  CAJA X 100 NEGRO,ANILLO DOBLE O,0,0,146
122083,2025,Mayo,5,DOBLE O CARTA 2.1    9 MM  CAJA X 100 BLANCO,ANILLO DOBLE O,14,380800,321
122084,2025,Mayo,5,DOBLE O CARTA 2.1    9 MM  CAJA X 100 NEGRO,ANILLO DOBLE O,5,140000,198
122085,2025,Mayo,5,DOBLE O CARTA 2.1   12 MM  CAJA X 100 BLANCO,ANILLO DOBLE O,0,0,0
122086,2025,Mayo,5,DOBLE O CARTA 2.1   12 MM  CAJA X 100 NEGRO,ANILLO DOBLE O,0,0,0
122087,2025,Mayo,5,DOBLE O CARTA 2.1   14 MM  CAJA X 100 BLANCO,ANILLO DOBLE O,12,556800,212
122088,2025,Mayo,5,DOBLE O CARTA 2.1   14 MM  CAJA X 100 NEGRO,ANILLO DOBLE O,0,0,58
122089,2025,Mayo,5,DOBLE O CARTA 2.1   16 MM  CAJA X 50 BLANCO,ANILLO DOBLE O,30,852600,257
122090,2025,Mayo,5,DOBLE O CARTA 2.1   16 MM  CAJA X 50 NEGRO,ANILLO DOBLE O,0,0,0
122091,2025,Mayo,5,DOBLE O CARTA 2.1   19 MM  CAJA X 50 BLANCO,ANILLO DOBLE O,0,0,0
122112,2025,Mayo,5,DOBLE O CARTA 2.1   19 MM  CAJA X 50 BRONCE,ANILLO DOBLE O,7,273000,55
122092,2025,Mayo,5,DOBLE O CARTA 2.1   19 MM  CAJA X 50 NEGRO,ANILLO DOBLE O,0,0,0
122093,2025,Mayo,5,DOBLE O CARTA 2.1   22 MM  CAJA X 50 BLANCO,ANILLO DOBLE O,14,672000,94
122094,2025,Mayo,5,DOBLE O CARTA 2.1   22 MM  CAJA X 50 NEGRO,ANILLO DOBLE O,7,336000,148
122095,2025,Mayo,5,DOBLE O CARTA 2.1   25 MM  CAJA X 50 BLANCO,ANILLO DOBLE O,3,168000,127
122096,2025,Mayo,5,DOBLE O CARTA 2.1   25 MM  CAJA X 50 NEGRO,ANILLO DOBLE O,2,112000,224
122097,2025,Mayo,5,DOBLE O CARTA 2.1   28 MM  CAJA X 30 BLANCO,ANILLO DOBLE O,1,62000,351
122098,2025,Mayo,5,DOBLE O CARTA 2.1   28 MM  CAJA X 30 NEGRO,ANILLO DOBLE O,13,806000,308
122099,2025,Mayo,5,DOBLE O CARTA 2.1   32 MM  CAJA X 30 BLANCO,ANILLO DOBLE O,0,0,403
122100,2025,Mayo,5,DOBLE O CARTA 2.1   32 MM  CAJA X 30 NEGRO,ANILLO DOBLE O,0,0,143
122101,2025,Mayo,5,DOBLE O CARTA 3.1    8 MM   CAJA X 100 BLANCO,ANILLO DOBLE O,0,0,618
122102,2025,Mayo,5,DOBLE O CARTA 3.1    8 MM  CAJA X 100 NEGRO,ANILLO DOBLE O,2,52000,394
122103,2025,Mayo,5,DOBLE O CARTA 3.1    9 MM  CAJA X 100 BLANCO,ANILLO DOBLE O,5,134400,423
122104,2025,Mayo,5,DOBLE O CARTA 3.1    9 MM  CAJA X 100 NEGRO,ANILLO DOBLE O,0,0,0
122105,2025,Mayo,5,DOBLE O CARTA 3.1   11 MM  CAJA X 100 BLANCO,ANILLO DOBLE O,0,0,358
122106,2025,Mayo,5,DOBLE O CARTA 3.1   11 MM  CAJA X 100 NEGRO,ANILLO DOBLE O,1,34000,21
122108,2025,Mayo,5,DOBLE O CARTA 3.1   12 MM  CAJA X 100 BLANCO,ANILLO DOBLE O,3,116850,666
122107,2025,Mayo,5,DOBLE O CARTA 3.1   12 MM  CAJA X 100 NEGRO,ANILLO DOBLE O,1,41000,216
122109,2025,Mayo,5,DOBLE O CARTA 3.1   12 MM  CAJA X 100 PLATA,ANILLO DOBLE O,0,0,154
122110,2025,Mayo,5,DOBLE O CARTA 3.1   14 MM  CAJA X 100 BLANCO,ANILLO DOBLE O,1,48000,325
122111,2025,Mayo,5,DOBLE O CARTA 3.1   14 MM  CAJA X 100 NEGRO,ANILLO DOBLE O,1,48000,73
112031,2025,Mayo,5,FOIL S1 (101) 640 MM X 120 MT 12 MIC DORADO,LAMINACION,0,0,0
112032,2025,Mayo,5,FOIL S1 (120) 640 MM X 120 MT 12 MIC PLATA,LAMINACION,3,163300,89
112033,2025,Mayo,5,FOIL S2 (101) 640 MM X 120 MT 12 MIC DORADO,LAMINACION,21,1227000,926
112034,2025,Mayo,5,FOIL S2 (120) 640 MM X 120 MT 12 MIC PLATA,LAMINACION,5,289100,390
112036,2025,Mayo,5,FOIL S4 (S15) 640 MM X 120 MT 12 MIC PLATA HOLOGRAFICO,LAMINACION,0,0,96
112035,2025,Mayo,5,FOIL S4 (SA18) 640 MM X 120 MT 12 MIC DORADO HOLOGRAFICO,LAMINACION,0,0,106
111001,2025,Mayo,5,ROLLO 113 MM X 60 MTS 175 MICRAS,LAMINACION,50,1440000,1098
111002,2025,Mayo,5,ROLLO 113 MM X 60 MTS 250 MICRAS,LAMINACION,6,232200,75
111003,2025,Mayo,5,ROLLO 226 MM X 60 MTS 125 MICRAS,LAMINACION,42,1771600,49
111004,2025,Mayo,5,ROLLO 226 MM X 60 MTS 175 MICRAS,LAMINACION,2,136000,123
111005,2025,Mayo,5,ROLLO 226 MM X 60 MTS 250 MICRAS,LAMINACION,11,803600,0
111007,2025,Mayo,5,ROLLO 300 MM X 60 MTS 125 MICRAS,LAMINACION,36,2126600,403
111008,2025,Mayo,5,ROLLO 300 MM X 60 MTS 250 MICRAS,LAMINACION,11,1242000,251
111018,2025,Mayo,5,ROLLO 350 MM X 60 MTS 250 MICRAS,LAMINACION,4,494000,159
111010,2025,Mayo,5,ROLLO 375 MM X 60 MTS 125 MICRAS,LAMINACION,0,0,299
111013,2025,Mayo,5,ROLLO 375 MM X 75 MTS 75 MICRAS MATTE,PLASTIFICACION,0,0,114
111019,2025,Mayo,5,ROLLO 540 MM X 60 MTS 125 MICRAS,PLASTIFICACION,0,0,252
111020,2025,Mayo,5,ROLLO 540 MM X 60 MTS 175 MICRAS,PLASTIFICACION,0,0,252
111016,2025,Mayo,5,ROLLO 680 MM X 60 MTS 125 MICRAS BRILLANTE,PLASTIFICACION,26,4330000,225
112001,2025,Mayo,5,ROLLO BOPP BRILLANTE 250 MM X 4000 MT 18 MIC,PLASTIFICACION,20,5128305,27
112002,2025,Mayo,5,ROLLO BOPP BRILLANTE 300 MM X 4000 MT 18 MIC,PLASTIFICACION,14,4138790,80
112003,2025,Mayo,5,ROLLO BOPP BRILLANTE 330 MM X 200 MT 23 MIC,PLASTIFICACION,33,1912600,300
112006,2025,Mayo,5,ROLLO BOPP BRILLANTE 345 MM X 4000 MT 18 MIC,PLASTIFICACION,28,9695908,153
112026,2025,Mayo,5,ROLLO BOPP BRILLANTE 400 MM X 4000 MT 18 MIC,PLASTIFICACION,2,805200,72
112007,2025,Mayo,5,ROLLO BOPP BRILLANTE 445 MM X 4000 MT 18 MIC,PLASTIFICACION,12,5320070,24
112008,2025,Mayo,5,ROLLO BOPP BRILLANTE 495 MM X 4000 MT 18 MIC,PLASTIFICACION,60,30733550,64
112028,2025,Mayo,5,ROLLO BOPP BRILLANTE 595 MM X 4000 MT 18 MIC,PLASTIFICACION,8,4075110,67
112009,2025,Mayo,5,ROLLO BOPP BRILLANTE 695 MM X 4000 MT 18 MIC,PLASTIFICACION,1,507870,2
112024,2025,Mayo,5,ROLLO BOPP MATE 200 MM X 4000 MT 18 MIC,PLASTIFICACION,4,724230,46
112010,2025,Mayo,5,ROLLO BOPP MATE 250 MM X 4000 MT 18 MIC,PLASTIFICACION,13,3078400,139
112011,2025,Mayo,5,ROLLO BOPP MATE 300 MM X 4000 MT 18 MIC,PLASTIFICACION,20,5610575,136
112012,2025,Mayo,5,ROLLO BOPP MATE 330 MM X 200 MT 23 MIC,PLASTIFICACION,25,1410000,373
112021,2025,Mayo,5,ROLLO BOPP MATE 330 MM X 4000 MT 18 MIC,PLASTIFICACION,1,286750,6
112013,2025,Mayo,5,ROLLO BOPP MATE 330 MM X 500 MT 22 MIC,PLASTIFICACION,3,430000,152
112015,2025,Mayo,5,ROLLO BOPP MATE 345 MM X 4000 MT 18 MIC,PLASTIFICACION,43,13873955,6
112025,2025,Mayo,5,ROLLO BOPP MATE 400 MM X 4000 MT 18 MIC,PLASTIFICACION,25,8983290,28
112016,2025,Mayo,5,ROLLO BOPP MATE 445 MM X 4000 MT 18 MIC,PLASTIFICACION,38,15741875,29
112017,2025,Mayo,5,ROLLO BOPP MATE 495 MM X 4000 MT 18 MIC,PLASTIFICACION,112,51554920,8
112018,2025,Mayo,5,ROLLO BOPP MATE 595 MM X 4000 MT 18 MIC,ANILLO DOBLE O,24,12776115,2
112019,2025,Mayo,5,ROLLO BOPP MATE 695 MM X 4000 MT 18 MIC,ANILLO DOBLE O,49,26058850,1
112020,2025,Mayo,5,ROLLO HOLOGRAFICO 495 MM X 1500 MT 24 MIC,ANILLO DOBLE O,3,1305435,181
112022,2025,Mayo,5,ROLLO METALIZADO DORADO 495 MM X 1000 MT 22 MIC,ANILLO DOBLE O,2,788800,89
112023,2025,Mayo,5,ROLLO METALIZADO PLATA 495 MM X 1000 MT 22 MIC,ANILLO DOBLE O,6,1818700,93
112027,2025,Mayo,5,ROLLO PIEL DURAZNO 495 MM X 200 MT 28 MIC,ANILLO DOBLE O,8,1303634,39
112005,2025,Mayo,5,ROLLO SUPERBONDING BRILLANTE 330 MM X 500 MT 30 MIC,ANILLO DOBLE O,2,413750,39
122041,2025,Mayo,5,TIRA 2.1 X 64 LOOPS  12MM CAJA X 540 BLANCO,ANILLO DOBLE O,4,1770250,13
122042,2025,Mayo,5,TIRA 2.1 X 64 LOOPS  12MM CAJA X 540 NEGRO,ANILLO DOBLE O,1,460750,71
122043,2025,Mayo,5,TIRA 2.1 X 64 LOOPS  12MM CAJA X 540 PLATA,ANILLO DOBLE O,0,0,56
122044,2025,Mayo,5,TIRA 2.1 X 64 LOOPS  14MM CAJA X 384 BLANCO,ANILLO DOBLE O,0,0,0
122045,2025,Mayo,5,TIRA 2.1 X 64 LOOPS  14MM CAJA X 384 NEGRO,ANILLO DOBLE O,1,432250,8
122046,2025,Mayo,5,TIRA 2.1 X 64 LOOPS  14MM CAJA X 384 PLATA,ANILLO DOBLE O,0,0,5
122047,2025,Mayo,5,TIRA 2.1 X 64 LOOPS  16MM CAJA X 308 BLANCO,ANILLO DOBLE O,17,7011200,116
122048,2025,Mayo,5,TIRA 2.1 X 64 LOOPS  16MM CAJA X 308 BRONCE,ANILLO DOBLE O,1,489250,31
122049,2025,Mayo,5,TIRA 2.1 X 64 LOOPS  16MM CAJA X 308 NEGRO,ANILLO DOBLE O,6,2553600,125
122050,2025,Mayo,5,TIRA 2.1 X 64 LOOPS  16MM CAJA X 308 PLATA,ANILLO DOBLE O,1,437750,21
122051,2025,Mayo,5,TIRA 2.1 X 64 LOOPS  19MM CAJA X 252 BLANCO,ANILLO DOBLE O,3,1436400,0
122052,2025,Mayo,5,TIRA 2.1 X 64 LOOPS  19MM CAJA X 252 BRONCE,ANILLO DOBLE O,1,551000,27
122053,2025,Mayo,5,TIRA 2.1 X 64 LOOPS  19MM CAJA X 252 NEGRO,ANILLO DOBLE O,2,957600,33
122054,2025,Mayo,5,TIRA 2.1 X 64 LOOPS  19MM CAJA X 252 PLATA,ANILLO DOBLE O,0,0,39
122055,2025,Mayo,5,TIRA 2.1 X 64 LOOPS  22MM CAJA X 192 BLANCO,ANILLO DOBLE O,2,827900,21
122056,2025,Mayo,5,TIRA 2.1 X 64 LOOPS  22MM CAJA X 192 BRONCE,ANILLO DOBLE O,1,560000,29
122057,2025,Mayo,5,TIRA 2.1 X 64 LOOPS  22MM CAJA X 192 NEGRO,ANILLO DOBLE O,5,2147900,5
122058,2025,Mayo,5,TIRA 2.1 X 64 LOOPS  22MM CAJA X 192 PLATA,ANILLO DOBLE O,0,0,29
122059,2025,Mayo,5,TIRA 2.1 X 64 LOOPS  25MM CAJA X 140 BLANCO,ANILLO DOBLE O,0,0,52
122077,2025,Mayo,5,TIRA 2.1 X 64 LOOPS  25MM CAJA X 140 BRONCE,ANILLO DOBLE O,0,0,17
122060,2025,Mayo,5,TIRA 2.1 X 64 LOOPS  25MM CAJA X 140 NEGRO,ANILLO DOBLE O,0,0,50
122061,2025,Mayo,5,TIRA 2.1 X 64 LOOPS  25MM CAJA X 140 PLATA,ANILLO DOBLE O,0,0,33
122062,2025,Mayo,5,TIRA 2.1 X 64 LOOPS  28MM CAJA X 96 BLANCO,ANILLO DOBLE O,0,0,77
122063,2025,Mayo,5,TIRA 2.1 X 64 LOOPS  28MM CAJA X 96 NEGRO,ANILLO DOBLE O,0,0,49
122064,2025,Mayo,5,TIRA 2.1 X 64 LOOPS  28MM CAJA X 96 PLATA,ANILLO DOBLE O,0,0,60
122065,2025,Mayo,5,TIRA 2.1 X 64 LOOPS  32MM CAJA X 96 BLANCO,ANILLO DOBLE O,0,0,79
122066,2025,Mayo,5,TIRA 2.1 X 64 LOOPS  32MM CAJA X 96 NEGRO,ANILLO DOBLE O,0,0,37
131008,2025,Mayo,5,VARILLA MEDIA LUNA  10 CM X 100 BLANCO,ANILLO DOBLE O,0,0,2051
131007,2025,Mayo,5,VARILLA MEDIA LUNA  10 CM X 100 NEGRO,ANILLO DOBLE O,0,0,824
131010,2025,Mayo,5,VARILLA MEDIA LUNA  15 CM X 100 BLANCO,ANILLO DOBLE O,0,0,564
131009,2025,Mayo,5,VARILLA MEDIA LUNA  15 CM X 100 NEGRO,ANILLO DOBLE O,0,0,390
131033,2025,Mayo,5,VARILLA MEDIA LUNA  20 CM X 100 BLANCO,ANILLO DOBLE O,0,0,0
131034,2025,Mayo,5,VARILLA MEDIA LUNA  20 CM X 100 NEGRO,ANILLO DOBLE O,0,0,304
131018,2025,Mayo,5,YOYO ORIGINAL CAJA X 50 AZUL,VARIOS,39,2307000,934
131019,2025,Mayo,5,YOYO ORIGINAL CAJA X 50 BLANCO,VARIOS,101,5810000,1244
131020,2025,Mayo,5,YOYO ORIGINAL CAJA X 50 NEGRO,VARIOS,1,60000,873
131021,2025,Mayo,5,YOYO ORIGINAL CAJA X 50 ROJO,VARIOS,1,60000,3
131022,2025,Mayo,5,YOYO ORIGINAL CAJA X 50 VERDE,VARIOS,1,60000,199
131012,2025,Junio,6,ACETATOS CARTA PAQ X 50,VARIOS,0,0,0
113001,2025,Junio,6,BOLSILLO CARNET 60 X 90 MM 175 MIC CAJA X 100,LAMINACION,4,22000,2837
113005,2025,Junio,6,BOLSILLO CARTA 225MM X 288MM 125 MIC CAJA X 100,LAMINACION,1478,35202500,6503
113006,2025,Junio,6,BOLSILLO CARTA 225MM X 288MM 175 MIC CAJA X 100,LAMINACION,275,8559000,1196
113007,2025,Junio,6,BOLSILLO CARTA 225MM X 288MM 250 MIC CAJA X 50,LAMINACION,55,1925000,2180
113002,2025,Junio,6,BOLSILLO CEDULA 70 X 100 MM 175 MIC CAJA X 100,LAMINACION,1,6500,8840
113008,2025,Junio,6,BOLSILLO OFICIO 225MM X 337MM 125 MIC CAJA X 100,LAMINACION,737,21264000,2248
113003,2025,Junio,6,BOLSILLO TARJETA PROPIEDAD 80 X 110 MM 175 MIC CAJA X 100,LAMINACION,26,197500,5455
121009,2025,Junio,6,CARATULA CARTA GRAIN PAQ X 50 AZUL,CARATULA,50,630000,2890
121010,2025,Junio,6,CARATULA CARTA GRAIN PAQ X 50 NEGRO,CARATULA,0,0,2
121034,2025,Junio,6,CARATULA CARTA STRIPE PAQ X 50 AMARILLO,CARATULA,22,275600,1053
121017,2025,Junio,6,CARATULA CARTA STRIPE PAQ X 50 AZUL T-1,CARATULA,20,252000,339
121018,2025,Junio,6,CARATULA CARTA STRIPE PAQ X 50 AZUL T-2,CARATULA,122,1537600,2349
121019,2025,Junio,6,CARATULA CARTA STRIPE PAQ X 50 HUMO,CARATULA,186,2349600,1391
121020,2025,Junio,6,CARATULA CARTA STRIPE PAQ X 50 LILA,CARATULA,44,552000,540
121021,2025,Junio,6,CARATULA CARTA STRIPE PAQ X 50 NARANJA,CARATULA,2,26000,1454
121022,2025,Junio,6,CARATULA CARTA STRIPE PAQ X 50 ROJO,CARATULA,33,417000,1410
121023,2025,Junio,6,CARATULA CARTA STRIPE PAQ X 50 TRANSPARENTE,CARATULA,848,10695600,10454
121024,2025,Junio,6,CARATULA CARTA STRIPE PAQ X 50 VERDE T-1,CARATULA,1,13000,77
121025,2025,Junio,6,CARATULA CARTA STRIPE PAQ X 50 VERDE T-2,CARATULA,26,332000,2867
121032,2025,Junio,6,CARATULA LEGAL STRIPE PAQ X 50 TRANSPARENTE,CARATULA,10,640850,752
121030,2025,Junio,6,CARATULA OFICIO STRIPE PAQ X 50 TRANSPARENTE,CARATULA,122,1763000,2050
121031,2025,Junio,6,CARATULA OFICIO STRIPE PAQ X 50 VERDE T-2,CARATULA,0,0,0
122009,2025,Junio,6,CARRETE  2.1   16 MM X 10500 LOOPS BLANCO,ANILLO DOBLE O,0,0,32
122010,2025,Junio,6,CARRETE  2.1   16 MM X 10500 LOOPS NEGRO,ANILLO DOBLE O,1,298300,20
122011,2025,Junio,6,CARRETE  2.1   16 MM X 10500 LOOPS PLATA,ANILLO DOBLE O,0,0,19
122013,2025,Junio,6,CARRETE  2.1   19 MM X 7000 LOOPS BLANCO,ANILLO DOBLE O,0,0,30
122016,2025,Junio,6,CARRETE  2.1   19 MM X 7000 LOOPS BRONCE,ANILLO DOBLE O,0,0,10
122014,2025,Junio,6,CARRETE  2.1   19 MM X 7000 LOOPS NEGRO,ANILLO DOBLE O,0,0,20
122015,2025,Junio,6,CARRETE  2.1   19 MM X 7000 LOOPS PLATA,ANILLO DOBLE O,0,0,20
122017,2025,Junio,6,CARRETE  3.1    8 MM X 60000 LOOPS BLANCO,ANILLO DOBLE O,0,0,82
122018,2025,Junio,6,CARRETE  3.1    8 MM X 60000 LOOPS NEGRO,ANILLO DOBLE O,0,0,34
122019,2025,Junio,6,CARRETE  3.1    8 MM X 60000 LOOPS PLATA,ANILLO DOBLE O,0,0,1
122020,2025,Junio,6,CARRETE  3.1    9 MM X 43000 LOOPS BLANCO,ANILLO DOBLE O,0,0,62
122021,2025,Junio,6,CARRETE  3.1    9 MM X 43000 LOOPS BRONCE,ANILLO DOBLE O,0,0,25
122022,2025,Junio,6,CARRETE  3.1    9 MM X 43000 LOOPS NEGRO,ANILLO DOBLE O,0,0,64
122023,2025,Junio,6,CARRETE  3.1    9 MM X 43000 LOOPS PLATA,ANILLO DOBLE O,0,0,35
122024,2025,Junio,6,CARRETE  3.1   11 MM X 32000 LOOPS BLANCO,ANILLO DOBLE O,0,0,41
122025,2025,Junio,6,CARRETE  3.1   11 MM X 32000 LOOPS NEGRO,ANILLO DOBLE O,0,0,54
122026,2025,Junio,6,CARRETE  3.1   12 MM X 24000 LOOPS BLANCO,ANILLO DOBLE O,1,342000,49
122027,2025,Junio,6,CARRETE  3.1   12 MM X 24000 LOOPS NEGRO,ANILLO DOBLE O,0,0,56
122028,2025,Junio,6,CARRETE  3.1   12 MM X 24000 LOOPS PLATA,ANILLO DOBLE O,0,0,23
122029,2025,Junio,6,CARRETE  3.1   14 MM X 19300 LOOPS BLANCO,ANILLO DOBLE O,2,648000,33
122030,2025,Junio,6,CARRETE  3.1   14 MM X 19300 LOOPS NEGRO,ANILLO DOBLE O,0,0,21
122031,2025,Junio,6,CARRETE  3.1   14 MM X 19300 LOOPS PLATA,ANILLO DOBLE O,0,0,23
122081,2025,Junio,6,DOBLE O CARTA 2.1    8 MM  CAJA X 100 BLANCO,ANILLO DOBLE O,1,26000,516
122082,2025,Junio,6,DOBLE O CARTA 2.1    8 MM  CAJA X 100 NEGRO,ANILLO DOBLE O,7,182000,139
122083,2025,Junio,6,DOBLE O CARTA 2.1    9 MM  CAJA X 100 BLANCO,ANILLO DOBLE O,2,56000,319
122084,2025,Junio,6,DOBLE O CARTA 2.1    9 MM  CAJA X 100 NEGRO,ANILLO DOBLE O,11,287000,192
122085,2025,Junio,6,DOBLE O CARTA 2.1   12 MM  CAJA X 100 BLANCO,ANILLO DOBLE O,3,114000,197
122086,2025,Junio,6,DOBLE O CARTA 2.1   12 MM  CAJA X 100 NEGRO,ANILLO DOBLE O,1,38000,99
122087,2025,Junio,6,DOBLE O CARTA 2.1   14 MM  CAJA X 100 BLANCO,ANILLO DOBLE O,2,96000,210
122088,2025,Junio,6,DOBLE O CARTA 2.1   14 MM  CAJA X 100 NEGRO,ANILLO DOBLE O,0,0,58
122089,2025,Junio,6,DOBLE O CARTA 2.1   16 MM  CAJA X 50 BLANCO,ANILLO DOBLE O,94,2509950,163
122090,2025,Junio,6,DOBLE O CARTA 2.1   16 MM  CAJA X 50 NEGRO,ANILLO DOBLE O,23,606100,127
122091,2025,Junio,6,DOBLE O CARTA 2.1   19 MM  CAJA X 50 BLANCO,ANILLO DOBLE O,6,230100,294
122112,2025,Junio,6,DOBLE O CARTA 2.1   19 MM  CAJA X 50 BRONCE,ANILLO DOBLE O,0,0,55
122092,2025,Junio,6,DOBLE O CARTA 2.1   19 MM  CAJA X 50 NEGRO,ANILLO DOBLE O,14,483600,136
122093,2025,Junio,6,DOBLE O CARTA 2.1   22 MM  CAJA X 50 BLANCO,ANILLO DOBLE O,11,504000,183
122094,2025,Junio,6,DOBLE O CARTA 2.1   22 MM  CAJA X 50 NEGRO,ANILLO DOBLE O,12,552000,136
122095,2025,Junio,6,DOBLE O CARTA 2.1   25 MM  CAJA X 50 BLANCO,ANILLO DOBLE O,1,56000,226
122096,2025,Junio,6,DOBLE O CARTA 2.1   25 MM  CAJA X 50 NEGRO,ANILLO DOBLE O,0,0,224
122097,2025,Junio,6,DOBLE O CARTA 2.1   28 MM  CAJA X 30 BLANCO,ANILLO DOBLE O,2,124000,349
122098,2025,Junio,6,DOBLE O CARTA 2.1   28 MM  CAJA X 30 NEGRO,ANILLO DOBLE O,11,682000,297
122099,2025,Junio,6,DOBLE O CARTA 2.1   32 MM  CAJA X 30 BLANCO,ANILLO DOBLE O,0,0,403
122100,2025,Junio,6,DOBLE O CARTA 2.1   32 MM  CAJA X 30 NEGRO,ANILLO DOBLE O,10,674500,133
122101,2025,Junio,6,DOBLE O CARTA 3.1    8 MM   CAJA X 100 BLANCO,ANILLO DOBLE O,0,0,618
122102,2025,Junio,6,DOBLE O CARTA 3.1    8 MM  CAJA X 100 NEGRO,ANILLO DOBLE O,5,130000,389
122103,2025,Junio,6,DOBLE O CARTA 3.1    9 MM  CAJA X 100 BLANCO,ANILLO DOBLE O,0,0,423
122104,2025,Junio,6,DOBLE O CARTA 3.1    9 MM  CAJA X 100 NEGRO,ANILLO DOBLE O,15,378000,185
122105,2025,Junio,6,DOBLE O CARTA 3.1   11 MM  CAJA X 100 BLANCO,ANILLO DOBLE O,0,0,358
122106,2025,Junio,6,DOBLE O CARTA 3.1   11 MM  CAJA X 100 NEGRO,ANILLO DOBLE O,2,68000,119
122108,2025,Junio,6,DOBLE O CARTA 3.1   12 MM  CAJA X 100 BLANCO,ANILLO DOBLE O,0,0,666
122107,2025,Junio,6,DOBLE O CARTA 3.1   12 MM  CAJA X 100 NEGRO,ANILLO DOBLE O,12,430500,204
122109,2025,Junio,6,DOBLE O CARTA 3.1   12 MM  CAJA X 100 PLATA,ANILLO DOBLE O,0,0,154
122110,2025,Junio,6,DOBLE O CARTA 3.1   14 MM  CAJA X 100 BLANCO,ANILLO DOBLE O,0,0,325
122111,2025,Junio,6,DOBLE O CARTA 3.1   14 MM  CAJA X 100 NEGRO,ANILLO DOBLE O,2,96000,71
112031,2025,Junio,6,FOIL S1 (101) 640 MM X 120 MT 12 MIC DORADO,LAMINACION,0,0,0
112032,2025,Junio,6,FOIL S1 (120) 640 MM X 120 MT 12 MIC PLATA,LAMINACION,0,0,89
112033,2025,Junio,6,FOIL S2 (101) 640 MM X 120 MT 12 MIC DORADO,LAMINACION,9,510250,918
112034,2025,Junio,6,FOIL S2 (120) 640 MM X 120 MT 12 MIC PLATA,LAMINACION,4,236000,386
112036,2025,Junio,6,FOIL S4 (S15) 640 MM X 120 MT 12 MIC PLATA HOLOGRAFICO,LAMINACION,0,0,96
112035,2025,Junio,6,FOIL S4 (SA18) 640 MM X 120 MT 12 MIC DORADO HOLOGRAFICO,LAMINACION,0,0,106
111001,2025,Junio,6,ROLLO 113 MM X 60 MTS 175 MICRAS,LAMINACION,37,1081600,1061
111002,2025,Junio,6,ROLLO 113 MM X 60 MTS 250 MICRAS,LAMINACION,1,43000,74
111003,2025,Junio,6,ROLLO 226 MM X 60 MTS 125 MICRAS,LAMINACION,648,17077200,3001
111004,2025,Junio,6,ROLLO 226 MM X 60 MTS 175 MICRAS,LAMINACION,6,401200,317
111005,2025,Junio,6,ROLLO 226 MM X 60 MTS 250 MICRAS,LAMINACION,26,1854000,274
111007,2025,Junio,6,ROLLO 300 MM X 60 MTS 125 MICRAS,LAMINACION,30,1711200,373
111008,2025,Junio,6,ROLLO 300 MM X 60 MTS 250 MICRAS,LAMINACION,5,575000,246
111018,2025,Junio,6,ROLLO 350 MM X 60 MTS 250 MICRAS,LAMINACION,0,0,159
111010,2025,Junio,6,ROLLO 375 MM X 60 MTS 125 MICRAS,LAMINACION,0,0,399
111013,2025,Junio,6,ROLLO 375 MM X 75 MTS 75 MICRAS MATTE,PLASTIFICACION,0,0,114
111019,2025,Junio,6,ROLLO 540 MM X 60 MTS 125 MICRAS,PLASTIFICACION,0,0,252
111020,2025,Junio,6,ROLLO 540 MM X 60 MTS 175 MICRAS,PLASTIFICACION,0,0,252
111016,2025,Junio,6,ROLLO 680 MM X 60 MTS 125 MICRAS BRILLANTE,PLASTIFICACION,12,1821250,313
112001,2025,Junio,6,ROLLO BOPP BRILLANTE 250 MM X 4000 MT 18 MIC,PLASTIFICACION,15,3859680,12
112002,2025,Junio,6,ROLLO BOPP BRILLANTE 300 MM X 4000 MT 18 MIC,PLASTIFICACION,15,4427855,65
112003,2025,Junio,6,ROLLO BOPP BRILLANTE 330 MM X 200 MT 23 MIC,PLASTIFICACION,41,2271400,259
112006,2025,Junio,6,ROLLO BOPP BRILLANTE 345 MM X 4000 MT 18 MIC,PLASTIFICACION,29,10153180,125
112026,2025,Junio,6,ROLLO BOPP BRILLANTE 400 MM X 4000 MT 18 MIC,PLASTIFICACION,4,1586935,68
112007,2025,Junio,6,ROLLO BOPP BRILLANTE 445 MM X 4000 MT 18 MIC,PLASTIFICACION,19,8618575,9
112008,2025,Junio,6,ROLLO BOPP BRILLANTE 495 MM X 4000 MT 18 MIC,PLASTIFICACION,64,31938510,3
112028,2025,Junio,6,ROLLO BOPP BRILLANTE 595 MM X 4000 MT 18 MIC,PLASTIFICACION,7,3747560,64
112009,2025,Junio,6,ROLLO BOPP BRILLANTE 695 MM X 4000 MT 18 MIC,PLASTIFICACION,0,0,2
112024,2025,Junio,6,ROLLO BOPP MATE 200 MM X 4000 MT 18 MIC,PLASTIFICACION,3,568140,43
112010,2025,Junio,6,ROLLO BOPP MATE 250 MM X 4000 MT 18 MIC,PLASTIFICACION,19,4401580,121
112011,2025,Junio,6,ROLLO BOPP MATE 300 MM X 4000 MT 18 MIC,PLASTIFICACION,11,3112740,125
112012,2025,Junio,6,ROLLO BOPP MATE 330 MM X 200 MT 23 MIC,PLASTIFICACION,48,2650000,325
112021,2025,Junio,6,ROLLO BOPP MATE 330 MM X 4000 MT 18 MIC,PLASTIFICACION,0,0,6
112013,2025,Junio,6,ROLLO BOPP MATE 330 MM X 500 MT 22 MIC,PLASTIFICACION,5,742500,147
112015,2025,Junio,6,ROLLO BOPP MATE 345 MM X 4000 MT 18 MIC,PLASTIFICACION,4,1309615,2
112025,2025,Junio,6,ROLLO BOPP MATE 400 MM X 4000 MT 18 MIC,PLASTIFICACION,1,396800,27
112016,2025,Junio,6,ROLLO BOPP MATE 445 MM X 4000 MT 18 MIC,PLASTIFICACION,9,3837375,20
112017,2025,Junio,6,ROLLO BOPP MATE 495 MM X 4000 MT 18 MIC,PLASTIFICACION,5,2260170,3
112018,2025,Junio,6,ROLLO BOPP MATE 595 MM X 4000 MT 18 MIC,ANILLO DOBLE O,0,0,2
112019,2025,Junio,6,ROLLO BOPP MATE 695 MM X 4000 MT 18 MIC,ANILLO DOBLE O,1,650430,0
112020,2025,Junio,6,ROLLO HOLOGRAFICO 495 MM X 1500 MT 24 MIC,ANILLO DOBLE O,3,1355930,178
112022,2025,Junio,6,ROLLO METALIZADO DORADO 495 MM X 1000 MT 22 MIC,ANILLO DOBLE O,1,391680,88
112023,2025,Junio,6,ROLLO METALIZADO PLATA 495 MM X 1000 MT 22 MIC,ANILLO DOBLE O,2,631800,91
112027,2025,Junio,6,ROLLO PIEL DURAZNO 495 MM X 200 MT 28 MIC,ANILLO DOBLE O,2,323000,37
112005,2025,Junio,6,ROLLO SUPERBONDING BRILLANTE 330 MM X 500 MT 30 MIC,ANILLO DOBLE O,1,200000,38
122041,2025,Junio,6,TIRA 2.1 X 64 LOOPS  12MM CAJA X 540 BLANCO,ANILLO DOBLE O,0,0,93
122042,2025,Junio,6,TIRA 2.1 X 64 LOOPS  12MM CAJA X 540 NEGRO,ANILLO DOBLE O,0,0,71
122043,2025,Junio,6,TIRA 2.1 X 64 LOOPS  12MM CAJA X 540 PLATA,ANILLO DOBLE O,0,0,56
122044,2025,Junio,6,TIRA 2.1 X 64 LOOPS  14MM CAJA X 384 BLANCO,ANILLO DOBLE O,9,3776500,71
122045,2025,Junio,6,TIRA 2.1 X 64 LOOPS  14MM CAJA X 384 NEGRO,ANILLO DOBLE O,0,0,48
122046,2025,Junio,6,TIRA 2.1 X 64 LOOPS  14MM CAJA X 384 PLATA,ANILLO DOBLE O,0,0,5
122047,2025,Junio,6,TIRA 2.1 X 64 LOOPS  16MM CAJA X 308 BLANCO,ANILLO DOBLE O,14,5779200,102
122048,2025,Junio,6,TIRA 2.1 X 64 LOOPS  16MM CAJA X 308 BRONCE,ANILLO DOBLE O,0,0,31
122049,2025,Junio,6,TIRA 2.1 X 64 LOOPS  16MM CAJA X 308 NEGRO,ANILLO DOBLE O,2,761600,123
122050,2025,Junio,6,TIRA 2.1 X 64 LOOPS  16MM CAJA X 308 PLATA,ANILLO DOBLE O,0,0,61
122051,2025,Junio,6,TIRA 2.1 X 64 LOOPS  19MM CAJA X 252 BLANCO,ANILLO DOBLE O,64,28965600,56
122052,2025,Junio,6,TIRA 2.1 X 64 LOOPS  19MM CAJA X 252 BRONCE,ANILLO DOBLE O,0,0,27
122053,2025,Junio,6,TIRA 2.1 X 64 LOOPS  19MM CAJA X 252 NEGRO,ANILLO DOBLE O,2,856800,71
122054,2025,Junio,6,TIRA 2.1 X 64 LOOPS  19MM CAJA X 252 PLATA,ANILLO DOBLE O,2,1044000,37
122055,2025,Junio,6,TIRA 2.1 X 64 LOOPS  22MM CAJA X 192 BLANCO,ANILLO DOBLE O,1,462650,60
122056,2025,Junio,6,TIRA 2.1 X 64 LOOPS  22MM CAJA X 192 BRONCE,ANILLO DOBLE O,0,0,29
122057,2025,Junio,6,TIRA 2.1 X 64 LOOPS  22MM CAJA X 192 NEGRO,ANILLO DOBLE O,0,0,5
122058,2025,Junio,6,TIRA 2.1 X 64 LOOPS  22MM CAJA X 192 PLATA,ANILLO DOBLE O,2,1008000,27
122059,2025,Junio,6,TIRA 2.1 X 64 LOOPS  25MM CAJA X 140 BLANCO,ANILLO DOBLE O,1,400900,81
122077,2025,Junio,6,TIRA 2.1 X 64 LOOPS  25MM CAJA X 140 BRONCE,ANILLO DOBLE O,0,0,17
122060,2025,Junio,6,TIRA 2.1 X 64 LOOPS  25MM CAJA X 140 NEGRO,ANILLO DOBLE O,0,0,50
122061,2025,Junio,6,TIRA 2.1 X 64 LOOPS  25MM CAJA X 140 PLATA,ANILLO DOBLE O,7,3090960,26
122062,2025,Junio,6,TIRA 2.1 X 64 LOOPS  28MM CAJA X 96 BLANCO,ANILLO DOBLE O,0,0,77
122063,2025,Junio,6,TIRA 2.1 X 64 LOOPS  28MM CAJA X 96 NEGRO,ANILLO DOBLE O,0,0,49
122064,2025,Junio,6,TIRA 2.1 X 64 LOOPS  28MM CAJA X 96 PLATA,ANILLO DOBLE O,0,0,60
122065,2025,Junio,6,TIRA 2.1 X 64 LOOPS  32MM CAJA X 96 BLANCO,ANILLO DOBLE O,0,0,79
122066,2025,Junio,6,TIRA 2.1 X 64 LOOPS  32MM CAJA X 96 NEGRO,ANILLO DOBLE O,0,0,37
131008,2025,Junio,6,VARILLA MEDIA LUNA  10 CM X 100 BLANCO,ANILLO DOBLE O,0,0,2051
131007,2025,Junio,6,VARILLA MEDIA LUNA  10 CM X 100 NEGRO,ANILLO DOBLE O,0,0,824
131010,2025,Junio,6,VARILLA MEDIA LUNA  15 CM X 100 BLANCO,ANILLO DOBLE O,0,0,564
131009,2025,Junio,6,VARILLA MEDIA LUNA  15 CM X 100 NEGRO,ANILLO DOBLE O,0,0,390
131033,2025,Junio,6,VARILLA MEDIA LUNA  20 CM X 100 BLANCO,ANILLO DOBLE O,0,0,0
131034,2025,Junio,6,VARILLA MEDIA LUNA  20 CM X 100 NEGRO,ANILLO DOBLE O,0,0,304
131018,2025,Junio,6,YOYO ORIGINAL CAJA X 50 AZUL,VARIOS,42,2430500,892
131019,2025,Junio,6,YOYO ORIGINAL CAJA X 50 BLANCO,VARIOS,48,2800400,1196
131020,2025,Junio,6,YOYO ORIGINAL CAJA X 50 NEGRO,VARIOS,4,261000,869
131021,2025,Junio,6,YOYO ORIGINAL CAJA X 50 ROJO,VARIOS,2,130500,1
131022,2025,Junio,6,YOYO ORIGINAL CAJA X 50 VERDE,VARIOS,2,130500,197
131012,2025,Julio,7,ACETATOS CARTA PAQ X 50,VARIOS,0,0,0
113001,2025,Julio,7,BOLSILLO CARNET 60 X 90 MM 175 MIC CAJA X 100,LAMINACION,12,62700,2825
113005,2025,Julio,7,BOLSILLO CARTA 225MM X 288MM 125 MIC CAJA X 100,LAMINACION,1679,41187000,4824
113006,2025,Julio,7,BOLSILLO CARTA 225MM X 288MM 175 MIC CAJA X 100,LAMINACION,52,2236000,1144
113007,2025,Julio,7,BOLSILLO CARTA 225MM X 288MM 250 MIC CAJA X 50,LAMINACION,147,5145000,2033
113002,2025,Julio,7,BOLSILLO CEDULA 70 X 100 MM 175 MIC CAJA X 100,LAMINACION,318,1887600,8522
113008,2025,Julio,7,BOLSILLO OFICIO 225MM X 337MM 125 MIC CAJA X 100,LAMINACION,279,10044000,1969
113003,2025,Julio,7,BOLSILLO TARJETA PROPIEDAD 80 X 110 MM 175 MIC CAJA X 100,LAMINACION,252,1860055,5203
121009,2025,Julio,7,CARATULA CARTA GRAIN PAQ X 50 AZUL,CARATULA,153,1905200,2737
121010,2025,Julio,7,CARATULA CARTA GRAIN PAQ X 50 NEGRO,CARATULA,0,0,2
121034,2025,Julio,7,CARATULA CARTA STRIPE PAQ X 50 AMARILLO,CARATULA,90,1163500,1963
121017,2025,Julio,7,CARATULA CARTA STRIPE PAQ X 50 AZUL T-1,CARATULA,77,970600,1762
121018,2025,Julio,7,CARATULA CARTA STRIPE PAQ X 50 AZUL T-2,CARATULA,96,1208500,4253
121019,2025,Julio,7,CARATULA CARTA STRIPE PAQ X 50 HUMO,CARATULA,143,1802100,3248
121020,2025,Julio,7,CARATULA CARTA STRIPE PAQ X 50 LILA,CARATULA,43,543200,1977
121021,2025,Julio,7,CARATULA CARTA STRIPE PAQ X 50 NARANJA,CARATULA,64,806400,1390
121022,2025,Julio,7,CARATULA CARTA STRIPE PAQ X 50 ROJO,CARATULA,72,908200,2338
121023,2025,Julio,7,CARATULA CARTA STRIPE PAQ X 50 TRANSPARENTE,CARATULA,663,8339600,15811
121024,2025,Julio,7,CARATULA CARTA STRIPE PAQ X 50 VERDE T-1,CARATULA,79,995400,1998
121025,2025,Julio,7,CARATULA CARTA STRIPE PAQ X 50 VERDE T-2,CARATULA,85,1070300,2782
121032,2025,Julio,7,CARATULA LEGAL STRIPE PAQ X 50 TRANSPARENTE,CARATULA,1,66500,751
121030,2025,Julio,7,CARATULA OFICIO STRIPE PAQ X 50 TRANSPARENTE,CARATULA,189,2719800,4861
121031,2025,Julio,7,CARATULA OFICIO STRIPE PAQ X 50 VERDE T-2,CARATULA,0,0,1540
122009,2025,Julio,7,CARRETE  2.1   16 MM X 10500 LOOPS BLANCO,ANILLO DOBLE O,6,1758000,26
122010,2025,Julio,7,CARRETE  2.1   16 MM X 10500 LOOPS NEGRO,ANILLO DOBLE O,1,314000,19
122011,2025,Julio,7,CARRETE  2.1   16 MM X 10500 LOOPS PLATA,ANILLO DOBLE O,0,0,19
122013,2025,Julio,7,CARRETE  2.1   19 MM X 7000 LOOPS BLANCO,ANILLO DOBLE O,2,554800,28
122016,2025,Julio,7,CARRETE  2.1   19 MM X 7000 LOOPS BRONCE,ANILLO DOBLE O,8,2512800,2
122014,2025,Julio,7,CARRETE  2.1   19 MM X 7000 LOOPS NEGRO,ANILLO DOBLE O,3,832200,17
122015,2025,Julio,7,CARRETE  2.1   19 MM X 7000 LOOPS PLATA,ANILLO DOBLE O,0,0,20
122017,2025,Julio,7,CARRETE  3.1    8 MM X 60000 LOOPS BLANCO,ANILLO DOBLE O,0,0,82
122018,2025,Julio,7,CARRETE  3.1    8 MM X 60000 LOOPS NEGRO,ANILLO DOBLE O,0,0,34
122019,2025,Julio,7,CARRETE  3.1    8 MM X 60000 LOOPS PLATA,ANILLO DOBLE O,0,0,1
122020,2025,Julio,7,CARRETE  3.1    9 MM X 43000 LOOPS BLANCO,ANILLO DOBLE O,4,1512400,58
122021,2025,Julio,7,CARRETE  3.1    9 MM X 43000 LOOPS BRONCE,ANILLO DOBLE O,0,0,25
122022,2025,Julio,7,CARRETE  3.1    9 MM X 43000 LOOPS NEGRO,ANILLO DOBLE O,3,1094500,61
122023,2025,Julio,7,CARRETE  3.1    9 MM X 43000 LOOPS PLATA,ANILLO DOBLE O,0,0,35
122024,2025,Julio,7,CARRETE  3.1   11 MM X 32000 LOOPS BLANCO,ANILLO DOBLE O,2,780900,39
122025,2025,Julio,7,CARRETE  3.1   11 MM X 32000 LOOPS NEGRO,ANILLO DOBLE O,0,0,54
122026,2025,Julio,7,CARRETE  3.1   12 MM X 24000 LOOPS BLANCO,ANILLO DOBLE O,9,2753100,40
122027,2025,Julio,7,CARRETE  3.1   12 MM X 24000 LOOPS NEGRO,ANILLO DOBLE O,0,0,56
122028,2025,Julio,7,CARRETE  3.1   12 MM X 24000 LOOPS PLATA,ANILLO DOBLE O,0,0,23
122029,2025,Julio,7,CARRETE  3.1   14 MM X 19300 LOOPS BLANCO,ANILLO DOBLE O,1,360000,32
122030,2025,Julio,7,CARRETE  3.1   14 MM X 19300 LOOPS NEGRO,ANILLO DOBLE O,0,0,21
122031,2025,Julio,7,CARRETE  3.1   14 MM X 19300 LOOPS PLATA,ANILLO DOBLE O,0,0,23
122081,2025,Julio,7,DOBLE O CARTA 2.1    8 MM  CAJA X 100 BLANCO,ANILLO DOBLE O,0,0,516
122082,2025,Julio,7,DOBLE O CARTA 2.1    8 MM  CAJA X 100 NEGRO,ANILLO DOBLE O,2,52000,137
122083,2025,Julio,7,DOBLE O CARTA 2.1    9 MM  CAJA X 100 BLANCO,ANILLO DOBLE O,1,28000,319
122084,2025,Julio,7,DOBLE O CARTA 2.1    9 MM  CAJA X 100 NEGRO,ANILLO DOBLE O,1,28000,191
122085,2025,Julio,7,DOBLE O CARTA 2.1   12 MM  CAJA X 100 BLANCO,ANILLO DOBLE O,5,190000,192
122086,2025,Julio,7,DOBLE O CARTA 2.1   12 MM  CAJA X 100 NEGRO,ANILLO DOBLE O,20,684000,79
122087,2025,Julio,7,DOBLE O CARTA 2.1   14 MM  CAJA X 100 BLANCO,ANILLO DOBLE O,0,0,210
122088,2025,Julio,7,DOBLE O CARTA 2.1   14 MM  CAJA X 100 NEGRO,ANILLO DOBLE O,0,0,58
122089,2025,Julio,7,DOBLE O CARTA 2.1   16 MM  CAJA X 50 BLANCO,ANILLO DOBLE O,7,192850,156
122090,2025,Julio,7,DOBLE O CARTA 2.1   16 MM  CAJA X 50 NEGRO,ANILLO DOBLE O,11,288550,116
122091,2025,Julio,7,DOBLE O CARTA 2.1   19 MM  CAJA X 50 BLANCO,ANILLO DOBLE O,132,4432350,162
122112,2025,Julio,7,DOBLE O CARTA 2.1   19 MM  CAJA X 50 BRONCE,ANILLO DOBLE O,12,452400,43
122092,2025,Julio,7,DOBLE O CARTA 2.1   19 MM  CAJA X 50 NEGRO,ANILLO DOBLE O,9,337350,127
122093,2025,Julio,7,DOBLE O CARTA 2.1   22 MM  CAJA X 50 BLANCO,ANILLO DOBLE O,3,144000,180
122094,2025,Julio,7,DOBLE O CARTA 2.1   22 MM  CAJA X 50 NEGRO,ANILLO DOBLE O,0,0,136
122095,2025,Julio,7,DOBLE O CARTA 2.1   25 MM  CAJA X 50 BLANCO,ANILLO DOBLE O,3,168000,223
122096,2025,Julio,7,DOBLE O CARTA 2.1   25 MM  CAJA X 50 NEGRO,ANILLO DOBLE O,0,0,224
122097,2025,Julio,7,DOBLE O CARTA 2.1   28 MM  CAJA X 30 BLANCO,ANILLO DOBLE O,5,300700,344
122098,2025,Julio,7,DOBLE O CARTA 2.1   28 MM  CAJA X 30 NEGRO,ANILLO DOBLE O,5,310000,292
122099,2025,Julio,7,DOBLE O CARTA 2.1   32 MM  CAJA X 30 BLANCO,ANILLO DOBLE O,2,142000,401
122100,2025,Julio,7,DOBLE O CARTA 2.1   32 MM  CAJA X 30 NEGRO,ANILLO DOBLE O,0,0,133
122101,2025,Julio,7,DOBLE O CARTA 3.1    8 MM   CAJA X 100 BLANCO,ANILLO DOBLE O,2,52000,616
122102,2025,Julio,7,DOBLE O CARTA 3.1    8 MM  CAJA X 100 NEGRO,ANILLO DOBLE O,0,0,389
122103,2025,Julio,7,DOBLE O CARTA 3.1    9 MM  CAJA X 100 BLANCO,ANILLO DOBLE O,4,112000,419
122104,2025,Julio,7,DOBLE O CARTA 3.1    9 MM  CAJA X 100 NEGRO,ANILLO DOBLE O,1,28000,184
122105,2025,Julio,7,DOBLE O CARTA 3.1   11 MM  CAJA X 100 BLANCO,ANILLO DOBLE O,0,0,358
122106,2025,Julio,7,DOBLE O CARTA 3.1   11 MM  CAJA X 100 NEGRO,ANILLO DOBLE O,0,0,119
122108,2025,Julio,7,DOBLE O CARTA 3.1   12 MM  CAJA X 100 BLANCO,ANILLO DOBLE O,0,0,666
122107,2025,Julio,7,DOBLE O CARTA 3.1   12 MM  CAJA X 100 NEGRO,ANILLO DOBLE O,0,0,204
122109,2025,Julio,7,DOBLE O CARTA 3.1   12 MM  CAJA X 100 PLATA,ANILLO DOBLE O,0,0,154
122110,2025,Julio,7,DOBLE O CARTA 3.1   14 MM  CAJA X 100 BLANCO,ANILLO DOBLE O,0,0,325
122111,2025,Julio,7,DOBLE O CARTA 3.1   14 MM  CAJA X 100 NEGRO,ANILLO DOBLE O,0,0,71
112031,2025,Julio,7,FOIL S1 (101) 640 MM X 120 MT 12 MIC DORADO,LAMINACION,0,0,0
112032,2025,Julio,7,FOIL S1 (120) 640 MM X 120 MT 12 MIC PLATA,LAMINACION,1,54150,88
112033,2025,Julio,7,FOIL S2 (101) 640 MM X 120 MT 12 MIC DORADO,LAMINACION,9,508400,909
112034,2025,Julio,7,FOIL S2 (120) 640 MM X 120 MT 12 MIC PLATA,LAMINACION,51,2710000,335
112036,2025,Julio,7,FOIL S4 (S15) 640 MM X 120 MT 12 MIC PLATA HOLOGRAFICO,LAMINACION,0,0,96
112035,2025,Julio,7,FOIL S4 (SA18) 640 MM X 120 MT 12 MIC DORADO HOLOGRAFICO,LAMINACION,1,65550,105
111001,2025,Julio,7,ROLLO 113 MM X 60 MTS 175 MICRAS,LAMINACION,6,172800,1055
111002,2025,Julio,7,ROLLO 113 MM X 60 MTS 250 MICRAS,LAMINACION,14,550400,60
111003,2025,Julio,7,ROLLO 226 MM X 60 MTS 125 MICRAS,LAMINACION,54,2277000,2947
111004,2025,Julio,7,ROLLO 226 MM X 60 MTS 175 MICRAS,LAMINACION,3,183600,314
111005,2025,Julio,7,ROLLO 226 MM X 60 MTS 250 MICRAS,LAMINACION,50,3651000,224
111007,2025,Julio,7,ROLLO 300 MM X 60 MTS 125 MICRAS,LAMINACION,3,179800,370
111008,2025,Julio,7,ROLLO 300 MM X 60 MTS 250 MICRAS,LAMINACION,27,2553000,219
111018,2025,Julio,7,ROLLO 350 MM X 60 MTS 250 MICRAS,LAMINACION,4,480000,155
111010,2025,Julio,7,ROLLO 375 MM X 60 MTS 125 MICRAS,LAMINACION,0,0,399
111013,2025,Julio,7,ROLLO 375 MM X 75 MTS 75 MICRAS MATTE,PLASTIFICACION,4,246000,110
111019,2025,Julio,7,ROLLO 540 MM X 60 MTS 125 MICRAS,PLASTIFICACION,0,0,252
111020,2025,Julio,7,ROLLO 540 MM X 60 MTS 175 MICRAS,PLASTIFICACION,0,0,252
111016,2025,Julio,7,ROLLO 680 MM X 60 MTS 125 MICRAS BRILLANTE,PLASTIFICACION,0,0,313
112001,2025,Julio,7,ROLLO BOPP BRILLANTE 250 MM X 4000 MT 18 MIC,PLASTIFICACION,17,4380000,55
112002,2025,Julio,7,ROLLO BOPP BRILLANTE 300 MM X 4000 MT 18 MIC,PLASTIFICACION,20,5850945,105
112003,2025,Julio,7,ROLLO BOPP BRILLANTE 330 MM X 200 MT 23 MIC,PLASTIFICACION,8,472200,251
112006,2025,Julio,7,ROLLO BOPP BRILLANTE 345 MM X 4000 MT 18 MIC,PLASTIFICACION,28,9808570,177
112026,2025,Julio,7,ROLLO BOPP BRILLANTE 400 MM X 4000 MT 18 MIC,PLASTIFICACION,2,791920,96
112007,2025,Julio,7,ROLLO BOPP BRILLANTE 445 MM X 4000 MT 18 MIC,PLASTIFICACION,11,5094875,28
112008,2025,Julio,7,ROLLO BOPP BRILLANTE 495 MM X 4000 MT 18 MIC,PLASTIFICACION,50,24738715,53
112028,2025,Julio,7,ROLLO BOPP BRILLANTE 595 MM X 4000 MT 18 MIC,PLASTIFICACION,4,2354600,60
112009,2025,Julio,7,ROLLO BOPP BRILLANTE 695 MM X 4000 MT 18 MIC,PLASTIFICACION,10,6512250,32
112024,2025,Julio,7,ROLLO BOPP MATE 200 MM X 4000 MT 18 MIC,PLASTIFICACION,5,902970,98
112010,2025,Julio,7,ROLLO BOPP MATE 250 MM X 4000 MT 18 MIC,PLASTIFICACION,23,5388440,138
112011,2025,Julio,7,ROLLO BOPP MATE 300 MM X 4000 MT 18 MIC,PLASTIFICACION,17,4761995,108
112012,2025,Julio,7,ROLLO BOPP MATE 330 MM X 200 MT 23 MIC,PLASTIFICACION,8,485000,317
112021,2025,Julio,7,ROLLO BOPP MATE 330 MM X 4000 MT 18 MIC,PLASTIFICACION,1,304425,5
112013,2025,Julio,7,ROLLO BOPP MATE 330 MM X 500 MT 22 MIC,PLASTIFICACION,1,150000,146
112015,2025,Julio,7,ROLLO BOPP MATE 345 MM X 4000 MT 18 MIC,PLASTIFICACION,38,12693015,74
112025,2025,Julio,7,ROLLO BOPP MATE 400 MM X 4000 MT 18 MIC,PLASTIFICACION,10,3737880,57
112016,2025,Julio,7,ROLLO BOPP MATE 445 MM X 4000 MT 18 MIC,PLASTIFICACION,16,6754560,4
112017,2025,Julio,7,ROLLO BOPP MATE 495 MM X 4000 MT 18 MIC,PLASTIFICACION,72,33550360,181
112018,2025,Julio,7,ROLLO BOPP MATE 595 MM X 4000 MT 18 MIC,ANILLO DOBLE O,19,9856540,23
112019,2025,Julio,7,ROLLO BOPP MATE 695 MM X 4000 MT 18 MIC,ANILLO DOBLE O,16,9722470,24
112020,2025,Julio,7,ROLLO HOLOGRAFICO 495 MM X 1500 MT 24 MIC,ANILLO DOBLE O,1,390000,177
112022,2025,Julio,7,ROLLO METALIZADO DORADO 495 MM X 1000 MT 22 MIC,ANILLO DOBLE O,12,3780800,76
112023,2025,Julio,7,ROLLO METALIZADO PLATA 495 MM X 1000 MT 22 MIC,ANILLO DOBLE O,11,2860000,80
112027,2025,Julio,7,ROLLO PIEL DURAZNO 495 MM X 200 MT 28 MIC,ANILLO DOBLE O,6,973828,31
112005,2025,Julio,7,ROLLO SUPERBONDING BRILLANTE 330 MM X 500 MT 30 MIC,ANILLO DOBLE O,1,200000,37
122041,2025,Julio,7,TIRA 2.1 X 64 LOOPS  12MM CAJA X 540 BLANCO,ANILLO DOBLE O,2,921500,91
122042,2025,Julio,7,TIRA 2.1 X 64 LOOPS  12MM CAJA X 540 NEGRO,ANILLO DOBLE O,1,460750,70
122043,2025,Julio,7,TIRA 2.1 X 64 LOOPS  12MM CAJA X 540 PLATA,ANILLO DOBLE O,0,0,56
122044,2025,Julio,7,TIRA 2.1 X 64 LOOPS  14MM CAJA X 384 BLANCO,ANILLO DOBLE O,24,10101000,47
122045,2025,Julio,7,TIRA 2.1 X 64 LOOPS  14MM CAJA X 384 NEGRO,ANILLO DOBLE O,3,1296750,45
122046,2025,Julio,7,TIRA 2.1 X 64 LOOPS  14MM CAJA X 384 PLATA,ANILLO DOBLE O,0,0,5
122047,2025,Julio,7,TIRA 2.1 X 64 LOOPS  16MM CAJA X 308 BLANCO,ANILLO DOBLE O,19,7996800,84
122048,2025,Julio,7,TIRA 2.1 X 64 LOOPS  16MM CAJA X 308 BRONCE,ANILLO DOBLE O,0,0,31
122049,2025,Julio,7,TIRA 2.1 X 64 LOOPS  16MM CAJA X 308 NEGRO,ANILLO DOBLE O,3,1254400,120
122050,2025,Julio,7,TIRA 2.1 X 64 LOOPS  16MM CAJA X 308 PLATA,ANILLO DOBLE O,7,3399000,54
122051,2025,Julio,7,TIRA 2.1 X 64 LOOPS  19MM CAJA X 252 BLANCO,ANILLO DOBLE O,11,5168400,45
122052,2025,Julio,7,TIRA 2.1 X 64 LOOPS  19MM CAJA X 252 BRONCE,ANILLO DOBLE O,0,0,27
122053,2025,Julio,7,TIRA 2.1 X 64 LOOPS  19MM CAJA X 252 NEGRO,ANILLO DOBLE O,9,4234800,62
122054,2025,Julio,7,TIRA 2.1 X 64 LOOPS  19MM CAJA X 252 PLATA,ANILLO DOBLE O,0,0,37
122055,2025,Julio,7,TIRA 2.1 X 64 LOOPS  22MM CAJA X 192 BLANCO,ANILLO DOBLE O,4,1753200,56
122056,2025,Julio,7,TIRA 2.1 X 64 LOOPS  22MM CAJA X 192 BRONCE,ANILLO DOBLE O,1,504000,28
122057,2025,Julio,7,TIRA 2.1 X 64 LOOPS  22MM CAJA X 192 NEGRO,ANILLO DOBLE O,2,876600,3
122058,2025,Julio,7,TIRA 2.1 X 64 LOOPS  22MM CAJA X 192 PLATA,ANILLO DOBLE O,1,504000,26
122059,2025,Julio,7,TIRA 2.1 X 64 LOOPS  25MM CAJA X 140 BLANCO,ANILLO DOBLE O,10,3798000,71
122077,2025,Julio,7,TIRA 2.1 X 64 LOOPS  25MM CAJA X 140 BRONCE,ANILLO DOBLE O,0,0,17
122060,2025,Julio,7,TIRA 2.1 X 64 LOOPS  25MM CAJA X 140 NEGRO,ANILLO DOBLE O,10,3798000,40
122061,2025,Julio,7,TIRA 2.1 X 64 LOOPS  25MM CAJA X 140 PLATA,ANILLO DOBLE O,4,1759320,22
122062,2025,Julio,7,TIRA 2.1 X 64 LOOPS  28MM CAJA X 96 BLANCO,ANILLO DOBLE O,0,0,77
122063,2025,Julio,7,TIRA 2.1 X 64 LOOPS  28MM CAJA X 96 NEGRO,ANILLO DOBLE O,0,0,49
122064,2025,Julio,7,TIRA 2.1 X 64 LOOPS  28MM CAJA X 96 PLATA,ANILLO DOBLE O,0,0,60
122065,2025,Julio,7,TIRA 2.1 X 64 LOOPS  32MM CAJA X 96 BLANCO,ANILLO DOBLE O,9,4463100,70
122066,2025,Julio,7,TIRA 2.1 X 64 LOOPS  32MM CAJA X 96 NEGRO,ANILLO DOBLE O,0,0,37
131008,2025,Julio,7,VARILLA MEDIA LUNA  10 CM X 100 BLANCO,ANILLO DOBLE O,0,0,2051
131007,2025,Julio,7,VARILLA MEDIA LUNA  10 CM X 100 NEGRO,ANILLO DOBLE O,0,0,824
131010,2025,Julio,7,VARILLA MEDIA LUNA  15 CM X 100 BLANCO,ANILLO DOBLE O,0,0,564
131009,2025,Julio,7,VARILLA MEDIA LUNA  15 CM X 100 NEGRO,ANILLO DOBLE O,0,0,390
131033,2025,Julio,7,VARILLA MEDIA LUNA  20 CM X 100 BLANCO,ANILLO DOBLE O,0,0,0
131034,2025,Julio,7,VARILLA MEDIA LUNA  20 CM X 100 NEGRO,ANILLO DOBLE O,0,0,304
131018,2025,Julio,7,YOYO ORIGINAL CAJA X 50 AZUL,VARIOS,4,261000,888
131019,2025,Julio,7,YOYO ORIGINAL CAJA X 50 BLANCO,VARIOS,10,616500,1186
131020,2025,Julio,7,YOYO ORIGINAL CAJA X 50 NEGRO,VARIOS,0,0,869
131021,2025,Julio,7,YOYO ORIGINAL CAJA X 50 ROJO,VARIOS,0,0,1
131022,2025,Julio,7,YOYO ORIGINAL CAJA X 50 VERDE,VARIOS,0,0,197
131012,2025,Agosto,8,ACETATOS CARTA PAQ X 50,VARIOS,0,0,0
113001,2025,Agosto,8,BOLSILLO CARNET 60 X 90 MM 175 MIC CAJA X 100,LAMINACION,33,165000,2792
113005,2025,Agosto,8,BOLSILLO CARTA 225MM X 288MM 125 MIC CAJA X 100,LAMINACION,782,23460000,4042
113006,2025,Agosto,8,BOLSILLO CARTA 225MM X 288MM 175 MIC CAJA X 100,LAMINACION,299,9657000,845
113007,2025,Agosto,8,BOLSILLO CARTA 225MM X 288MM 250 MIC CAJA X 50,LAMINACION,118,4130000,1915
113002,2025,Agosto,8,BOLSILLO CEDULA 70 X 100 MM 175 MIC CAJA X 100,LAMINACION,655,3510010,7867
113008,2025,Agosto,8,BOLSILLO OFICIO 225MM X 337MM 125 MIC CAJA X 100,LAMINACION,144,5164000,1825
113003,2025,Agosto,8,BOLSILLO TARJETA PROPIEDAD 80 X 110 MM 175 MIC CAJA X 100,LAMINACION,185,1327200,5018
121009,2025,Agosto,8,CARATULA CARTA GRAIN PAQ X 50 AZUL,CARATULA,0,0,2737
121010,2025,Agosto,8,CARATULA CARTA GRAIN PAQ X 50 NEGRO,CARATULA,0,0,2
121034,2025,Agosto,8,CARATULA CARTA STRIPE PAQ X 50 AMARILLO,CARATULA,23,276200,1940
121017,2025,Agosto,8,CARATULA CARTA STRIPE PAQ X 50 AZUL T-1,CARATULA,42,513900,1720
121018,2025,Agosto,8,CARATULA CARTA STRIPE PAQ X 50 AZUL T-2,CARATULA,515,5811400,3738
121019,2025,Agosto,8,CARATULA CARTA STRIPE PAQ X 50 HUMO,CARATULA,205,2551800,3043
121020,2025,Agosto,8,CARATULA CARTA STRIPE PAQ X 50 LILA,CARATULA,296,3282300,1681
121021,2025,Agosto,8,CARATULA CARTA STRIPE PAQ X 50 NARANJA,CARATULA,24,288800,1366
121022,2025,Agosto,8,CARATULA CARTA STRIPE PAQ X 50 ROJO,CARATULA,46,578000,2292
121023,2025,Agosto,8,CARATULA CARTA STRIPE PAQ X 50 TRANSPARENTE,CARATULA,674,8349300,15137
121024,2025,Agosto,8,CARATULA CARTA STRIPE PAQ X 50 VERDE T-1,CARATULA,2,25200,1996
121025,2025,Agosto,8,CARATULA CARTA STRIPE PAQ X 50 VERDE T-2,CARATULA,79,992300,2703
121032,2025,Agosto,8,CARATULA LEGAL STRIPE PAQ X 50 TRANSPARENTE,CARATULA,2,133000,749
121030,2025,Agosto,8,CARATULA OFICIO STRIPE PAQ X 50 TRANSPARENTE,CARATULA,71,990400,4790
121031,2025,Agosto,8,CARATULA OFICIO STRIPE PAQ X 50 VERDE T-2,CARATULA,0,0,1540
122009,2025,Agosto,8,CARRETE  2.1   16 MM X 10500 LOOPS BLANCO,ANILLO DOBLE O,3,910600,63
122010,2025,Agosto,8,CARRETE  2.1   16 MM X 10500 LOOPS NEGRO,ANILLO DOBLE O,2,628000,37
122011,2025,Agosto,8,CARRETE  2.1   16 MM X 10500 LOOPS PLATA,ANILLO DOBLE O,0,0,19
122013,2025,Agosto,8,CARRETE  2.1   19 MM X 7000 LOOPS BLANCO,ANILLO DOBLE O,5,1387000,58
122016,2025,Agosto,8,CARRETE  2.1   19 MM X 7000 LOOPS BRONCE,ANILLO DOBLE O,0,0,2
122014,2025,Agosto,8,CARRETE  2.1   19 MM X 7000 LOOPS NEGRO,ANILLO DOBLE O,0,0,37
122015,2025,Agosto,8,CARRETE  2.1   19 MM X 7000 LOOPS PLATA,ANILLO DOBLE O,0,0,30
122017,2025,Agosto,8,CARRETE  3.1    8 MM X 60000 LOOPS BLANCO,ANILLO DOBLE O,0,0,82
122018,2025,Agosto,8,CARRETE  3.1    8 MM X 60000 LOOPS NEGRO,ANILLO DOBLE O,0,0,34
122019,2025,Agosto,8,CARRETE  3.1    8 MM X 60000 LOOPS PLATA,ANILLO DOBLE O,0,0,1
122020,2025,Agosto,8,CARRETE  3.1    9 MM X 43000 LOOPS BLANCO,ANILLO DOBLE O,1,370140,177
122021,2025,Agosto,8,CARRETE  3.1    9 MM X 43000 LOOPS BRONCE,ANILLO DOBLE O,0,0,25
122022,2025,Agosto,8,CARRETE  3.1    9 MM X 43000 LOOPS NEGRO,ANILLO DOBLE O,3,1074600,88
122023,2025,Agosto,8,CARRETE  3.1    9 MM X 43000 LOOPS PLATA,ANILLO DOBLE O,0,0,35
122024,2025,Agosto,8,CARRETE  3.1   11 MM X 32000 LOOPS BLANCO,ANILLO DOBLE O,0,0,89
122025,2025,Agosto,8,CARRETE  3.1   11 MM X 32000 LOOPS NEGRO,ANILLO DOBLE O,0,0,54
122026,2025,Agosto,8,CARRETE  3.1   12 MM X 24000 LOOPS BLANCO,ANILLO DOBLE O,0,0,70
122027,2025,Agosto,8,CARRETE  3.1   12 MM X 24000 LOOPS NEGRO,ANILLO DOBLE O,1,324900,55
122028,2025,Agosto,8,CARRETE  3.1   12 MM X 24000 LOOPS PLATA,ANILLO DOBLE O,0,0,23
122029,2025,Agosto,8,CARRETE  3.1   14 MM X 19300 LOOPS BLANCO,ANILLO DOBLE O,0,0,32
122030,2025,Agosto,8,CARRETE  3.1   14 MM X 19300 LOOPS NEGRO,ANILLO DOBLE O,0,0,21
122031,2025,Agosto,8,CARRETE  3.1   14 MM X 19300 LOOPS PLATA,ANILLO DOBLE O,2,818900,21
122081,2025,Agosto,8,DOBLE O CARTA 2.1    8 MM  CAJA X 100 BLANCO,ANILLO DOBLE O,0,0,516
122082,2025,Agosto,8,DOBLE O CARTA 2.1    8 MM  CAJA X 100 NEGRO,ANILLO DOBLE O,0,0,237
122083,2025,Agosto,8,DOBLE O CARTA 2.1    9 MM  CAJA X 100 BLANCO,ANILLO DOBLE O,1,28000,318
122084,2025,Agosto,8,DOBLE O CARTA 2.1    9 MM  CAJA X 100 NEGRO,ANILLO DOBLE O,1,28000,190
122085,2025,Agosto,8,DOBLE O CARTA 2.1   12 MM  CAJA X 100 BLANCO,ANILLO DOBLE O,27,912000,365
122086,2025,Agosto,8,DOBLE O CARTA 2.1   12 MM  CAJA X 100 NEGRO,ANILLO DOBLE O,5,190000,174
122087,2025,Agosto,8,DOBLE O CARTA 2.1   14 MM  CAJA X 100 BLANCO,ANILLO DOBLE O,0,0,210
122088,2025,Agosto,8,DOBLE O CARTA 2.1   14 MM  CAJA X 100 NEGRO,ANILLO DOBLE O,0,0,58
122089,2025,Agosto,8,DOBLE O CARTA 2.1   16 MM  CAJA X 50 BLANCO,ANILLO DOBLE O,49,1290500,307
122090,2025,Agosto,8,DOBLE O CARTA 2.1   16 MM  CAJA X 50 NEGRO,ANILLO DOBLE O,14,406000,202
122091,2025,Agosto,8,DOBLE O CARTA 2.1   19 MM  CAJA X 50 BLANCO,ANILLO DOBLE O,19,741000,343
122112,2025,Agosto,8,DOBLE O CARTA 2.1   19 MM  CAJA X 50 BRONCE,ANILLO DOBLE O,2,78000,41
122092,2025,Agosto,8,DOBLE O CARTA 2.1   19 MM  CAJA X 50 NEGRO,ANILLO DOBLE O,15,576810,212
122093,2025,Agosto,8,DOBLE O CARTA 2.1   22 MM  CAJA X 50 BLANCO,ANILLO DOBLE O,9,432000,271
122094,2025,Agosto,8,DOBLE O CARTA 2.1   22 MM  CAJA X 50 NEGRO,ANILLO DOBLE O,5,233280,131
122095,2025,Agosto,8,DOBLE O CARTA 2.1   25 MM  CAJA X 50 BLANCO,ANILLO DOBLE O,1,56000,322
122096,2025,Agosto,8,DOBLE O CARTA 2.1   25 MM  CAJA X 50 NEGRO,ANILLO DOBLE O,3,160160,221
122097,2025,Agosto,8,DOBLE O CARTA 2.1   28 MM  CAJA X 30 BLANCO,ANILLO DOBLE O,0,0,344
122098,2025,Agosto,8,DOBLE O CARTA 2.1   28 MM  CAJA X 30 NEGRO,ANILLO DOBLE O,7,434000,285
122099,2025,Agosto,8,DOBLE O CARTA 2.1   32 MM  CAJA X 30 BLANCO,ANILLO DOBLE O,2,142000,399
122100,2025,Agosto,8,DOBLE O CARTA 2.1   32 MM  CAJA X 30 NEGRO,ANILLO DOBLE O,7,443750,126
122101,2025,Agosto,8,DOBLE O CARTA 3.1    8 MM   CAJA X 100 BLANCO,ANILLO DOBLE O,0,0,616
122102,2025,Agosto,8,DOBLE O CARTA 3.1    8 MM  CAJA X 100 NEGRO,ANILLO DOBLE O,0,0,389
122103,2025,Agosto,8,DOBLE O CARTA 3.1    9 MM  CAJA X 100 BLANCO,ANILLO DOBLE O,0,0,419
122104,2025,Agosto,8,DOBLE O CARTA 3.1    9 MM  CAJA X 100 NEGRO,ANILLO DOBLE O,50,1190000,234
122105,2025,Agosto,8,DOBLE O CARTA 3.1   11 MM  CAJA X 100 BLANCO,ANILLO DOBLE O,1,34000,357
122106,2025,Agosto,8,DOBLE O CARTA 3.1   11 MM  CAJA X 100 NEGRO,ANILLO DOBLE O,1,34000,218
122108,2025,Agosto,8,DOBLE O CARTA 3.1   12 MM  CAJA X 100 BLANCO,ANILLO DOBLE O,0,0,666
122107,2025,Agosto,8,DOBLE O CARTA 3.1   12 MM  CAJA X 100 NEGRO,ANILLO DOBLE O,1,41000,203
122109,2025,Agosto,8,DOBLE O CARTA 3.1   12 MM  CAJA X 100 PLATA,ANILLO DOBLE O,0,0,154
122110,2025,Agosto,8,DOBLE O CARTA 3.1   14 MM  CAJA X 100 BLANCO,ANILLO DOBLE O,30,1224000,295
122111,2025,Agosto,8,DOBLE O CARTA 3.1   14 MM  CAJA X 100 NEGRO,ANILLO DOBLE O,1,48000,70
112031,2025,Agosto,8,FOIL S1 (101) 640 MM X 120 MT 12 MIC DORADO,LAMINACION,0,0,0
112032,2025,Agosto,8,FOIL S1 (120) 640 MM X 120 MT 12 MIC PLATA,LAMINACION,1,54150,87
112033,2025,Agosto,8,FOIL S2 (101) 640 MM X 120 MT 12 MIC DORADO,LAMINACION,27,1465800,882
112034,2025,Agosto,8,FOIL S2 (120) 640 MM X 120 MT 12 MIC PLATA,LAMINACION,3,177000,332
112036,2025,Agosto,8,FOIL S4 (S15) 640 MM X 120 MT 12 MIC PLATA HOLOGRAFICO,LAMINACION,0,0,96
112035,2025,Agosto,8,FOIL S4 (SA18) 640 MM X 120 MT 12 MIC DORADO HOLOGRAFICO,LAMINACION,0,0,105
111001,2025,Agosto,8,ROLLO 113 MM X 60 MTS 175 MICRAS,LAMINACION,7,204800,1048
111002,2025,Agosto,8,ROLLO 113 MM X 60 MTS 250 MICRAS,LAMINACION,4,156000,56
111003,2025,Agosto,8,ROLLO 226 MM X 60 MTS 125 MICRAS,LAMINACION,62,2650000,2885
111004,2025,Agosto,8,ROLLO 226 MM X 60 MTS 175 MICRAS,LAMINACION,15,952000,299
111005,2025,Agosto,8,ROLLO 226 MM X 60 MTS 250 MICRAS,LAMINACION,7,609000,217
111007,2025,Agosto,8,ROLLO 300 MM X 60 MTS 125 MICRAS,LAMINACION,27,1386000,343
111008,2025,Agosto,8,ROLLO 300 MM X 60 MTS 250 MICRAS,LAMINACION,3,345000,216
111018,2025,Agosto,8,ROLLO 350 MM X 60 MTS 250 MICRAS,LAMINACION,0,0,155
111010,2025,Agosto,8,ROLLO 375 MM X 60 MTS 125 MICRAS,LAMINACION,0,0,399
111013,2025,Agosto,8,ROLLO 375 MM X 75 MTS 75 MICRAS MATTE,PLASTIFICACION,0,0,110
111019,2025,Agosto,8,ROLLO 540 MM X 60 MTS 125 MICRAS,PLASTIFICACION,0,0,252
111020,2025,Agosto,8,ROLLO 540 MM X 60 MTS 175 MICRAS,PLASTIFICACION,0,0,252
111016,2025,Agosto,8,ROLLO 680 MM X 60 MTS 125 MICRAS BRILLANTE,PLASTIFICACION,2,310000,311
112001,2025,Agosto,8,ROLLO BOPP BRILLANTE 250 MM X 4000 MT 18 MIC,PLASTIFICACION,14,3739130,41
112002,2025,Agosto,8,ROLLO BOPP BRILLANTE 300 MM X 4000 MT 18 MIC,PLASTIFICACION,5,1569010,100
112003,2025,Agosto,8,ROLLO BOPP BRILLANTE 330 MM X 200 MT 23 MIC,PLASTIFICACION,27,1538000,224
112006,2025,Agosto,8,ROLLO BOPP BRILLANTE 345 MM X 4000 MT 18 MIC,PLASTIFICACION,15,5252525,162
112026,2025,Agosto,8,ROLLO BOPP BRILLANTE 400 MM X 4000 MT 18 MIC,PLASTIFICACION,0,0,96
112007,2025,Agosto,8,ROLLO BOPP BRILLANTE 445 MM X 4000 MT 18 MIC,PLASTIFICACION,8,3654205,20
112008,2025,Agosto,8,ROLLO BOPP BRILLANTE 495 MM X 4000 MT 18 MIC,PLASTIFICACION,37,18068415,16
112028,2025,Agosto,8,ROLLO BOPP BRILLANTE 595 MM X 4000 MT 18 MIC,PLASTIFICACION,2,1151950,58
112009,2025,Agosto,8,ROLLO BOPP BRILLANTE 695 MM X 4000 MT 18 MIC,PLASTIFICACION,0,0,32
112024,2025,Agosto,8,ROLLO BOPP MATE 200 MM X 4000 MT 18 MIC,PLASTIFICACION,8,1447620,90
112010,2025,Agosto,8,ROLLO BOPP MATE 250 MM X 4000 MT 18 MIC,PLASTIFICACION,19,4412595,119
112011,2025,Agosto,8,ROLLO BOPP MATE 300 MM X 4000 MT 18 MIC,PLASTIFICACION,19,5202040,89
112012,2025,Agosto,8,ROLLO BOPP MATE 330 MM X 200 MT 23 MIC,PLASTIFICACION,4,232000,313
112021,2025,Agosto,8,ROLLO BOPP MATE 330 MM X 4000 MT 18 MIC,PLASTIFICACION,1,325215,4
112013,2025,Agosto,8,ROLLO BOPP MATE 330 MM X 500 MT 22 MIC,PLASTIFICACION,0,0,146
112015,2025,Agosto,8,ROLLO BOPP MATE 345 MM X 4000 MT 18 MIC,PLASTIFICACION,36,11870135,38
112025,2025,Agosto,8,ROLLO BOPP MATE 400 MM X 4000 MT 18 MIC,PLASTIFICACION,7,2517980,50
112016,2025,Agosto,8,ROLLO BOPP MATE 445 MM X 4000 MT 18 MIC,PLASTIFICACION,3,1238490,1
112017,2025,Agosto,8,ROLLO BOPP MATE 495 MM X 4000 MT 18 MIC,PLASTIFICACION,64,29666845,117
112018,2025,Agosto,8,ROLLO BOPP MATE 595 MM X 4000 MT 18 MIC,ANILLO DOBLE O,2,1070700,21
112019,2025,Agosto,8,ROLLO BOPP MATE 695 MM X 4000 MT 18 MIC,ANILLO DOBLE O,22,13238250,2
112020,2025,Agosto,8,ROLLO HOLOGRAFICO 495 MM X 1500 MT 24 MIC,ANILLO DOBLE O,2,802500,175
112022,2025,Agosto,8,ROLLO METALIZADO DORADO 495 MM X 1000 MT 22 MIC,ANILLO DOBLE O,1,312800,75
112023,2025,Agosto,8,ROLLO METALIZADO PLATA 495 MM X 1000 MT 22 MIC,ANILLO DOBLE O,3,832800,77
112027,2025,Agosto,8,ROLLO PIEL DURAZNO 495 MM X 200 MT 28 MIC,ANILLO DOBLE O,8,1290164,25
112005,2025,Agosto,8,ROLLO SUPERBONDING BRILLANTE 330 MM X 500 MT 30 MIC,ANILLO DOBLE O,2,401681,35
122041,2025,Agosto,8,TIRA 2.1 X 64 LOOPS  12MM CAJA X 540 BLANCO,ANILLO DOBLE O,0,0,131
122042,2025,Agosto,8,TIRA 2.1 X 64 LOOPS  12MM CAJA X 540 NEGRO,ANILLO DOBLE O,0,0,90
122043,2025,Agosto,8,TIRA 2.1 X 64 LOOPS  12MM CAJA X 540 PLATA,ANILLO DOBLE O,0,0,56
122044,2025,Agosto,8,TIRA 2.1 X 64 LOOPS  14MM CAJA X 384 BLANCO,ANILLO DOBLE O,9,3844750,78
122045,2025,Agosto,8,TIRA 2.1 X 64 LOOPS  14MM CAJA X 384 NEGRO,ANILLO DOBLE O,4,1660750,41
122046,2025,Agosto,8,TIRA 2.1 X 64 LOOPS  14MM CAJA X 384 PLATA,ANILLO DOBLE O,0,0,35
122047,2025,Agosto,8,TIRA 2.1 X 64 LOOPS  16MM CAJA X 308 BLANCO,ANILLO DOBLE O,14,5725440,150
122048,2025,Agosto,8,TIRA 2.1 X 64 LOOPS  16MM CAJA X 308 BRONCE,ANILLO DOBLE O,0,0,31
122049,2025,Agosto,8,TIRA 2.1 X 64 LOOPS  16MM CAJA X 308 NEGRO,ANILLO DOBLE O,6,2477440,134
122050,2025,Agosto,8,TIRA 2.1 X 64 LOOPS  16MM CAJA X 308 PLATA,ANILLO DOBLE O,2,968200,52
122051,2025,Agosto,8,TIRA 2.1 X 64 LOOPS  19MM CAJA X 252 BLANCO,ANILLO DOBLE O,13,5997600,132
122052,2025,Agosto,8,TIRA 2.1 X 64 LOOPS  19MM CAJA X 252 BRONCE,ANILLO DOBLE O,3,1479000,24
122053,2025,Agosto,8,TIRA 2.1 X 64 LOOPS  19MM CAJA X 252 NEGRO,ANILLO DOBLE O,8,3704400,74
122054,2025,Agosto,8,TIRA 2.1 X 64 LOOPS  19MM CAJA X 252 PLATA,ANILLO DOBLE O,2,986000,35
122055,2025,Agosto,8,TIRA 2.1 X 64 LOOPS  22MM CAJA X 192 BLANCO,ANILLO DOBLE O,2,876600,84
122056,2025,Agosto,8,TIRA 2.1 X 64 LOOPS  22MM CAJA X 192 BRONCE,ANILLO DOBLE O,2,1064000,26
122057,2025,Agosto,8,TIRA 2.1 X 64 LOOPS  22MM CAJA X 192 NEGRO,ANILLO DOBLE O,2,876600,21
122058,2025,Agosto,8,TIRA 2.1 X 64 LOOPS  22MM CAJA X 192 PLATA,ANILLO DOBLE O,0,0,26
122059,2025,Agosto,8,TIRA 2.1 X 64 LOOPS  25MM CAJA X 140 BLANCO,ANILLO DOBLE O,0,0,91
122077,2025,Agosto,8,TIRA 2.1 X 64 LOOPS  25MM CAJA X 140 BRONCE,ANILLO DOBLE O,1,460000,16
122060,2025,Agosto,8,TIRA 2.1 X 64 LOOPS  25MM CAJA X 140 NEGRO,ANILLO DOBLE O,0,0,40
122061,2025,Agosto,8,TIRA 2.1 X 64 LOOPS  25MM CAJA X 140 PLATA,ANILLO DOBLE O,2,923400,20
122062,2025,Agosto,8,TIRA 2.1 X 64 LOOPS  28MM CAJA X 96 BLANCO,ANILLO DOBLE O,0,0,77
122063,2025,Agosto,8,TIRA 2.1 X 64 LOOPS  28MM CAJA X 96 NEGRO,ANILLO DOBLE O,0,0,49
122064,2025,Agosto,8,TIRA 2.1 X 64 LOOPS  28MM CAJA X 96 PLATA,ANILLO DOBLE O,0,0,60
122065,2025,Agosto,8,TIRA 2.1 X 64 LOOPS  32MM CAJA X 96 BLANCO,ANILLO DOBLE O,2,939600,68
122066,2025,Agosto,8,TIRA 2.1 X 64 LOOPS  32MM CAJA X 96 NEGRO,ANILLO DOBLE O,0,0,57
131008,2025,Agosto,8,VARILLA MEDIA LUNA  10 CM X 100 BLANCO,ANILLO DOBLE O,0,0,2051
131007,2025,Agosto,8,VARILLA MEDIA LUNA  10 CM X 100 NEGRO,ANILLO DOBLE O,0,0,824
131010,2025,Agosto,8,VARILLA MEDIA LUNA  15 CM X 100 BLANCO,ANILLO DOBLE O,1,17000,563
131009,2025,Agosto,8,VARILLA MEDIA LUNA  15 CM X 100 NEGRO,ANILLO DOBLE O,0,0,390
131033,2025,Agosto,8,VARILLA MEDIA LUNA  20 CM X 100 BLANCO,ANILLO DOBLE O,0,0,0
131034,2025,Agosto,8,VARILLA MEDIA LUNA  20 CM X 100 NEGRO,ANILLO DOBLE O,0,0,304
131018,2025,Agosto,8,YOYO ORIGINAL CAJA X 50 AZUL,VARIOS,6,391500,882
131019,2025,Agosto,8,YOYO ORIGINAL CAJA X 50 BLANCO,VARIOS,2,130500,1184
131020,2025,Agosto,8,YOYO ORIGINAL CAJA X 50 NEGRO,VARIOS,6,391500,863
131021,2025,Agosto,8,YOYO ORIGINAL CAJA X 50 ROJO,VARIOS,1,65250,0
131022,2025,Agosto,8,YOYO ORIGINAL CAJA X 50 VERDE,VARIOS,1,65250,196
131012,2025,Septiembre,9,ACETATOS CARTA PAQ X 50,VARIOS,0,0,0
113001,2025,Septiembre,9,BOLSILLO CARNET 60 X 90 MM 175 MIC CAJA X 100,LAMINACION,205,927500,2587
113005,2025,Septiembre,9,BOLSILLO CARTA 225MM X 288MM 125 MIC CAJA X 100,LAMINACION,503,14890000,3539
113006,2025,Septiembre,9,BOLSILLO CARTA 225MM X 288MM 175 MIC CAJA X 100,LAMINACION,77,3211000,768
113007,2025,Septiembre,9,BOLSILLO CARTA 225MM X 288MM 250 MIC CAJA X 50,LAMINACION,112,3920000,1803
113002,2025,Septiembre,9,BOLSILLO CEDULA 70 X 100 MM 175 MIC CAJA X 100,LAMINACION,560,3152500,7307
113008,2025,Septiembre,9,BOLSILLO OFICIO 225MM X 337MM 125 MIC CAJA X 100,LAMINACION,164,5904000,1661
113003,2025,Septiembre,9,BOLSILLO TARJETA PROPIEDAD 80 X 110 MM 175 MIC CAJA X 100,LAMINACION,355,2528000,4663
121009,2025,Septiembre,9,CARATULA CARTA GRAIN PAQ X 50 AZUL,CARATULA,20,220000,2717
121010,2025,Septiembre,9,CARATULA CARTA GRAIN PAQ X 50 NEGRO,CARATULA,0,0,2
121034,2025,Septiembre,9,CARATULA CARTA STRIPE PAQ X 50 AMARILLO,CARATULA,102,1235600,1838
121017,2025,Septiembre,9,CARATULA CARTA STRIPE PAQ X 50 AZUL T-1,CARATULA,61,704600,1659
121018,2025,Septiembre,9,CARATULA CARTA STRIPE PAQ X 50 AZUL T-2,CARATULA,135,1684200,3603
121019,2025,Septiembre,9,CARATULA CARTA STRIPE PAQ X 50 HUMO,CARATULA,81,956000,2962
121020,2025,Septiembre,9,CARATULA CARTA STRIPE PAQ X 50 LILA,CARATULA,24,271600,1657
121021,2025,Septiembre,9,CARATULA CARTA STRIPE PAQ X 50 NARANJA,CARATULA,43,478600,1323
121022,2025,Septiembre,9,CARATULA CARTA STRIPE PAQ X 50 ROJO,CARATULA,4,52000,2288
121023,2025,Septiembre,9,CARATULA CARTA STRIPE PAQ X 50 TRANSPARENTE,CARATULA,442,5266200,14695
121024,2025,Septiembre,9,CARATULA CARTA STRIPE PAQ X 50 VERDE T-1,CARATULA,0,0,1996
121025,2025,Septiembre,9,CARATULA CARTA STRIPE PAQ X 50 VERDE T-2,CARATULA,55,702200,2648
121032,2025,Septiembre,9,CARATULA LEGAL STRIPE PAQ X 50 TRANSPARENTE,CARATULA,6,413000,743
121030,2025,Septiembre,9,CARATULA OFICIO STRIPE PAQ X 50 TRANSPARENTE,CARATULA,91,1237200,4699
121031,2025,Septiembre,9,CARATULA OFICIO STRIPE PAQ X 50 VERDE T-2,CARATULA,21,266000,1519
122009,2025,Septiembre,9,CARRETE  2.1   16 MM X 10500 LOOPS BLANCO,ANILLO DOBLE O,9,2590500,54
122010,2025,Septiembre,9,CARRETE  2.1   16 MM X 10500 LOOPS NEGRO,ANILLO DOBLE O,6,1805500,31
122011,2025,Septiembre,9,CARRETE  2.1   16 MM X 10500 LOOPS PLATA,ANILLO DOBLE O,1,357200,18
122013,2025,Septiembre,9,CARRETE  2.1   19 MM X 7000 LOOPS BLANCO,ANILLO DOBLE O,9,2496600,49
122016,2025,Septiembre,9,CARRETE  2.1   19 MM X 7000 LOOPS BRONCE,ANILLO DOBLE O,0,0,2
122014,2025,Septiembre,9,CARRETE  2.1   19 MM X 7000 LOOPS NEGRO,ANILLO DOBLE O,0,0,37
122015,2025,Septiembre,9,CARRETE  2.1   19 MM X 7000 LOOPS PLATA,ANILLO DOBLE O,0,0,30
122017,2025,Septiembre,9,CARRETE  3.1    8 MM X 60000 LOOPS BLANCO,ANILLO DOBLE O,0,0,82
122018,2025,Septiembre,9,CARRETE  3.1    8 MM X 60000 LOOPS NEGRO,ANILLO DOBLE O,0,0,34
122019,2025,Septiembre,9,CARRETE  3.1    8 MM X 60000 LOOPS PLATA,ANILLO DOBLE O,0,0,1
122020,2025,Septiembre,9,CARRETE  3.1    9 MM X 43000 LOOPS BLANCO,ANILLO DOBLE O,9,3363100,168
122021,2025,Septiembre,9,CARRETE  3.1    9 MM X 43000 LOOPS BRONCE,ANILLO DOBLE O,3,1240200,22
122022,2025,Septiembre,9,CARRETE  3.1    9 MM X 43000 LOOPS NEGRO,ANILLO DOBLE O,1,378100,87
122023,2025,Septiembre,9,CARRETE  3.1    9 MM X 43000 LOOPS PLATA,ANILLO DOBLE O,1,429300,34
122024,2025,Septiembre,9,CARRETE  3.1   11 MM X 32000 LOOPS BLANCO,ANILLO DOBLE O,2,780900,87
122025,2025,Septiembre,9,CARRETE  3.1   11 MM X 32000 LOOPS NEGRO,ANILLO DOBLE O,0,0,54
122026,2025,Septiembre,9,CARRETE  3.1   12 MM X 24000 LOOPS BLANCO,ANILLO DOBLE O,6,1920300,64
122027,2025,Septiembre,9,CARRETE  3.1   12 MM X 24000 LOOPS NEGRO,ANILLO DOBLE O,0,0,55
122028,2025,Septiembre,9,CARRETE  3.1   12 MM X 24000 LOOPS PLATA,ANILLO DOBLE O,0,0,23
122029,2025,Septiembre,9,CARRETE  3.1   14 MM X 19300 LOOPS BLANCO,ANILLO DOBLE O,2,612000,30
122030,2025,Septiembre,9,CARRETE  3.1   14 MM X 19300 LOOPS NEGRO,ANILLO DOBLE O,1,306000,20
122031,2025,Septiembre,9,CARRETE  3.1   14 MM X 19300 LOOPS PLATA,ANILLO DOBLE O,0,0,21
122081,2025,Septiembre,9,DOBLE O CARTA 2.1    8 MM  CAJA X 100 BLANCO,ANILLO DOBLE O,1,26000,515
122082,2025,Septiembre,9,DOBLE O CARTA 2.1    8 MM  CAJA X 100 NEGRO,ANILLO DOBLE O,0,0,237
122083,2025,Septiembre,9,DOBLE O CARTA 2.1    9 MM  CAJA X 100 BLANCO,ANILLO DOBLE O,10,238000,308
122084,2025,Septiembre,9,DOBLE O CARTA 2.1    9 MM  CAJA X 100 NEGRO,ANILLO DOBLE O,15,372120,175
122085,2025,Septiembre,9,DOBLE O CARTA 2.1   12 MM  CAJA X 100 BLANCO,ANILLO DOBLE O,78,2565000,287
122086,2025,Septiembre,9,DOBLE O CARTA 2.1   12 MM  CAJA X 100 NEGRO,ANILLO DOBLE O,5,190000,169
122087,2025,Septiembre,9,DOBLE O CARTA 2.1   14 MM  CAJA X 100 BLANCO,ANILLO DOBLE O,0,0,210
122088,2025,Septiembre,9,DOBLE O CARTA 2.1   14 MM  CAJA X 100 NEGRO,ANILLO DOBLE O,4,177600,54
122089,2025,Septiembre,9,DOBLE O CARTA 2.1   16 MM  CAJA X 50 BLANCO,ANILLO DOBLE O,24,609000,283
122090,2025,Septiembre,9,DOBLE O CARTA 2.1   16 MM  CAJA X 50 NEGRO,ANILLO DOBLE O,10,246500,192
122091,2025,Septiembre,9,DOBLE O CARTA 2.1   19 MM  CAJA X 50 BLANCO,ANILLO DOBLE O,92,3276000,251
122112,2025,Septiembre,9,DOBLE O CARTA 2.1   19 MM  CAJA X 50 BRONCE,ANILLO DOBLE O,1,39000,40
122092,2025,Septiembre,9,DOBLE O CARTA 2.1   19 MM  CAJA X 50 NEGRO,ANILLO DOBLE O,73,2593500,139
122093,2025,Septiembre,9,DOBLE O CARTA 2.1   22 MM  CAJA X 50 BLANCO,ANILLO DOBLE O,13,576000,258
122094,2025,Septiembre,9,DOBLE O CARTA 2.1   22 MM  CAJA X 50 NEGRO,ANILLO DOBLE O,31,1348800,100
122095,2025,Septiembre,9,DOBLE O CARTA 2.1   25 MM  CAJA X 50 BLANCO,ANILLO DOBLE O,0,0,322
122096,2025,Septiembre,9,DOBLE O CARTA 2.1   25 MM  CAJA X 50 NEGRO,ANILLO DOBLE O,1,56000,220
122097,2025,Septiembre,9,DOBLE O CARTA 2.1   28 MM  CAJA X 30 BLANCO,ANILLO DOBLE O,3,186000,341
122098,2025,Septiembre,9,DOBLE O CARTA 2.1   28 MM  CAJA X 30 NEGRO,ANILLO DOBLE O,0,0,285
122099,2025,Septiembre,9,DOBLE O CARTA 2.1   32 MM  CAJA X 30 BLANCO,ANILLO DOBLE O,1,71000,398
122100,2025,Septiembre,9,DOBLE O CARTA 2.1   32 MM  CAJA X 30 NEGRO,ANILLO DOBLE O,11,674500,115
122101,2025,Septiembre,9,DOBLE O CARTA 3.1    8 MM   CAJA X 100 BLANCO,ANILLO DOBLE O,0,0,616
122102,2025,Septiembre,9,DOBLE O CARTA 3.1    8 MM  CAJA X 100 NEGRO,ANILLO DOBLE O,6,149500,383
122103,2025,Septiembre,9,DOBLE O CARTA 3.1    9 MM  CAJA X 100 BLANCO,ANILLO DOBLE O,0,0,419
122104,2025,Septiembre,9,DOBLE O CARTA 3.1    9 MM  CAJA X 100 NEGRO,ANILLO DOBLE O,20,519400,214
122105,2025,Septiembre,9,DOBLE O CARTA 3.1   11 MM  CAJA X 100 BLANCO,ANILLO DOBLE O,0,0,357
122106,2025,Septiembre,9,DOBLE O CARTA 3.1   11 MM  CAJA X 100 NEGRO,ANILLO DOBLE O,18,547400,200
122108,2025,Septiembre,9,DOBLE O CARTA 3.1   12 MM  CAJA X 100 BLANCO,ANILLO DOBLE O,3,118900,663
122107,2025,Septiembre,9,DOBLE O CARTA 3.1   12 MM  CAJA X 100 NEGRO,ANILLO DOBLE O,20,738000,183
122109,2025,Septiembre,9,DOBLE O CARTA 3.1   12 MM  CAJA X 100 PLATA,ANILLO DOBLE O,0,0,154
122110,2025,Septiembre,9,DOBLE O CARTA 3.1   14 MM  CAJA X 100 BLANCO,ANILLO DOBLE O,5,204000,290
122111,2025,Septiembre,9,DOBLE O CARTA 3.1   14 MM  CAJA X 100 NEGRO,ANILLO DOBLE O,12,504000,58
112031,2025,Septiembre,9,FOIL S1 (101) 640 MM X 120 MT 12 MIC DORADO,LAMINACION,0,0,0
112032,2025,Septiembre,9,FOIL S1 (120) 640 MM X 120 MT 12 MIC PLATA,LAMINACION,0,0,87
112033,2025,Septiembre,9,FOIL S2 (101) 640 MM X 120 MT 12 MIC DORADO,LAMINACION,10,531000,872
112034,2025,Septiembre,9,FOIL S2 (120) 640 MM X 120 MT 12 MIC PLATA,LAMINACION,2,118000,330
112036,2025,Septiembre,9,FOIL S4 (S15) 640 MM X 120 MT 12 MIC PLATA HOLOGRAFICO,LAMINACION,1,69000,95
112035,2025,Septiembre,9,FOIL S4 (SA18) 640 MM X 120 MT 12 MIC DORADO HOLOGRAFICO,LAMINACION,0,0,105
111001,2025,Septiembre,9,ROLLO 113 MM X 60 MTS 175 MICRAS,LAMINACION,16,460800,1032
111002,2025,Septiembre,9,ROLLO 113 MM X 60 MTS 250 MICRAS,LAMINACION,46,1784500,10
111003,2025,Septiembre,9,ROLLO 226 MM X 60 MTS 125 MICRAS,LAMINACION,127,5343300,2758
111004,2025,Septiembre,9,ROLLO 226 MM X 60 MTS 175 MICRAS,LAMINACION,28,1822400,271
111005,2025,Septiembre,9,ROLLO 226 MM X 60 MTS 250 MICRAS,LAMINACION,44,3385200,173
111007,2025,Septiembre,9,ROLLO 300 MM X 60 MTS 125 MICRAS,LAMINACION,1,62000,342
111008,2025,Septiembre,9,ROLLO 300 MM X 60 MTS 250 MICRAS,LAMINACION,1,115000,215
111018,2025,Septiembre,9,ROLLO 350 MM X 60 MTS 250 MICRAS,LAMINACION,6,740000,149
111010,2025,Septiembre,9,ROLLO 375 MM X 60 MTS 125 MICRAS,LAMINACION,0,0,399
111013,2025,Septiembre,9,ROLLO 375 MM X 75 MTS 75 MICRAS MATTE,PLASTIFICACION,8,501600,102
111019,2025,Septiembre,9,ROLLO 540 MM X 60 MTS 125 MICRAS,PLASTIFICACION,0,0,252
111020,2025,Septiembre,9,ROLLO 540 MM X 60 MTS 175 MICRAS,PLASTIFICACION,0,0,252
111016,2025,Septiembre,9,ROLLO 680 MM X 60 MTS 125 MICRAS BRILLANTE,PLASTIFICACION,0,0,311
112001,2025,Septiembre,9,ROLLO BOPP BRILLANTE 250 MM X 4000 MT 18 MIC,PLASTIFICACION,10,2606010,31
112002,2025,Septiembre,9,ROLLO BOPP BRILLANTE 300 MM X 4000 MT 18 MIC,PLASTIFICACION,9,2767580,91
112003,2025,Septiembre,9,ROLLO BOPP BRILLANTE 330 MM X 200 MT 23 MIC,PLASTIFICACION,9,536000,215
112006,2025,Septiembre,9,ROLLO BOPP BRILLANTE 345 MM X 4000 MT 18 MIC,PLASTIFICACION,41,13993810,121
112026,2025,Septiembre,9,ROLLO BOPP BRILLANTE 400 MM X 4000 MT 18 MIC,PLASTIFICACION,11,4331500,85
112007,2025,Septiembre,9,ROLLO BOPP BRILLANTE 445 MM X 4000 MT 18 MIC,PLASTIFICACION,15,6937770,65
112008,2025,Septiembre,9,ROLLO BOPP BRILLANTE 495 MM X 4000 MT 18 MIC,PLASTIFICACION,21,10331060,49
112028,2025,Septiembre,9,ROLLO BOPP BRILLANTE 595 MM X 4000 MT 18 MIC,PLASTIFICACION,2,1212960,76
112009,2025,Septiembre,9,ROLLO BOPP BRILLANTE 695 MM X 4000 MT 18 MIC,PLASTIFICACION,12,8481760,60
112024,2025,Septiembre,9,ROLLO BOPP MATE 200 MM X 4000 MT 18 MIC,PLASTIFICACION,8,1520240,82
112010,2025,Septiembre,9,ROLLO BOPP MATE 250 MM X 4000 MT 18 MIC,PLASTIFICACION,21,5054940,98
112011,2025,Septiembre,9,ROLLO BOPP MATE 300 MM X 4000 MT 18 MIC,PLASTIFICACION,10,2831695,137
112012,2025,Septiembre,9,ROLLO BOPP MATE 330 MM X 200 MT 23 MIC,PLASTIFICACION,8,471000,305
112021,2025,Septiembre,9,ROLLO BOPP MATE 330 MM X 4000 MT 18 MIC,PLASTIFICACION,7,2169600,57
112013,2025,Septiembre,9,ROLLO BOPP MATE 330 MM X 500 MT 22 MIC,PLASTIFICACION,2,300000,144
112015,2025,Septiembre,9,ROLLO BOPP MATE 345 MM X 4000 MT 18 MIC,PLASTIFICACION,33,10860655,125
112025,2025,Septiembre,9,ROLLO BOPP MATE 400 MM X 4000 MT 18 MIC,PLASTIFICACION,12,4509580,78
112016,2025,Septiembre,9,ROLLO BOPP MATE 445 MM X 4000 MT 18 MIC,PLASTIFICACION,9,3714065,32
112017,2025,Septiembre,9,ROLLO BOPP MATE 495 MM X 4000 MT 18 MIC,PLASTIFICACION,91,41491830,242
112018,2025,Septiembre,9,ROLLO BOPP MATE 595 MM X 4000 MT 18 MIC,ANILLO DOBLE O,23,11832000,58
112019,2025,Septiembre,9,ROLLO BOPP MATE 695 MM X 4000 MT 18 MIC,ANILLO DOBLE O,7,4400645,64
112020,2025,Septiembre,9,ROLLO HOLOGRAFICO 495 MM X 1500 MT 24 MIC,ANILLO DOBLE O,7,2745000,168
112022,2025,Septiembre,9,ROLLO METALIZADO DORADO 495 MM X 1000 MT 22 MIC,ANILLO DOBLE O,3,938400,72
112023,2025,Septiembre,9,ROLLO METALIZADO PLATA 495 MM X 1000 MT 22 MIC,ANILLO DOBLE O,4,1040000,73
112027,2025,Septiembre,9,ROLLO PIEL DURAZNO 495 MM X 200 MT 28 MIC,ANILLO DOBLE O,16,2643500,9
112005,2025,Septiembre,9,ROLLO SUPERBONDING BRILLANTE 330 MM X 500 MT 30 MIC,ANILLO DOBLE O,0,0,35
122041,2025,Septiembre,9,TIRA 2.1 X 64 LOOPS  12MM CAJA X 540 BLANCO,ANILLO DOBLE O,1,460750,130
122042,2025,Septiembre,9,TIRA 2.1 X 64 LOOPS  12MM CAJA X 540 NEGRO,ANILLO DOBLE O,0,0,90
122043,2025,Septiembre,9,TIRA 2.1 X 64 LOOPS  12MM CAJA X 540 PLATA,ANILLO DOBLE O,0,0,56
122044,2025,Septiembre,9,TIRA 2.1 X 64 LOOPS  14MM CAJA X 384 BLANCO,ANILLO DOBLE O,76,32806445,2
122045,2025,Septiembre,9,TIRA 2.1 X 64 LOOPS  14MM CAJA X 384 NEGRO,ANILLO DOBLE O,1,386750,40
122046,2025,Septiembre,9,TIRA 2.1 X 64 LOOPS  14MM CAJA X 384 PLATA,ANILLO DOBLE O,0,0,35
122047,2025,Septiembre,9,TIRA 2.1 X 64 LOOPS  16MM CAJA X 308 BLANCO,ANILLO DOBLE O,27,10931200,123
122048,2025,Septiembre,9,TIRA 2.1 X 64 LOOPS  16MM CAJA X 308 BRONCE,ANILLO DOBLE O,1,437750,30
122049,2025,Septiembre,9,TIRA 2.1 X 64 LOOPS  16MM CAJA X 308 NEGRO,ANILLO DOBLE O,14,5684000,120
122050,2025,Septiembre,9,TIRA 2.1 X 64 LOOPS  16MM CAJA X 308 PLATA,ANILLO DOBLE O,21,9737750,31
122051,2025,Septiembre,9,TIRA 2.1 X 64 LOOPS  19MM CAJA X 252 BLANCO,ANILLO DOBLE O,24,10810800,108
122052,2025,Septiembre,9,TIRA 2.1 X 64 LOOPS  19MM CAJA X 252 BRONCE,ANILLO DOBLE O,5,2581000,19
122053,2025,Septiembre,9,TIRA 2.1 X 64 LOOPS  19MM CAJA X 252 NEGRO,ANILLO DOBLE O,8,3628800,66
122054,2025,Septiembre,9,TIRA 2.1 X 64 LOOPS  19MM CAJA X 252 PLATA,ANILLO DOBLE O,0,0,35
122055,2025,Septiembre,9,TIRA 2.1 X 64 LOOPS  22MM CAJA X 192 BLANCO,ANILLO DOBLE O,3,1290550,81
122056,2025,Septiembre,9,TIRA 2.1 X 64 LOOPS  22MM CAJA X 192 BRONCE,ANILLO DOBLE O,6,3192000,20
122057,2025,Septiembre,9,TIRA 2.1 X 64 LOOPS  22MM CAJA X 192 NEGRO,ANILLO DOBLE O,2,827900,19
122058,2025,Septiembre,9,TIRA 2.1 X 64 LOOPS  22MM CAJA X 192 PLATA,ANILLO DOBLE O,0,0,26
122059,2025,Septiembre,9,TIRA 2.1 X 64 LOOPS  25MM CAJA X 140 BLANCO,ANILLO DOBLE O,0,0,91
122077,2025,Septiembre,9,TIRA 2.1 X 64 LOOPS  25MM CAJA X 140 BRONCE,ANILLO DOBLE O,1,413100,15
122060,2025,Septiembre,9,TIRA 2.1 X 64 LOOPS  25MM CAJA X 140 NEGRO,ANILLO DOBLE O,1,358700,39
122061,2025,Septiembre,9,TIRA 2.1 X 64 LOOPS  25MM CAJA X 140 PLATA,ANILLO DOBLE O,3,1385100,17
122062,2025,Septiembre,9,TIRA 2.1 X 64 LOOPS  28MM CAJA X 96 BLANCO,ANILLO DOBLE O,0,0,77
122063,2025,Septiembre,9,TIRA 2.1 X 64 LOOPS  28MM CAJA X 96 NEGRO,ANILLO DOBLE O,0,0,49
122064,2025,Septiembre,9,TIRA 2.1 X 64 LOOPS  28MM CAJA X 96 PLATA,ANILLO DOBLE O,0,0,60
122065,2025,Septiembre,9,TIRA 2.1 X 64 LOOPS  32MM CAJA X 96 BLANCO,ANILLO DOBLE O,1,443700,67
122066,2025,Septiembre,9,TIRA 2.1 X 64 LOOPS  32MM CAJA X 96 NEGRO,ANILLO DOBLE O,1,443700,56
131008,2025,Septiembre,9,VARILLA MEDIA LUNA  10 CM X 100 BLANCO,ANILLO DOBLE O,0,0,2051
131007,2025,Septiembre,9,VARILLA MEDIA LUNA  10 CM X 100 NEGRO,ANILLO DOBLE O,0,0,824
131010,2025,Septiembre,9,VARILLA MEDIA LUNA  15 CM X 100 BLANCO,ANILLO DOBLE O,77,1190000,486
131009,2025,Septiembre,9,VARILLA MEDIA LUNA  15 CM X 100 NEGRO,ANILLO DOBLE O,0,0,390
131033,2025,Septiembre,9,VARILLA MEDIA LUNA  20 CM X 100 BLANCO,ANILLO DOBLE O,0,0,0
131034,2025,Septiembre,9,VARILLA MEDIA LUNA  20 CM X 100 NEGRO,ANILLO DOBLE O,0,0,304
131018,2025,Septiembre,9,YOYO ORIGINAL CAJA X 50 AZUL,VARIOS,44,2635500,838
131019,2025,Septiembre,9,YOYO ORIGINAL CAJA X 50 BLANCO,VARIOS,60,3586600,1124
131020,2025,Septiembre,9,YOYO ORIGINAL CAJA X 50 NEGRO,VARIOS,28,1670500,835
131021,2025,Septiembre,9,YOYO ORIGINAL CAJA X 50 ROJO,VARIOS,0,0,0
131022,2025,Septiembre,9,YOYO ORIGINAL CAJA X 50 VERDE,VARIOS,10,651000,186
131012,2025,Octubre,10,ACETATOS CARTA PAQ X 50,VARIOS,846,8082000,2154
113001,2025,Octubre,10,BOLSILLO CARNET 60 X 90 MM 175 MIC CAJA X 100,LAMINACION,1055,4775000,1532
113005,2025,Octubre,10,BOLSILLO CARTA 225MM X 288MM 125 MIC CAJA X 100,LAMINACION,445,13012500,8114
113006,2025,Octubre,10,BOLSILLO CARTA 225MM X 288MM 175 MIC CAJA X 100,LAMINACION,265,8130500,2003
113007,2025,Octubre,10,BOLSILLO CARTA 225MM X 288MM 250 MIC CAJA X 50,LAMINACION,141,4669000,2162
113002,2025,Octubre,10,BOLSILLO CEDULA 70 X 100 MM 175 MIC CAJA X 100,LAMINACION,336,1836250,9971
113008,2025,Octubre,10,BOLSILLO OFICIO 225MM X 337MM 125 MIC CAJA X 100,LAMINACION,272,9612000,2889
113003,2025,Octubre,10,BOLSILLO TARJETA PROPIEDAD 80 X 110 MM 175 MIC CAJA X 100,LAMINACION,351,2417800,4312
121009,2025,Octubre,10,CARATULA CARTA GRAIN PAQ X 50 AZUL,CARATULA,191,2393000,2526
121010,2025,Octubre,10,CARATULA CARTA GRAIN PAQ X 50 NEGRO,CARATULA,0,0,2
121034,2025,Octubre,10,CARATULA CARTA STRIPE PAQ X 50 AMARILLO,CARATULA,12,152000,1826
121017,2025,Octubre,10,CARATULA CARTA STRIPE PAQ X 50 AZUL T-1,CARATULA,4,52000,1655
121018,2025,Octubre,10,CARATULA CARTA STRIPE PAQ X 50 AZUL T-2,CARATULA,37,467000,3566
121019,2025,Octubre,10,CARATULA CARTA STRIPE PAQ X 50 HUMO,CARATULA,38,483000,2924
121020,2025,Octubre,10,CARATULA CARTA STRIPE PAQ X 50 LILA,CARATULA,21,265000,1636
121021,2025,Octubre,10,CARATULA CARTA STRIPE PAQ X 50 NARANJA,CARATULA,29,369000,1294
121022,2025,Octubre,10,CARATULA CARTA STRIPE PAQ X 50 ROJO,CARATULA,37,467800,2251
121023,2025,Octubre,10,CARATULA CARTA STRIPE PAQ X 50 TRANSPARENTE,CARATULA,362,4552000,14333
121024,2025,Octubre,10,CARATULA CARTA STRIPE PAQ X 50 VERDE T-1,CARATULA,2,26000,1994
121025,2025,Octubre,10,CARATULA CARTA STRIPE PAQ X 50 VERDE T-2,CARATULA,41,521200,2607
121032,2025,Octubre,10,CARATULA LEGAL STRIPE PAQ X 50 TRANSPARENTE,CARATULA,3,210000,740
121030,2025,Octubre,10,CARATULA OFICIO STRIPE PAQ X 50 TRANSPARENTE,CARATULA,60,864000,4639
121031,2025,Octubre,10,CARATULA OFICIO STRIPE PAQ X 50 VERDE T-2,CARATULA,20,288000,1499
122009,2025,Octubre,10,CARRETE  2.1   16 MM X 10500 LOOPS BLANCO,ANILLO DOBLE O,5,1538600,49
122010,2025,Octubre,10,CARRETE  2.1   16 MM X 10500 LOOPS NEGRO,ANILLO DOBLE O,1,298300,30
122011,2025,Octubre,10,CARRETE  2.1   16 MM X 10500 LOOPS PLATA,ANILLO DOBLE O,0,0,18
122013,2025,Octubre,10,CARRETE  2.1   19 MM X 7000 LOOPS BLANCO,ANILLO DOBLE O,36,10029200,16
122016,2025,Octubre,10,CARRETE  2.1   19 MM X 7000 LOOPS BRONCE,ANILLO DOBLE O,0,0,2
122014,2025,Octubre,10,CARRETE  2.1   19 MM X 7000 LOOPS NEGRO,ANILLO DOBLE O,16,4308440,21
122015,2025,Octubre,10,CARRETE  2.1   19 MM X 7000 LOOPS PLATA,ANILLO DOBLE O,3,1047000,27
122017,2025,Octubre,10,CARRETE  3.1    8 MM X 60000 LOOPS BLANCO,ANILLO DOBLE O,0,0,82
122018,2025,Octubre,10,CARRETE  3.1    8 MM X 60000 LOOPS NEGRO,ANILLO DOBLE O,1,446500,33
122019,2025,Octubre,10,CARRETE  3.1    8 MM X 60000 LOOPS PLATA,ANILLO DOBLE O,0,0,1
122020,2025,Octubre,10,CARRETE  3.1    9 MM X 43000 LOOPS BLANCO,ANILLO DOBLE O,53,19203500,115
122021,2025,Octubre,10,CARRETE  3.1    9 MM X 43000 LOOPS BRONCE,ANILLO DOBLE O,0,0,22
122022,2025,Octubre,10,CARRETE  3.1    9 MM X 43000 LOOPS NEGRO,ANILLO DOBLE O,9,3203900,78
122023,2025,Octubre,10,CARRETE  3.1    9 MM X 43000 LOOPS PLATA,ANILLO DOBLE O,9,3870000,25
122024,2025,Octubre,10,CARRETE  3.1   11 MM X 32000 LOOPS BLANCO,ANILLO DOBLE O,3,1170000,84
122025,2025,Octubre,10,CARRETE  3.1   11 MM X 32000 LOOPS NEGRO,ANILLO DOBLE O,1,369900,53
122026,2025,Octubre,10,CARRETE  3.1   12 MM X 24000 LOOPS BLANCO,ANILLO DOBLE O,4,1299600,60
122027,2025,Octubre,10,CARRETE  3.1   12 MM X 24000 LOOPS NEGRO,ANILLO DOBLE O,1,324900,54
122028,2025,Octubre,10,CARRETE  3.1   12 MM X 24000 LOOPS PLATA,ANILLO DOBLE O,0,0,23
122029,2025,Octubre,10,CARRETE  3.1   14 MM X 19300 LOOPS BLANCO,ANILLO DOBLE O,2,684000,28
122030,2025,Octubre,10,CARRETE  3.1   14 MM X 19300 LOOPS NEGRO,ANILLO DOBLE O,0,0,20
122031,2025,Octubre,10,CARRETE  3.1   14 MM X 19300 LOOPS PLATA,ANILLO DOBLE O,0,0,21
122081,2025,Octubre,10,DOBLE O CARTA 2.1    8 MM  CAJA X 100 BLANCO,ANILLO DOBLE O,0,0,515
122082,2025,Octubre,10,DOBLE O CARTA 2.1    8 MM  CAJA X 100 NEGRO,ANILLO DOBLE O,0,0,237
122083,2025,Octubre,10,DOBLE O CARTA 2.1    9 MM  CAJA X 100 BLANCO,ANILLO DOBLE O,2,56000,306
122084,2025,Octubre,10,DOBLE O CARTA 2.1    9 MM  CAJA X 100 NEGRO,ANILLO DOBLE O,2,56000,173
122085,2025,Octubre,10,DOBLE O CARTA 2.1   12 MM  CAJA X 100 BLANCO,ANILLO DOBLE O,2,76000,285
122086,2025,Octubre,10,DOBLE O CARTA 2.1   12 MM  CAJA X 100 NEGRO,ANILLO DOBLE O,0,0,169
122087,2025,Octubre,10,DOBLE O CARTA 2.1   14 MM  CAJA X 100 BLANCO,ANILLO DOBLE O,159,6124800,51
122088,2025,Octubre,10,DOBLE O CARTA 2.1   14 MM  CAJA X 100 NEGRO,ANILLO DOBLE O,0,0,54
122089,2025,Octubre,10,DOBLE O CARTA 2.1   16 MM  CAJA X 50 BLANCO,ANILLO DOBLE O,37,941050,246
122090,2025,Octubre,10,DOBLE O CARTA 2.1   16 MM  CAJA X 50 NEGRO,ANILLO DOBLE O,4,114550,188
122091,2025,Octubre,10,DOBLE O CARTA 2.1   19 MM  CAJA X 50 BLANCO,ANILLO DOBLE O,37,1306050,214
122112,2025,Octubre,10,DOBLE O CARTA 2.1   19 MM  CAJA X 50 BRONCE,ANILLO DOBLE O,12,466050,28
122092,2025,Octubre,10,DOBLE O CARTA 2.1   19 MM  CAJA X 50 NEGRO,ANILLO DOBLE O,44,1476150,95
122093,2025,Octubre,10,DOBLE O CARTA 2.1   22 MM  CAJA X 50 BLANCO,ANILLO DOBLE O,0,0,258
122094,2025,Octubre,10,DOBLE O CARTA 2.1   22 MM  CAJA X 50 NEGRO,ANILLO DOBLE O,3,141600,97
122095,2025,Octubre,10,DOBLE O CARTA 2.1   25 MM  CAJA X 50 BLANCO,ANILLO DOBLE O,0,0,322
122096,2025,Octubre,10,DOBLE O CARTA 2.1   25 MM  CAJA X 50 NEGRO,ANILLO DOBLE O,0,0,220
122097,2025,Octubre,10,DOBLE O CARTA 2.1   28 MM  CAJA X 30 BLANCO,ANILLO DOBLE O,0,0,341
122098,2025,Octubre,10,DOBLE O CARTA 2.1   28 MM  CAJA X 30 NEGRO,ANILLO DOBLE O,1,58900,284
122099,2025,Octubre,10,DOBLE O CARTA 2.1   32 MM  CAJA X 30 BLANCO,ANILLO DOBLE O,0,0,398
122100,2025,Octubre,10,DOBLE O CARTA 2.1   32 MM  CAJA X 30 NEGRO,ANILLO DOBLE O,0,0,115
122101,2025,Octubre,10,DOBLE O CARTA 3.1    8 MM   CAJA X 100 BLANCO,ANILLO DOBLE O,4,94400,612
122102,2025,Octubre,10,DOBLE O CARTA 3.1    8 MM  CAJA X 100 NEGRO,ANILLO DOBLE O,0,0,383
122103,2025,Octubre,10,DOBLE O CARTA 3.1    9 MM  CAJA X 100 BLANCO,ANILLO DOBLE O,10,270000,409
122104,2025,Octubre,10,DOBLE O CARTA 3.1    9 MM  CAJA X 100 NEGRO,ANILLO DOBLE O,3,82600,211
122105,2025,Octubre,10,DOBLE O CARTA 3.1   11 MM  CAJA X 100 BLANCO,ANILLO DOBLE O,10,289000,347
122106,2025,Octubre,10,DOBLE O CARTA 3.1   11 MM  CAJA X 100 NEGRO,ANILLO DOBLE O,22,646000,178
122108,2025,Octubre,10,DOBLE O CARTA 3.1   12 MM  CAJA X 100 BLANCO,ANILLO DOBLE O,0,0,663
122107,2025,Octubre,10,DOBLE O CARTA 3.1   12 MM  CAJA X 100 NEGRO,ANILLO DOBLE O,2,77900,181
122109,2025,Octubre,10,DOBLE O CARTA 3.1   12 MM  CAJA X 100 PLATA,ANILLO DOBLE O,20,800000,134
122110,2025,Octubre,10,DOBLE O CARTA 3.1   14 MM  CAJA X 100 BLANCO,ANILLO DOBLE O,0,0,290
122111,2025,Octubre,10,DOBLE O CARTA 3.1   14 MM  CAJA X 100 NEGRO,ANILLO DOBLE O,4,182400,54
112031,2025,Octubre,10,FOIL S1 (101) 640 MM X 120 MT 12 MIC DORADO,LAMINACION,0,0,0
112032,2025,Octubre,10,FOIL S1 (120) 640 MM X 120 MT 12 MIC PLATA,LAMINACION,1,54150,86
112033,2025,Octubre,10,FOIL S2 (101) 640 MM X 120 MT 12 MIC DORADO,LAMINACION,16,899750,856
112034,2025,Octubre,10,FOIL S2 (120) 640 MM X 120 MT 12 MIC PLATA,LAMINACION,7,413000,323
112036,2025,Octubre,10,FOIL S4 (S15) 640 MM X 120 MT 12 MIC PLATA HOLOGRAFICO,LAMINACION,0,0,95
112035,2025,Octubre,10,FOIL S4 (SA18) 640 MM X 120 MT 12 MIC DORADO HOLOGRAFICO,LAMINACION,0,0,105
111001,2025,Octubre,10,ROLLO 113 MM X 60 MTS 175 MICRAS,LAMINACION,6,176400,1026
111002,2025,Octubre,10,ROLLO 113 MM X 60 MTS 250 MICRAS,LAMINACION,9,348300,1
111003,2025,Octubre,10,ROLLO 226 MM X 60 MTS 125 MICRAS,LAMINACION,414,10584400,2344
111004,2025,Octubre,10,ROLLO 226 MM X 60 MTS 175 MICRAS,LAMINACION,5,313600,266
111005,2025,Octubre,10,ROLLO 226 MM X 60 MTS 250 MICRAS,LAMINACION,47,3314900,126
111007,2025,Octubre,10,ROLLO 300 MM X 60 MTS 125 MICRAS,LAMINACION,4,248000,338
111008,2025,Octubre,10,ROLLO 300 MM X 60 MTS 250 MICRAS,LAMINACION,0,0,215
111018,2025,Octubre,10,ROLLO 350 MM X 60 MTS 250 MICRAS,LAMINACION,2,260000,147
111010,2025,Octubre,10,ROLLO 375 MM X 60 MTS 125 MICRAS,LAMINACION,0,0,399
111013,2025,Octubre,10,ROLLO 375 MM X 75 MTS 75 MICRAS MATTE,PLASTIFICACION,0,0,102
111019,2025,Octubre,10,ROLLO 540 MM X 60 MTS 125 MICRAS,PLASTIFICACION,0,0,252
111020,2025,Octubre,10,ROLLO 540 MM X 60 MTS 175 MICRAS,PLASTIFICACION,0,0,252
111016,2025,Octubre,10,ROLLO 680 MM X 60 MTS 125 MICRAS BRILLANTE,PLASTIFICACION,8,1240000,303
112001,2025,Octubre,10,ROLLO BOPP BRILLANTE 250 MM X 4000 MT 18 MIC,PLASTIFICACION,23,5656770,68
112002,2025,Octubre,10,ROLLO BOPP BRILLANTE 300 MM X 4000 MT 18 MIC,PLASTIFICACION,20,5756033,131
112003,2025,Octubre,10,ROLLO BOPP BRILLANTE 330 MM X 200 MT 23 MIC,PLASTIFICACION,34,1900000,181
112006,2025,Octubre,10,ROLLO BOPP BRILLANTE 345 MM X 4000 MT 18 MIC,PLASTIFICACION,41,13646938,140
112026,2025,Octubre,10,ROLLO BOPP BRILLANTE 400 MM X 4000 MT 18 MIC,PLASTIFICACION,5,1855059,110
112007,2025,Octubre,10,ROLLO BOPP BRILLANTE 445 MM X 4000 MT 18 MIC,PLASTIFICACION,13,5297685,83
112008,2025,Octubre,10,ROLLO BOPP BRILLANTE 495 MM X 4000 MT 18 MIC,PLASTIFICACION,91,41173200,58
112028,2025,Octubre,10,ROLLO BOPP BRILLANTE 595 MM X 4000 MT 18 MIC,PLASTIFICACION,15,7761810,61
112009,2025,Octubre,10,ROLLO BOPP BRILLANTE 695 MM X 4000 MT 18 MIC,PLASTIFICACION,36,22739000,64
112024,2025,Octubre,10,ROLLO BOPP MATE 200 MM X 4000 MT 18 MIC,PLASTIFICACION,4,706953,118
112010,2025,Octubre,10,ROLLO BOPP MATE 250 MM X 4000 MT 18 MIC,PLASTIFICACION,19,4104825,139
112011,2025,Octubre,10,ROLLO BOPP MATE 300 MM X 4000 MT 18 MIC,PLASTIFICACION,39,10532363,98
112012,2025,Octubre,10,ROLLO BOPP MATE 330 MM X 200 MT 23 MIC,PLASTIFICACION,32,1840000,272
112021,2025,Octubre,10,ROLLO BOPP MATE 330 MM X 4000 MT 18 MIC,PLASTIFICACION,25,7558911,92
112013,2025,Octubre,10,ROLLO BOPP MATE 330 MM X 500 MT 22 MIC,PLASTIFICACION,2,300000,142
112015,2025,Octubre,10,ROLLO BOPP MATE 345 MM X 4000 MT 18 MIC,PLASTIFICACION,67,21335873,158
112025,2025,Octubre,10,ROLLO BOPP MATE 400 MM X 4000 MT 18 MIC,PLASTIFICACION,35,11812460,43
112016,2025,Octubre,10,ROLLO BOPP MATE 445 MM X 4000 MT 18 MIC,PLASTIFICACION,55,21816041,17
112017,2025,Octubre,10,ROLLO BOPP MATE 495 MM X 4000 MT 18 MIC,PLASTIFICACION,162,71598044,280
112018,2025,Octubre,10,ROLLO BOPP MATE 595 MM X 4000 MT 18 MIC,ANILLO DOBLE O,49,25105550,50
112019,2025,Octubre,10,ROLLO BOPP MATE 695 MM X 4000 MT 18 MIC,ANILLO DOBLE O,95,56858960,49
112020,2025,Octubre,10,ROLLO HOLOGRAFICO 495 MM X 1500 MT 24 MIC,ANILLO DOBLE O,14,5473125,154
112022,2025,Octubre,10,ROLLO METALIZADO DORADO 495 MM X 1000 MT 22 MIC,ANILLO DOBLE O,0,0,72
112023,2025,Octubre,10,ROLLO METALIZADO PLATA 495 MM X 1000 MT 22 MIC,ANILLO DOBLE O,2,520000,71
112027,2025,Octubre,10,ROLLO PIEL DURAZNO 495 MM X 200 MT 28 MIC,ANILLO DOBLE O,9,1453500,0
112005,2025,Octubre,10,ROLLO SUPERBONDING BRILLANTE 330 MM X 500 MT 30 MIC,ANILLO DOBLE O,1,200000,34
122041,2025,Octubre,10,TIRA 2.1 X 64 LOOPS  12MM CAJA X 540 BLANCO,ANILLO DOBLE O,13,6159500,117
122042,2025,Octubre,10,TIRA 2.1 X 64 LOOPS  12MM CAJA X 540 NEGRO,ANILLO DOBLE O,2,921500,88
122043,2025,Octubre,10,TIRA 2.1 X 64 LOOPS  12MM CAJA X 540 PLATA,ANILLO DOBLE O,0,0,56
122044,2025,Octubre,10,TIRA 2.1 X 64 LOOPS  14MM CAJA X 384 BLANCO,ANILLO DOBLE O,1,432250,1
122045,2025,Octubre,10,TIRA 2.1 X 64 LOOPS  14MM CAJA X 384 NEGRO,ANILLO DOBLE O,2,819000,38
122046,2025,Octubre,10,TIRA 2.1 X 64 LOOPS  14MM CAJA X 384 PLATA,ANILLO DOBLE O,6,3138000,29
122047,2025,Octubre,10,TIRA 2.1 X 64 LOOPS  16MM CAJA X 308 BLANCO,ANILLO DOBLE O,29,11932800,94
122048,2025,Octubre,10,TIRA 2.1 X 64 LOOPS  16MM CAJA X 308 BRONCE,ANILLO DOBLE O,0,0,30
122049,2025,Octubre,10,TIRA 2.1 X 64 LOOPS  16MM CAJA X 308 NEGRO,ANILLO DOBLE O,2,851200,118
122050,2025,Octubre,10,TIRA 2.1 X 64 LOOPS  16MM CAJA X 308 PLATA,ANILLO DOBLE O,23,10740000,28
122051,2025,Octubre,10,TIRA 2.1 X 64 LOOPS  19MM CAJA X 252 BLANCO,ANILLO DOBLE O,29,13327040,79
122052,2025,Octubre,10,TIRA 2.1 X 64 LOOPS  19MM CAJA X 252 BRONCE,ANILLO DOBLE O,3,1612400,16
122053,2025,Octubre,10,TIRA 2.1 X 64 LOOPS  19MM CAJA X 252 NEGRO,ANILLO DOBLE O,9,4124000,57
122054,2025,Octubre,10,TIRA 2.1 X 64 LOOPS  19MM CAJA X 252 PLATA,ANILLO DOBLE O,1,522000,34
122055,2025,Octubre,10,TIRA 2.1 X 64 LOOPS  22MM CAJA X 192 BLANCO,ANILLO DOBLE O,6,2678500,75
122056,2025,Octubre,10,TIRA 2.1 X 64 LOOPS  22MM CAJA X 192 BRONCE,ANILLO DOBLE O,3,1528800,17
122057,2025,Octubre,10,TIRA 2.1 X 64 LOOPS  22MM CAJA X 192 NEGRO,ANILLO DOBLE O,0,0,19
122058,2025,Octubre,10,TIRA 2.1 X 64 LOOPS  22MM CAJA X 192 PLATA,ANILLO DOBLE O,7,3460000,19
122059,2025,Octubre,10,TIRA 2.1 X 64 LOOPS  25MM CAJA X 140 BLANCO,ANILLO DOBLE O,5,1856800,86
122077,2025,Octubre,10,TIRA 2.1 X 64 LOOPS  25MM CAJA X 140 BRONCE,ANILLO DOBLE O,4,1749600,11
122060,2025,Octubre,10,TIRA 2.1 X 64 LOOPS  25MM CAJA X 140 NEGRO,ANILLO DOBLE O,5,1877900,34
122061,2025,Octubre,10,TIRA 2.1 X 64 LOOPS  25MM CAJA X 140 PLATA,ANILLO DOBLE O,6,2770200,11
122062,2025,Octubre,10,TIRA 2.1 X 64 LOOPS  28MM CAJA X 96 BLANCO,ANILLO DOBLE O,0,0,77
122063,2025,Octubre,10,TIRA 2.1 X 64 LOOPS  28MM CAJA X 96 NEGRO,ANILLO DOBLE O,1,425700,48
122064,2025,Octubre,10,TIRA 2.1 X 64 LOOPS  28MM CAJA X 96 PLATA,ANILLO DOBLE O,2,1033600,58
122065,2025,Octubre,10,TIRA 2.1 X 64 LOOPS  32MM CAJA X 96 BLANCO,ANILLO DOBLE O,2,887400,65
122066,2025,Octubre,10,TIRA 2.1 X 64 LOOPS  32MM CAJA X 96 NEGRO,ANILLO DOBLE O,8,3575700,48
131008,2025,Octubre,10,VARILLA MEDIA LUNA  10 CM X 100 BLANCO,ANILLO DOBLE O,0,0,2051
131007,2025,Octubre,10,VARILLA MEDIA LUNA  10 CM X 100 NEGRO,ANILLO DOBLE O,70,773500,754
131010,2025,Octubre,10,VARILLA MEDIA LUNA  15 CM X 100 BLANCO,ANILLO DOBLE O,11,161500,475
131009,2025,Octubre,10,VARILLA MEDIA LUNA  15 CM X 100 NEGRO,ANILLO DOBLE O,10,144500,380
131033,2025,Octubre,10,VARILLA MEDIA LUNA  20 CM X 100 BLANCO,ANILLO DOBLE O,0,0,0
131034,2025,Octubre,10,VARILLA MEDIA LUNA  20 CM X 100 NEGRO,ANILLO DOBLE O,105,1984500,199
131018,2025,Octubre,10,YOYO ORIGINAL CAJA X 50 AZUL,VARIOS,40,2300000,798
131019,2025,Octubre,10,YOYO ORIGINAL CAJA X 50 BLANCO,VARIOS,100,5750000,1024
131020,2025,Octubre,10,YOYO ORIGINAL CAJA X 50 NEGRO,VARIOS,2,130500,833
131021,2025,Octubre,10,YOYO ORIGINAL CAJA X 50 ROJO,VARIOS,0,0,0
131022,2025,Octubre,10,YOYO ORIGINAL CAJA X 50 VERDE,VARIOS,0,0,186
131012,2025,Noviembre,11,ACETATOS CARTA PAQ X 50,VARIOS,10,108000,2144
113001,2025,Noviembre,11,BOLSILLO CARNET 60 X 90 MM 175 MIC CAJA X 100,LAMINACION,1,5500,1531
113005,2025,Noviembre,11,BOLSILLO CARTA 225MM X 288MM 125 MIC CAJA X 100,LAMINACION,1403,32885000,6711
113006,2025,Noviembre,11,BOLSILLO CARTA 225MM X 288MM 175 MIC CAJA X 100,LAMINACION,47,1999500,1956
113007,2025,Noviembre,11,BOLSILLO CARTA 225MM X 288MM 250 MIC CAJA X 50,LAMINACION,114,3955000,2048
113002,2025,Noviembre,11,BOLSILLO CEDULA 70 X 100 MM 175 MIC CAJA X 100,LAMINACION,41,240500,9930
113008,2025,Noviembre,11,BOLSILLO OFICIO 225MM X 337MM 125 MIC CAJA X 100,LAMINACION,163,5768000,2726
113003,2025,Noviembre,11,BOLSILLO TARJETA PROPIEDAD 80 X 110 MM 175 MIC CAJA X 100,LAMINACION,0,0,4312
121009,2025,Noviembre,11,CARATULA CARTA GRAIN PAQ X 50 AZUL,CARATULA,46,582300,2480
121010,2025,Noviembre,11,CARATULA CARTA GRAIN PAQ X 50 NEGRO,CARATULA,0,0,2
121034,2025,Noviembre,11,CARATULA CARTA STRIPE PAQ X 50 AMARILLO,CARATULA,86,1112000,1740
121017,2025,Noviembre,11,CARATULA CARTA STRIPE PAQ X 50 AZUL T-1,CARATULA,41,517300,1614
121018,2025,Noviembre,11,CARATULA CARTA STRIPE PAQ X 50 AZUL T-2,CARATULA,78,983900,3477
121019,2025,Noviembre,11,CARATULA CARTA STRIPE PAQ X 50 HUMO,CARATULA,72,903000,2842
121020,2025,Noviembre,11,CARATULA CARTA STRIPE PAQ X 50 LILA,CARATULA,31,393000,1605
121021,2025,Noviembre,11,CARATULA CARTA STRIPE PAQ X 50 NARANJA,CARATULA,40,504000,1254
121022,2025,Noviembre,11,CARATULA CARTA STRIPE PAQ X 50 ROJO,CARATULA,46,580000,2206
121023,2025,Noviembre,11,CARATULA CARTA STRIPE PAQ X 50 TRANSPARENTE,CARATULA,433,5418600,13920
121024,2025,Noviembre,11,CARATULA CARTA STRIPE PAQ X 50 VERDE T-1,CARATULA,20,252000,1974
121025,2025,Noviembre,11,CARATULA CARTA STRIPE PAQ X 50 VERDE T-2,CARATULA,70,883900,2537
121032,2025,Noviembre,11,CARATULA LEGAL STRIPE PAQ X 50 TRANSPARENTE,CARATULA,0,0,740
121030,2025,Noviembre,11,CARATULA OFICIO STRIPE PAQ X 50 TRANSPARENTE,CARATULA,25,364000,4614
121031,2025,Noviembre,11,CARATULA OFICIO STRIPE PAQ X 50 VERDE T-2,CARATULA,0,0,1499
122009,2025,Noviembre,11,CARRETE  2.1   16 MM X 10500 LOOPS BLANCO,ANILLO DOBLE O,2,628000,47
122010,2025,Noviembre,11,CARRETE  2.1   16 MM X 10500 LOOPS NEGRO,ANILLO DOBLE O,8,2373100,22
122011,2025,Noviembre,11,CARRETE  2.1   16 MM X 10500 LOOPS PLATA,ANILLO DOBLE O,0,0,18
122013,2025,Noviembre,11,CARRETE  2.1   19 MM X 7000 LOOPS BLANCO,ANILLO DOBLE O,15,4080600,2
122016,2025,Noviembre,11,CARRETE  2.1   19 MM X 7000 LOOPS BRONCE,ANILLO DOBLE O,0,0,2
122014,2025,Noviembre,11,CARRETE  2.1   19 MM X 7000 LOOPS NEGRO,ANILLO DOBLE O,8,2187600,12
122015,2025,Noviembre,11,CARRETE  2.1   19 MM X 7000 LOOPS PLATA,ANILLO DOBLE O,2,663100,25
122017,2025,Noviembre,11,CARRETE  3.1    8 MM X 60000 LOOPS BLANCO,ANILLO DOBLE O,11,4779000,71
122018,2025,Noviembre,11,CARRETE  3.1    8 MM X 60000 LOOPS NEGRO,ANILLO DOBLE O,1,446500,32
122019,2025,Noviembre,11,CARRETE  3.1    8 MM X 60000 LOOPS PLATA,ANILLO DOBLE O,0,0,1
122020,2025,Noviembre,11,CARRETE  3.1    9 MM X 43000 LOOPS BLANCO,ANILLO DOBLE O,49,17880400,66
122021,2025,Noviembre,11,CARRETE  3.1    9 MM X 43000 LOOPS BRONCE,ANILLO DOBLE O,0,0,22
122022,2025,Noviembre,11,CARRETE  3.1    9 MM X 43000 LOOPS NEGRO,ANILLO DOBLE O,25,8984700,53
122023,2025,Noviembre,11,CARRETE  3.1    9 MM X 43000 LOOPS PLATA,ANILLO DOBLE O,20,8466300,5
122024,2025,Noviembre,11,CARRETE  3.1   11 MM X 32000 LOOPS BLANCO,ANILLO DOBLE O,18,6953450,66
122025,2025,Noviembre,11,CARRETE  3.1   11 MM X 32000 LOOPS NEGRO,ANILLO DOBLE O,5,1944030,48
122026,2025,Noviembre,11,CARRETE  3.1   12 MM X 24000 LOOPS BLANCO,ANILLO DOBLE O,19,6036300,41
122027,2025,Noviembre,11,CARRETE  3.1   12 MM X 24000 LOOPS NEGRO,ANILLO DOBLE O,1,324900,53
122028,2025,Noviembre,11,CARRETE  3.1   12 MM X 24000 LOOPS PLATA,ANILLO DOBLE O,20,7482500,3
122029,2025,Noviembre,11,CARRETE  3.1   14 MM X 19300 LOOPS BLANCO,ANILLO DOBLE O,0,0,28
122030,2025,Noviembre,11,CARRETE  3.1   14 MM X 19300 LOOPS NEGRO,ANILLO DOBLE O,1,306000,19
122031,2025,Noviembre,11,CARRETE  3.1   14 MM X 19300 LOOPS PLATA,ANILLO DOBLE O,1,409450,20
122081,2025,Noviembre,11,DOBLE O CARTA 2.1    8 MM  CAJA X 100 BLANCO,ANILLO DOBLE O,8,208000,507
122082,2025,Noviembre,11,DOBLE O CARTA 2.1    8 MM  CAJA X 100 NEGRO,ANILLO DOBLE O,10,234000,227
122083,2025,Noviembre,11,DOBLE O CARTA 2.1    9 MM  CAJA X 100 BLANCO,ANILLO DOBLE O,11,266000,295
122084,2025,Noviembre,11,DOBLE O CARTA 2.1    9 MM  CAJA X 100 NEGRO,ANILLO DOBLE O,16,420000,157
122085,2025,Noviembre,11,DOBLE O CARTA 2.1   12 MM  CAJA X 100 BLANCO,ANILLO DOBLE O,9,336300,276
122086,2025,Noviembre,11,DOBLE O CARTA 2.1   12 MM  CAJA X 100 NEGRO,ANILLO DOBLE O,6,216600,163
122087,2025,Noviembre,11,DOBLE O CARTA 2.1   14 MM  CAJA X 100 BLANCO,ANILLO DOBLE O,45,1944000,6
122088,2025,Noviembre,11,DOBLE O CARTA 2.1   14 MM  CAJA X 100 NEGRO,ANILLO DOBLE O,16,720000,38
122089,2025,Noviembre,11,DOBLE O CARTA 2.1   16 MM  CAJA X 50 BLANCO,ANILLO DOBLE O,53,1319500,193
122090,2025,Noviembre,11,DOBLE O CARTA 2.1   16 MM  CAJA X 50 NEGRO,ANILLO DOBLE O,11,290000,177
122091,2025,Noviembre,11,DOBLE O CARTA 2.1   19 MM  CAJA X 50 BLANCO,ANILLO DOBLE O,9,351000,205
122112,2025,Noviembre,11,DOBLE O CARTA 2.1   19 MM  CAJA X 50 BRONCE,ANILLO DOBLE O,2,78000,26
122092,2025,Noviembre,11,DOBLE O CARTA 2.1   19 MM  CAJA X 50 NEGRO,ANILLO DOBLE O,10,351000,85
122093,2025,Noviembre,11,DOBLE O CARTA 2.1   22 MM  CAJA X 50 BLANCO,ANILLO DOBLE O,15,705600,243
122094,2025,Noviembre,11,DOBLE O CARTA 2.1   22 MM  CAJA X 50 NEGRO,ANILLO DOBLE O,0,0,97
122095,2025,Noviembre,11,DOBLE O CARTA 2.1   25 MM  CAJA X 50 BLANCO,ANILLO DOBLE O,2,112000,320
122096,2025,Noviembre,11,DOBLE O CARTA 2.1   25 MM  CAJA X 50 NEGRO,ANILLO DOBLE O,0,0,220
122097,2025,Noviembre,11,DOBLE O CARTA 2.1   28 MM  CAJA X 30 BLANCO,ANILLO DOBLE O,3,186000,338
122098,2025,Noviembre,11,DOBLE O CARTA 2.1   28 MM  CAJA X 30 NEGRO,ANILLO DOBLE O,1,62000,283
122099,2025,Noviembre,11,DOBLE O CARTA 2.1   32 MM  CAJA X 30 BLANCO,ANILLO DOBLE O,2,142000,396
122100,2025,Noviembre,11,DOBLE O CARTA 2.1   32 MM  CAJA X 30 NEGRO,ANILLO DOBLE O,14,873300,103
122101,2025,Noviembre,11,DOBLE O CARTA 3.1    8 MM   CAJA X 100 BLANCO,ANILLO DOBLE O,0,0,612
122102,2025,Noviembre,11,DOBLE O CARTA 3.1    8 MM  CAJA X 100 NEGRO,ANILLO DOBLE O,0,0,383
122103,2025,Noviembre,11,DOBLE O CARTA 3.1    9 MM  CAJA X 100 BLANCO,ANILLO DOBLE O,10,238000,398
122104,2025,Noviembre,11,DOBLE O CARTA 3.1    9 MM  CAJA X 100 NEGRO,ANILLO DOBLE O,23,560000,188
122105,2025,Noviembre,11,DOBLE O CARTA 3.1   11 MM  CAJA X 100 BLANCO,ANILLO DOBLE O,0,0,347
122106,2025,Noviembre,11,DOBLE O CARTA 3.1   11 MM  CAJA X 100 NEGRO,ANILLO DOBLE O,41,1314000,137
122108,2025,Noviembre,11,DOBLE O CARTA 3.1   12 MM  CAJA X 100 BLANCO,ANILLO DOBLE O,6,246000,660
122107,2025,Noviembre,11,DOBLE O CARTA 3.1   12 MM  CAJA X 100 NEGRO,ANILLO DOBLE O,13,471500,168
122109,2025,Noviembre,11,DOBLE O CARTA 3.1   12 MM  CAJA X 100 PLATA,ANILLO DOBLE O,0,0,134
122110,2025,Noviembre,11,DOBLE O CARTA 3.1   14 MM  CAJA X 100 BLANCO,ANILLO DOBLE O,0,0,290
122111,2025,Noviembre,11,DOBLE O CARTA 3.1   14 MM  CAJA X 100 NEGRO,ANILLO DOBLE O,6,288000,50
112031,2025,Noviembre,11,FOIL S1 (101) 640 MM X 120 MT 12 MIC DORADO,LAMINACION,0,0,0
112032,2025,Noviembre,11,FOIL S1 (120) 640 MM X 120 MT 12 MIC PLATA,LAMINACION,2,114000,85
112033,2025,Noviembre,11,FOIL S2 (101) 640 MM X 120 MT 12 MIC DORADO,LAMINACION,35,1876200,822
112034,2025,Noviembre,11,FOIL S2 (120) 640 MM X 120 MT 12 MIC PLATA,LAMINACION,1,59000,322
112036,2025,Noviembre,11,FOIL S4 (S15) 640 MM X 120 MT 12 MIC PLATA HOLOGRAFICO,LAMINACION,1,69000,94
112035,2025,Noviembre,11,FOIL S4 (SA18) 640 MM X 120 MT 12 MIC DORADO HOLOGRAFICO,LAMINACION,1,62100,104
111001,2025,Noviembre,11,ROLLO 113 MM X 60 MTS 175 MICRAS,LAMINACION,8,230400,1018
111002,2025,Noviembre,11,ROLLO 113 MM X 60 MTS 250 MICRAS,LAMINACION,0,0,1
111003,2025,Noviembre,11,ROLLO 226 MM X 60 MTS 125 MICRAS,LAMINACION,36,1537000,2308
111004,2025,Noviembre,11,ROLLO 226 MM X 60 MTS 175 MICRAS,LAMINACION,7,452200,259
111005,2025,Noviembre,11,ROLLO 226 MM X 60 MTS 250 MICRAS,LAMINACION,7,591600,119
111007,2025,Noviembre,11,ROLLO 300 MM X 60 MTS 125 MICRAS,LAMINACION,25,1497300,311
111008,2025,Noviembre,11,ROLLO 300 MM X 60 MTS 250 MICRAS,LAMINACION,7,767750,208
111018,2025,Noviembre,11,ROLLO 350 MM X 60 MTS 250 MICRAS,LAMINACION,2,247000,145
111010,2025,Noviembre,11,ROLLO 375 MM X 60 MTS 125 MICRAS,LAMINACION,0,0,399
111013,2025,Noviembre,11,ROLLO 375 MM X 75 MTS 75 MICRAS MATTE,PLASTIFICACION,2,132000,100
111019,2025,Noviembre,11,ROLLO 540 MM X 60 MTS 125 MICRAS,PLASTIFICACION,0,0,252
111020,2025,Noviembre,11,ROLLO 540 MM X 60 MTS 175 MICRAS,PLASTIFICACION,0,0,252
111016,2025,Noviembre,11,ROLLO 680 MM X 60 MTS 125 MICRAS BRILLANTE,PLASTIFICACION,34,5630000,269
112001,2025,Noviembre,11,ROLLO BOPP BRILLANTE 250 MM X 4000 MT 18 MIC,PLASTIFICACION,20,4782483,48
112002,2025,Noviembre,11,ROLLO BOPP BRILLANTE 300 MM X 4000 MT 18 MIC,PLASTIFICACION,25,7129220,106
112003,2025,Noviembre,11,ROLLO BOPP BRILLANTE 330 MM X 200 MT 23 MIC,PLASTIFICACION,23,1400600,163
112006,2025,Noviembre,11,ROLLO BOPP BRILLANTE 345 MM X 4000 MT 18 MIC,PLASTIFICACION,44,14372721,98
112026,2025,Noviembre,11,ROLLO BOPP BRILLANTE 400 MM X 4000 MT 18 MIC,PLASTIFICACION,3,1182050,107
112007,2025,Noviembre,11,ROLLO BOPP BRILLANTE 445 MM X 4000 MT 18 MIC,PLASTIFICACION,27,11099170,56
112008,2025,Noviembre,11,ROLLO BOPP BRILLANTE 495 MM X 4000 MT 18 MIC,PLASTIFICACION,52,24251828,6
112028,2025,Noviembre,11,ROLLO BOPP BRILLANTE 595 MM X 4000 MT 18 MIC,PLASTIFICACION,17,8964410,44
112009,2025,Noviembre,11,ROLLO BOPP BRILLANTE 695 MM X 4000 MT 18 MIC,PLASTIFICACION,24,15205960,40
112024,2025,Noviembre,11,ROLLO BOPP MATE 200 MM X 4000 MT 18 MIC,PLASTIFICACION,21,3682033,97
112010,2025,Noviembre,11,ROLLO BOPP MATE 250 MM X 4000 MT 18 MIC,PLASTIFICACION,41,8916860,98
112011,2025,Noviembre,11,ROLLO BOPP MATE 300 MM X 4000 MT 18 MIC,PLASTIFICACION,27,7361300,71
112012,2025,Noviembre,11,ROLLO BOPP MATE 330 MM X 200 MT 23 MIC,PLASTIFICACION,8,318003,254
112021,2025,Noviembre,11,ROLLO BOPP MATE 330 MM X 4000 MT 18 MIC,PLASTIFICACION,6,1812628,86
112013,2025,Noviembre,11,ROLLO BOPP MATE 330 MM X 500 MT 22 MIC,PLASTIFICACION,4,577500,138
112015,2025,Noviembre,11,ROLLO BOPP MATE 345 MM X 4000 MT 18 MIC,PLASTIFICACION,58,17581105,100
112025,2025,Noviembre,11,ROLLO BOPP MATE 400 MM X 4000 MT 18 MIC,PLASTIFICACION,16,5643860,27
112016,2025,Noviembre,11,ROLLO BOPP MATE 445 MM X 4000 MT 18 MIC,PLASTIFICACION,15,6000963,3
112017,2025,Noviembre,11,ROLLO BOPP MATE 495 MM X 4000 MT 18 MIC,PLASTIFICACION,91,40183038,191
112018,2025,Noviembre,11,ROLLO BOPP MATE 595 MM X 4000 MT 18 MIC,ANILLO DOBLE O,16,8379120,34
112019,2025,Noviembre,11,ROLLO BOPP MATE 695 MM X 4000 MT 18 MIC,ANILLO DOBLE O,46,27610670,3
112020,2025,Noviembre,11,ROLLO HOLOGRAFICO 495 MM X 1500 MT 24 MIC,ANILLO DOBLE O,37,14432900,117
112022,2025,Noviembre,11,ROLLO METALIZADO DORADO 495 MM X 1000 MT 22 MIC,ANILLO DOBLE O,4,1251200,68
112023,2025,Noviembre,11,ROLLO METALIZADO PLATA 495 MM X 1000 MT 22 MIC,ANILLO DOBLE O,10,2619500,61
112027,2025,Noviembre,11,ROLLO PIEL DURAZNO 495 MM X 200 MT 28 MIC,ANILLO DOBLE O,0,0,0
112005,2025,Noviembre,11,ROLLO SUPERBONDING BRILLANTE 330 MM X 500 MT 30 MIC,ANILLO DOBLE O,2,400000,32
122041,2025,Noviembre,11,TIRA 2.1 X 64 LOOPS  12MM CAJA X 540 BLANCO,ANILLO DOBLE O,11,4971250,105
122042,2025,Noviembre,11,TIRA 2.1 X 64 LOOPS  12MM CAJA X 540 NEGRO,ANILLO DOBLE O,2,824500,87
122043,2025,Noviembre,11,TIRA 2.1 X 64 LOOPS  12MM CAJA X 540 PLATA,ANILLO DOBLE O,11,5720000,45
122044,2025,Noviembre,11,TIRA 2.1 X 64 LOOPS  14MM CAJA X 384 BLANCO,ANILLO DOBLE O,0,0,1
122045,2025,Noviembre,11,TIRA 2.1 X 64 LOOPS  14MM CAJA X 384 NEGRO,ANILLO DOBLE O,1,386750,37
122046,2025,Noviembre,11,TIRA 2.1 X 64 LOOPS  14MM CAJA X 384 PLATA,ANILLO DOBLE O,12,5880000,17
122047,2025,Noviembre,11,TIRA 2.1 X 64 LOOPS  16MM CAJA X 308 BLANCO,ANILLO DOBLE O,34,13865600,60
122048,2025,Noviembre,11,TIRA 2.1 X 64 LOOPS  16MM CAJA X 308 BRONCE,ANILLO DOBLE O,2,927000,28
122049,2025,Noviembre,11,TIRA 2.1 X 64 LOOPS  16MM CAJA X 308 NEGRO,ANILLO DOBLE O,4,1680800,114
122050,2025,Noviembre,11,TIRA 2.1 X 64 LOOPS  16MM CAJA X 308 PLATA,ANILLO DOBLE O,6,2755250,22
122051,2025,Noviembre,11,TIRA 2.1 X 64 LOOPS  19MM CAJA X 252 BLANCO,ANILLO DOBLE O,51,23666800,27
122052,2025,Noviembre,11,TIRA 2.1 X 64 LOOPS  19MM CAJA X 252 BRONCE,ANILLO DOBLE O,4,2146000,12
122053,2025,Noviembre,11,TIRA 2.1 X 64 LOOPS  19MM CAJA X 252 NEGRO,ANILLO DOBLE O,5,2360000,52
122054,2025,Noviembre,11,TIRA 2.1 X 64 LOOPS  19MM CAJA X 252 PLATA,ANILLO DOBLE O,21,10991000,13
122055,2025,Noviembre,11,TIRA 2.1 X 64 LOOPS  22MM CAJA X 192 BLANCO,ANILLO DOBLE O,16,6977610,59
122056,2025,Noviembre,11,TIRA 2.1 X 64 LOOPS  22MM CAJA X 192 BRONCE,ANILLO DOBLE O,0,0,17
122057,2025,Noviembre,11,TIRA 2.1 X 64 LOOPS  22MM CAJA X 192 NEGRO,ANILLO DOBLE O,5,2142800,14
122058,2025,Noviembre,11,TIRA 2.1 X 64 LOOPS  22MM CAJA X 192 PLATA,ANILLO DOBLE O,0,0,19
122059,2025,Noviembre,11,TIRA 2.1 X 64 LOOPS  25MM CAJA X 140 BLANCO,ANILLO DOBLE O,5,2004500,81
122077,2025,Noviembre,11,TIRA 2.1 X 64 LOOPS  25MM CAJA X 140 BRONCE,ANILLO DOBLE O,2,777600,9
122060,2025,Noviembre,11,TIRA 2.1 X 64 LOOPS  25MM CAJA X 140 NEGRO,ANILLO DOBLE O,0,0,34
122061,2025,Noviembre,11,TIRA 2.1 X 64 LOOPS  25MM CAJA X 140 PLATA,ANILLO DOBLE O,0,0,11
122062,2025,Noviembre,11,TIRA 2.1 X 64 LOOPS  28MM CAJA X 96 BLANCO,ANILLO DOBLE O,2,804100,75
122063,2025,Noviembre,11,TIRA 2.1 X 64 LOOPS  28MM CAJA X 96 NEGRO,ANILLO DOBLE O,0,0,48
122064,2025,Noviembre,11,TIRA 2.1 X 64 LOOPS  28MM CAJA X 96 PLATA,ANILLO DOBLE O,0,0,58
122065,2025,Noviembre,11,TIRA 2.1 X 64 LOOPS  32MM CAJA X 96 BLANCO,ANILLO DOBLE O,0,0,65
122066,2025,Noviembre,11,TIRA 2.1 X 64 LOOPS  32MM CAJA X 96 NEGRO,ANILLO DOBLE O,0,0,48
131008,2025,Noviembre,11,VARILLA MEDIA LUNA  10 CM X 100 BLANCO,ANILLO DOBLE O,1,13000,2007
131007,2025,Noviembre,11,VARILLA MEDIA LUNA  10 CM X 100 NEGRO,ANILLO DOBLE O,82,925600,712
131010,2025,Noviembre,11,VARILLA MEDIA LUNA  15 CM X 100 BLANCO,ANILLO DOBLE O,138,2170050,337
131009,2025,Noviembre,11,VARILLA MEDIA LUNA  15 CM X 100 NEGRO,ANILLO DOBLE O,50,781500,330
131033,2025,Noviembre,11,VARILLA MEDIA LUNA  20 CM X 100 BLANCO,ANILLO DOBLE O,0,0,0
131034,2025,Noviembre,11,VARILLA MEDIA LUNA  20 CM X 100 NEGRO,ANILLO DOBLE O,0,0,199
131018,2025,Noviembre,11,YOYO ORIGINAL CAJA X 50 AZUL,VARIOS,0,0,798
131019,2025,Noviembre,11,YOYO ORIGINAL CAJA X 50 BLANCO,VARIOS,2,130500,1022
131020,2025,Noviembre,11,YOYO ORIGINAL CAJA X 50 NEGRO,VARIOS,0,0,833
131021,2025,Noviembre,11,YOYO ORIGINAL CAJA X 50 ROJO,VARIOS,0,0,0
131022,2025,Noviembre,11,YOYO ORIGINAL CAJA X 50 VERDE,VARIOS,0,0,186
131012,2025,Diciembre,12,ACETATOS CARTA PAQ X 50,VARIOS,1011,8118800,1133
113001,2025,Diciembre,12,BOLSILLO CARNET 60 X 90 MM 175 MIC CAJA X 100,LAMINACION,4,22000,1527
113005,2025,Diciembre,12,BOLSILLO CARTA 225MM X 288MM 125 MIC CAJA X 100,LAMINACION,633,18435000,6078
113006,2025,Diciembre,12,BOLSILLO CARTA 225MM X 288MM 175 MIC CAJA X 100,LAMINACION,167,6536000,1789
113007,2025,Diciembre,12,BOLSILLO CARTA 225MM X 288MM 250 MIC CAJA X 50,LAMINACION,80,2800000,1968
113002,2025,Diciembre,12,BOLSILLO CEDULA 70 X 100 MM 175 MIC CAJA X 100,LAMINACION,121,711750,9809
113008,2025,Diciembre,12,BOLSILLO OFICIO 225MM X 337MM 125 MIC CAJA X 100,LAMINACION,200,7020000,2526
113003,2025,Diciembre,12,BOLSILLO TARJETA PROPIEDAD 80 X 110 MM 175 MIC CAJA X 100,LAMINACION,209,1531810,4103
121009,2025,Diciembre,12,CARATULA CARTA GRAIN PAQ X 50 AZUL,CARATULA,1,13000,2479
121010,2025,Diciembre,12,CARATULA CARTA GRAIN PAQ X 50 NEGRO,CARATULA,0,0,2
121034,2025,Diciembre,12,CARATULA CARTA STRIPE PAQ X 50 AMARILLO,CARATULA,0,0,1740
121017,2025,Diciembre,12,CARATULA CARTA STRIPE PAQ X 50 AZUL T-1,CARATULA,21,265000,1593
121018,2025,Diciembre,12,CARATULA CARTA STRIPE PAQ X 50 AZUL T-2,CARATULA,48,606200,3429
121019,2025,Diciembre,12,CARATULA CARTA STRIPE PAQ X 50 HUMO,CARATULA,29,366600,2813
121020,2025,Diciembre,12,CARATULA CARTA STRIPE PAQ X 50 LILA,CARATULA,20,252000,1585
121021,2025,Diciembre,12,CARATULA CARTA STRIPE PAQ X 50 NARANJA,CARATULA,0,0,1254
121022,2025,Diciembre,12,CARATULA CARTA STRIPE PAQ X 50 ROJO,CARATULA,0,0,2206
121023,2025,Diciembre,12,CARATULA CARTA STRIPE PAQ X 50 TRANSPARENTE,CARATULA,204,2599000,13716
121024,2025,Diciembre,12,CARATULA CARTA STRIPE PAQ X 50 VERDE T-1,CARATULA,0,0,1974
121025,2025,Diciembre,12,CARATULA CARTA STRIPE PAQ X 50 VERDE T-2,CARATULA,1,13000,2536
121032,2025,Diciembre,12,CARATULA LEGAL STRIPE PAQ X 50 TRANSPARENTE,CARATULA,3,199500,737
121030,2025,Diciembre,12,CARATULA OFICIO STRIPE PAQ X 50 TRANSPARENTE,CARATULA,12,172800,4602
121031,2025,Diciembre,12,CARATULA OFICIO STRIPE PAQ X 50 VERDE T-2,CARATULA,0,0,1499
122009,2025,Diciembre,12,CARRETE  2.1   16 MM X 10500 LOOPS BLANCO,ANILLO DOBLE O,30,8776300,17
122010,2025,Diciembre,12,CARRETE  2.1   16 MM X 10500 LOOPS NEGRO,ANILLO DOBLE O,12,3629700,10
122011,2025,Diciembre,12,CARRETE  2.1   16 MM X 10500 LOOPS PLATA,ANILLO DOBLE O,7,2387600,11
122013,2025,Diciembre,12,CARRETE  2.1   19 MM X 7000 LOOPS BLANCO,ANILLO DOBLE O,2,554800,0
122016,2025,Diciembre,12,CARRETE  2.1   19 MM X 7000 LOOPS BRONCE,ANILLO DOBLE O,0,0,2
122014,2025,Diciembre,12,CARRETE  2.1   19 MM X 7000 LOOPS NEGRO,ANILLO DOBLE O,4,1068720,8
122015,2025,Diciembre,12,CARRETE  2.1   19 MM X 7000 LOOPS PLATA,ANILLO DOBLE O,6,1936950,19
122017,2025,Diciembre,12,CARRETE  3.1    8 MM X 60000 LOOPS BLANCO,ANILLO DOBLE O,11,4888000,60
122018,2025,Diciembre,12,CARRETE  3.1    8 MM X 60000 LOOPS NEGRO,ANILLO DOBLE O,0,0,32
122019,2025,Diciembre,12,CARRETE  3.1    8 MM X 60000 LOOPS PLATA,ANILLO DOBLE O,1,533900,0
122020,2025,Diciembre,12,CARRETE  3.1    9 MM X 43000 LOOPS BLANCO,ANILLO DOBLE O,61,21980700,5
122021,2025,Diciembre,12,CARRETE  3.1    9 MM X 43000 LOOPS BRONCE,ANILLO DOBLE O,1,453150,21
122022,2025,Diciembre,12,CARRETE  3.1    9 MM X 43000 LOOPS NEGRO,ANILLO DOBLE O,25,8940500,28
122023,2025,Diciembre,12,CARRETE  3.1    9 MM X 43000 LOOPS PLATA,ANILLO DOBLE O,2,913150,3
122024,2025,Diciembre,12,CARRETE  3.1   11 MM X 32000 LOOPS BLANCO,ANILLO DOBLE O,56,20751603,10
122025,2025,Diciembre,12,CARRETE  3.1   11 MM X 32000 LOOPS NEGRO,ANILLO DOBLE O,13,4862130,35
122026,2025,Diciembre,12,CARRETE  3.1   12 MM X 24000 LOOPS BLANCO,ANILLO DOBLE O,30,9627300,11
122027,2025,Diciembre,12,CARRETE  3.1   12 MM X 24000 LOOPS NEGRO,ANILLO DOBLE O,17,5386500,36
122028,2025,Diciembre,12,CARRETE  3.1   12 MM X 24000 LOOPS PLATA,ANILLO DOBLE O,1,389500,2
122029,2025,Diciembre,12,CARRETE  3.1   14 MM X 19300 LOOPS BLANCO,ANILLO DOBLE O,15,5248800,13
122030,2025,Diciembre,12,CARRETE  3.1   14 MM X 19300 LOOPS NEGRO,ANILLO DOBLE O,0,0,19
122031,2025,Diciembre,12,CARRETE  3.1   14 MM X 19300 LOOPS PLATA,ANILLO DOBLE O,0,0,20
122081,2025,Diciembre,12,DOBLE O CARTA 2.1    8 MM  CAJA X 100 BLANCO,ANILLO DOBLE O,2,49400,505
122082,2025,Diciembre,12,DOBLE O CARTA 2.1    8 MM  CAJA X 100 NEGRO,ANILLO DOBLE O,6,156000,229
122083,2025,Diciembre,12,DOBLE O CARTA 2.1    9 MM  CAJA X 100 BLANCO,ANILLO DOBLE O,10,277200,285
122084,2025,Diciembre,12,DOBLE O CARTA 2.1    9 MM  CAJA X 100 NEGRO,ANILLO DOBLE O,5,140000,152
122085,2025,Diciembre,12,DOBLE O CARTA 2.1   12 MM  CAJA X 100 BLANCO,ANILLO DOBLE O,3,114000,273
122086,2025,Diciembre,12,DOBLE O CARTA 2.1   12 MM  CAJA X 100 NEGRO,ANILLO DOBLE O,5,190000,163
122087,2025,Diciembre,12,DOBLE O CARTA 2.1   14 MM  CAJA X 100 BLANCO,ANILLO DOBLE O,2,96000,4
122088,2025,Diciembre,12,DOBLE O CARTA 2.1   14 MM  CAJA X 100 NEGRO,ANILLO DOBLE O,0,0,38
122089,2025,Diciembre,12,DOBLE O CARTA 2.1   16 MM  CAJA X 50 BLANCO,ANILLO DOBLE O,47,1232500,146
122090,2025,Diciembre,12,DOBLE O CARTA 2.1   16 MM  CAJA X 50 NEGRO,ANILLO DOBLE O,8,223300,169
122091,2025,Diciembre,12,DOBLE O CARTA 2.1   19 MM  CAJA X 50 BLANCO,ANILLO DOBLE O,29,1143050,176
122112,2025,Diciembre,12,DOBLE O CARTA 2.1   19 MM  CAJA X 50 BRONCE,ANILLO DOBLE O,5,189150,21
122092,2025,Diciembre,12,DOBLE O CARTA 2.1   19 MM  CAJA X 50 NEGRO,ANILLO DOBLE O,5,191100,80
122093,2025,Diciembre,12,DOBLE O CARTA 2.1   22 MM  CAJA X 50 BLANCO,ANILLO DOBLE O,12,576000,231
122094,2025,Diciembre,12,DOBLE O CARTA 2.1   22 MM  CAJA X 50 NEGRO,ANILLO DOBLE O,0,0,97
122095,2025,Diciembre,12,DOBLE O CARTA 2.1   25 MM  CAJA X 50 BLANCO,ANILLO DOBLE O,7,388000,313
122096,2025,Diciembre,12,DOBLE O CARTA 2.1   25 MM  CAJA X 50 NEGRO,ANILLO DOBLE O,0,0,220
122097,2025,Diciembre,12,DOBLE O CARTA 2.1   28 MM  CAJA X 30 BLANCO,ANILLO DOBLE O,2,117800,336
122098,2025,Diciembre,12,DOBLE O CARTA 2.1   28 MM  CAJA X 30 NEGRO,ANILLO DOBLE O,0,0,283
122099,2025,Diciembre,12,DOBLE O CARTA 2.1   32 MM  CAJA X 30 BLANCO,ANILLO DOBLE O,0,0,396
122100,2025,Diciembre,12,DOBLE O CARTA 2.1   32 MM  CAJA X 30 NEGRO,ANILLO DOBLE O,0,0,103
122101,2025,Diciembre,12,DOBLE O CARTA 3.1    8 MM   CAJA X 100 BLANCO,ANILLO DOBLE O,2,52000,610
122102,2025,Diciembre,12,DOBLE O CARTA 3.1    8 MM  CAJA X 100 NEGRO,ANILLO DOBLE O,0,0,383
122103,2025,Diciembre,12,DOBLE O CARTA 3.1    9 MM  CAJA X 100 BLANCO,ANILLO DOBLE O,15,357000,383
122104,2025,Diciembre,12,DOBLE O CARTA 3.1    9 MM  CAJA X 100 NEGRO,ANILLO DOBLE O,20,476000,168
122105,2025,Diciembre,12,DOBLE O CARTA 3.1   11 MM  CAJA X 100 BLANCO,ANILLO DOBLE O,21,678000,326
122106,2025,Diciembre,12,DOBLE O CARTA 3.1   11 MM  CAJA X 100 NEGRO,ANILLO DOBLE O,10,323000,127
122108,2025,Diciembre,12,DOBLE O CARTA 3.1   12 MM  CAJA X 100 BLANCO,ANILLO DOBLE O,18,676500,642
122107,2025,Diciembre,12,DOBLE O CARTA 3.1   12 MM  CAJA X 100 NEGRO,ANILLO DOBLE O,1,41000,167
122109,2025,Diciembre,12,DOBLE O CARTA 3.1   12 MM  CAJA X 100 PLATA,ANILLO DOBLE O,0,0,134
122110,2025,Diciembre,12,DOBLE O CARTA 3.1   14 MM  CAJA X 100 BLANCO,ANILLO DOBLE O,0,0,290
122111,2025,Diciembre,12,DOBLE O CARTA 3.1   14 MM  CAJA X 100 NEGRO,ANILLO DOBLE O,0,0,50
112031,2025,Diciembre,12,FOIL S1 (101) 640 MM X 120 MT 12 MIC DORADO,LAMINACION,0,0,0
112032,2025,Diciembre,12,FOIL S1 (120) 640 MM X 120 MT 12 MIC PLATA,LAMINACION,0,0,85
112033,2025,Diciembre,12,FOIL S2 (101) 640 MM X 120 MT 12 MIC DORADO,LAMINACION,16,885000,806
112034,2025,Diciembre,12,FOIL S2 (120) 640 MM X 120 MT 12 MIC PLATA,LAMINACION,13,708000,309
112036,2025,Diciembre,12,FOIL S4 (S15) 640 MM X 120 MT 12 MIC PLATA HOLOGRAFICO,LAMINACION,0,0,94
112035,2025,Diciembre,12,FOIL S4 (SA18) 640 MM X 120 MT 12 MIC DORADO HOLOGRAFICO,LAMINACION,0,0,104
111001,2025,Diciembre,12,ROLLO 113 MM X 60 MTS 175 MICRAS,LAMINACION,56,1625600,962
111002,2025,Diciembre,12,ROLLO 113 MM X 60 MTS 250 MICRAS,LAMINACION,0,0,1
111003,2025,Diciembre,12,ROLLO 226 MM X 60 MTS 125 MICRAS,LAMINACION,3,133400,2305
111004,2025,Diciembre,12,ROLLO 226 MM X 60 MTS 175 MICRAS,LAMINACION,3,193800,256
111005,2025,Diciembre,12,ROLLO 226 MM X 60 MTS 250 MICRAS,LAMINACION,6,513300,113
111007,2025,Diciembre,12,ROLLO 300 MM X 60 MTS 125 MICRAS,LAMINACION,13,771900,298
111008,2025,Diciembre,12,ROLLO 300 MM X 60 MTS 250 MICRAS,LAMINACION,7,782000,201
111018,2025,Diciembre,12,ROLLO 350 MM X 60 MTS 250 MICRAS,LAMINACION,2,234000,143
111010,2025,Diciembre,12,ROLLO 375 MM X 60 MTS 125 MICRAS,LAMINACION,0,0,399
111013,2025,Diciembre,12,ROLLO 375 MM X 75 MTS 75 MICRAS MATTE,PLASTIFICACION,2,120000,98
111019,2025,Diciembre,12,ROLLO 540 MM X 60 MTS 125 MICRAS,PLASTIFICACION,0,0,252
111020,2025,Diciembre,12,ROLLO 540 MM X 60 MTS 175 MICRAS,PLASTIFICACION,0,0,252
111016,2025,Diciembre,12,ROLLO 680 MM X 60 MTS 125 MICRAS BRILLANTE,PLASTIFICACION,4,620000,265
112001,2025,Diciembre,12,ROLLO BOPP BRILLANTE 250 MM X 4000 MT 18 MIC,PLASTIFICACION,15,3483350,33
112002,2025,Diciembre,12,ROLLO BOPP BRILLANTE 300 MM X 4000 MT 18 MIC,PLASTIFICACION,24,6854200,86
112003,2025,Diciembre,12,ROLLO BOPP BRILLANTE 330 MM X 200 MT 23 MIC,PLASTIFICACION,6,390000,157
112006,2025,Diciembre,12,ROLLO BOPP BRILLANTE 345 MM X 4000 MT 18 MIC,PLASTIFICACION,24,8087288,74
112026,2025,Diciembre,12,ROLLO BOPP BRILLANTE 400 MM X 4000 MT 18 MIC,PLASTIFICACION,4,1499950,103
112007,2025,Diciembre,12,ROLLO BOPP BRILLANTE 445 MM X 4000 MT 18 MIC,PLASTIFICACION,10,4162280,46
112008,2025,Diciembre,12,ROLLO BOPP BRILLANTE 495 MM X 4000 MT 18 MIC,PLASTIFICACION,3,1356839,3
112028,2025,Diciembre,12,ROLLO BOPP BRILLANTE 595 MM X 4000 MT 18 MIC,PLASTIFICACION,7,3841760,37
112009,2025,Diciembre,12,ROLLO BOPP BRILLANTE 695 MM X 4000 MT 18 MIC,PLASTIFICACION,9,5914145,31
112024,2025,Diciembre,12,ROLLO BOPP MATE 200 MM X 4000 MT 18 MIC,PLASTIFICACION,7,1210500,91
112010,2025,Diciembre,12,ROLLO BOPP MATE 250 MM X 4000 MT 18 MIC,PLASTIFICACION,32,6937450,71
112011,2025,Diciembre,12,ROLLO BOPP MATE 300 MM X 4000 MT 18 MIC,PLASTIFICACION,20,5278503,52
112012,2025,Diciembre,12,ROLLO BOPP MATE 330 MM X 200 MT 23 MIC,PLASTIFICACION,12,773000,242
112021,2025,Diciembre,12,ROLLO BOPP MATE 330 MM X 4000 MT 18 MIC,PLASTIFICACION,10,2928358,76
112013,2025,Diciembre,12,ROLLO BOPP MATE 330 MM X 500 MT 22 MIC,PLASTIFICACION,1,150000,137
112015,2025,Diciembre,12,ROLLO BOPP MATE 345 MM X 4000 MT 18 MIC,PLASTIFICACION,45,13874724,55
112025,2025,Diciembre,12,ROLLO BOPP MATE 400 MM X 4000 MT 18 MIC,PLASTIFICACION,23,7929943,4
112016,2025,Diciembre,12,ROLLO BOPP MATE 445 MM X 4000 MT 18 MIC,PLASTIFICACION,3,1190161,0
112017,2025,Diciembre,12,ROLLO BOPP MATE 495 MM X 4000 MT 18 MIC,PLASTIFICACION,84,37734209,107
112018,2025,Diciembre,12,ROLLO BOPP MATE 595 MM X 4000 MT 18 MIC,ANILLO DOBLE O,10,5488200,24
112019,2025,Diciembre,12,ROLLO BOPP MATE 695 MM X 4000 MT 18 MIC,ANILLO DOBLE O,7,4432650,0
112020,2025,Diciembre,12,ROLLO HOLOGRAFICO 495 MM X 1500 MT 24 MIC,ANILLO DOBLE O,5,1945000,112
112022,2025,Diciembre,12,ROLLO METALIZADO DORADO 495 MM X 1000 MT 22 MIC,ANILLO DOBLE O,1,312800,67
112023,2025,Diciembre,12,ROLLO METALIZADO PLATA 495 MM X 1000 MT 22 MIC,ANILLO DOBLE O,12,3120000,49
112027,2025,Diciembre,12,ROLLO PIEL DURAZNO 495 MM X 200 MT 28 MIC,ANILLO DOBLE O,0,0,0
112005,2025,Diciembre,12,ROLLO SUPERBONDING BRILLANTE 330 MM X 500 MT 30 MIC,ANILLO DOBLE O,3,601681,29
122041,2025,Diciembre,12,TIRA 2.1 X 64 LOOPS  12MM CAJA X 540 BLANCO,ANILLO DOBLE O,9,4076750,96
122042,2025,Diciembre,12,TIRA 2.1 X 64 LOOPS  12MM CAJA X 540 NEGRO,ANILLO DOBLE O,4,1843000,83
122043,2025,Diciembre,12,TIRA 2.1 X 64 LOOPS  12MM CAJA X 540 PLATA,ANILLO DOBLE O,0,0,45
122044,2025,Diciembre,12,TIRA 2.1 X 64 LOOPS  14MM CAJA X 384 BLANCO,ANILLO DOBLE O,0,0,1
122045,2025,Diciembre,12,TIRA 2.1 X 64 LOOPS  14MM CAJA X 384 NEGRO,ANILLO DOBLE O,0,0,37
122046,2025,Diciembre,12,TIRA 2.1 X 64 LOOPS  14MM CAJA X 384 PLATA,ANILLO DOBLE O,0,0,17
122047,2025,Diciembre,12,TIRA 2.1 X 64 LOOPS  16MM CAJA X 308 BLANCO,ANILLO DOBLE O,39,16150400,22
122048,2025,Diciembre,12,TIRA 2.1 X 64 LOOPS  16MM CAJA X 308 BRONCE,ANILLO DOBLE O,5,2420500,23
122049,2025,Diciembre,12,TIRA 2.1 X 64 LOOPS  16MM CAJA X 308 NEGRO,ANILLO DOBLE O,2,851200,112
122050,2025,Diciembre,12,TIRA 2.1 X 64 LOOPS  16MM CAJA X 308 PLATA,ANILLO DOBLE O,1,489250,21
122051,2025,Diciembre,12,TIRA 2.1 X 64 LOOPS  19MM CAJA X 252 BLANCO,ANILLO DOBLE O,27,12428640,0
122052,2025,Diciembre,12,TIRA 2.1 X 64 LOOPS  19MM CAJA X 252 BRONCE,ANILLO DOBLE O,3,1653000,9
122053,2025,Diciembre,12,TIRA 2.1 X 64 LOOPS  19MM CAJA X 252 NEGRO,ANILLO DOBLE O,27,12345520,25
122054,2025,Diciembre,12,TIRA 2.1 X 64 LOOPS  19MM CAJA X 252 PLATA,ANILLO DOBLE O,6,3248000,7
122055,2025,Diciembre,12,TIRA 2.1 X 64 LOOPS  22MM CAJA X 192 BLANCO,ANILLO DOBLE O,17,7475450,42
122056,2025,Diciembre,12,TIRA 2.1 X 64 LOOPS  22MM CAJA X 192 BRONCE,ANILLO DOBLE O,0,0,17
122057,2025,Diciembre,12,TIRA 2.1 X 64 LOOPS  22MM CAJA X 192 NEGRO,ANILLO DOBLE O,4,1801900,10
122058,2025,Diciembre,12,TIRA 2.1 X 64 LOOPS  22MM CAJA X 192 PLATA,ANILLO DOBLE O,1,504000,18
122059,2025,Diciembre,12,TIRA 2.1 X 64 LOOPS  25MM CAJA X 140 BLANCO,ANILLO DOBLE O,7,2743000,74
122077,2025,Diciembre,12,TIRA 2.1 X 64 LOOPS  25MM CAJA X 140 BRONCE,ANILLO DOBLE O,2,923400,7
122060,2025,Diciembre,12,TIRA 2.1 X 64 LOOPS  25MM CAJA X 140 NEGRO,ANILLO DOBLE O,1,379800,33
122061,2025,Diciembre,12,TIRA 2.1 X 64 LOOPS  25MM CAJA X 140 PLATA,ANILLO DOBLE O,1,437400,10
122062,2025,Diciembre,12,TIRA 2.1 X 64 LOOPS  28MM CAJA X 96 BLANCO,ANILLO DOBLE O,0,0,75
122063,2025,Diciembre,12,TIRA 2.1 X 64 LOOPS  28MM CAJA X 96 NEGRO,ANILLO DOBLE O,0,0,48
122064,2025,Diciembre,12,TIRA 2.1 X 64 LOOPS  28MM CAJA X 96 PLATA,ANILLO DOBLE O,0,0,58
122065,2025,Diciembre,12,TIRA 2.1 X 64 LOOPS  32MM CAJA X 96 BLANCO,ANILLO DOBLE O,7,3471300,58
122066,2025,Diciembre,12,TIRA 2.1 X 64 LOOPS  32MM CAJA X 96 NEGRO,ANILLO DOBLE O,1,495900,47
131008,2025,Diciembre,12,VARILLA MEDIA LUNA  10 CM X 100 BLANCO,ANILLO DOBLE O,6,76700,2001
131007,2025,Diciembre,12,VARILLA MEDIA LUNA  10 CM X 100 NEGRO,ANILLO DOBLE O,20,221000,692
131010,2025,Diciembre,12,VARILLA MEDIA LUNA  15 CM X 100 BLANCO,ANILLO DOBLE O,263,4213450,74
131009,2025,Diciembre,12,VARILLA MEDIA LUNA  15 CM X 100 NEGRO,ANILLO DOBLE O,1,17000,329
131033,2025,Diciembre,12,VARILLA MEDIA LUNA  20 CM X 100 BLANCO,ANILLO DOBLE O,0,0,0
131034,2025,Diciembre,12,VARILLA MEDIA LUNA  20 CM X 100 NEGRO,ANILLO DOBLE O,0,0,199
131018,2025,Diciembre,12,YOYO ORIGINAL CAJA X 50 AZUL,VARIOS,4,261000,794
131019,2025,Diciembre,12,YOYO ORIGINAL CAJA X 50 BLANCO,VARIOS,10,650000,1012
131020,2025,Diciembre,12,YOYO ORIGINAL CAJA X 50 NEGRO,VARIOS,10,651000,823
131021,2025,Diciembre,12,YOYO ORIGINAL CAJA X 50 ROJO,VARIOS,0,0,0
131022,2025,Diciembre,12,YOYO ORIGINAL CAJA X 50 VERDE,VARIOS,0,0,186
